Time,Day_of_week,Age_band_of_driver,Sex_of_driver,Educational_level,Vehicle_driver_relation,Driving_experience,Type_of_vehicle,Area_accident_occured,Lanes_or_Medians,Road_allignment,Types_of_Junction,Road_surface_type,Road_surface_conditions,Light_conditions,Weather_conditions,Type_of_collision,Number_of_vehicles_involved,Vehicle_movement,Casualty_class,Casualty_severity,Pedestrian_movement,Cause_of_accident,Accident_severity
875,6,3,1,1,0,3,5,2,5,7,7,1,3,2,4,8,2,2,3,3,5,12,2
145,0,0,1,4,2,0,0,12,4,5,7,0,0,3,2,2,3,11,0,2,5,1,2
145,0,2,1,4,0,3,5,6,4,5,7,0,0,3,2,8,3,3,0,1,5,12,2
501,5,1,1,1,2,1,5,7,6,5,7,0,0,3,2,8,2,2,0,2,5,2,1
501,5,2,1,4,0,2,5,2,2,4,7,3,0,3,2,2,2,3,1,2,5,10,1
125,3,3,1,4,0,4,8,7,0,5,7,0,0,3,2,2,2,2,0,2,5,10,2
125,3,2,1,4,0,2,8,7,0,5,7,0,0,3,2,8,2,2,1,2,5,3,2
139,2,0,1,2,0,3,0,6,2,1,7,0,0,3,2,8,2,11,3,3,5,3,2
139,2,0,2,4,0,2,7,7,2,5,7,0,0,3,2,2,2,2,0,1,5,9,2
732,0,0,1,1,0,0,6,6,2,5,0,0,0,0,2,8,2,9,0,2,5,16,2
732,0,1,1,4,2,0,0,2,1,5,0,0,0,0,2,8,2,2,1,2,5,10,2
708,3,0,1,4,2,2,9,0,6,3,0,0,0,0,2,8,2,2,1,2,5,9,2
708,3,0,1,4,0,2,3,7,2,7,0,0,0,0,2,8,2,7,3,3,5,10,2
708,3,2,1,2,2,4,0,2,4,5,0,0,0,0,2,6,2,2,0,2,5,12,2
450,5,1,1,4,0,3,11,9,4,5,1,0,0,3,2,8,3,1,3,3,5,12,2
450,5,4,0,4,0,2,8,7,4,5,1,0,0,3,2,8,3,2,0,2,5,0,2
450,5,4,0,4,0,4,5,7,2,5,1,0,0,3,2,1,3,2,3,3,5,10,2
274,3,1,1,4,0,3,0,7,0,5,7,0,0,3,2,8,2,2,0,1,5,5,2
274,3,3,1,4,0,2,10,1,2,5,7,0,0,3,2,8,2,2,0,1,5,0,2
854,0,0,1,4,2,3,0,1,1,5,1,0,3,0,2,8,2,2,3,3,5,1,1
854,0,0,1,4,0,2,11,7,2,5,1,0,3,0,2,8,2,2,0,2,5,4,1
695,6,1,1,4,0,0,9,6,2,5,0,2,3,0,4,2,2,2,1,2,5,2,2
695,6,1,1,4,0,0,0,9,2,5,0,0,3,0,4,8,2,2,0,2,5,16,2
520,5,2,1,4,0,0,5,7,2,5,1,0,0,0,2,8,2,2,3,3,5,1,2
520,5,1,1,2,0,1,0,9,4,3,1,0,0,0,2,8,2,3,0,2,5,1,2
487,6,0,2,2,2,3,8,2,0,5,1,0,3,0,2,8,1,2,0,2,5,9,2
416,3,1,1,1,0,1,9,7,1,5,7,0,0,3,2,2,2,2,1,2,5,9,2
416,3,1,1,4,0,3,0,6,2,7,7,0,0,3,2,8,2,2,0,2,5,0,2
415,4,1,1,2,0,1,0,7,4,5,7,0,3,0,2,2,2,2,0,2,5,9,2
415,4,1,1,4,1,5,0,1,2,3,7,0,3,0,2,8,2,2,1,2,5,10,2
415,4,2,1,4,0,0,14,7,4,5,7,0,3,0,2,6,2,2,1,2,5,9,2
453,0,0,1,4,2,2,7,6,2,5,0,1,0,0,2,8,2,2,3,3,5,1,2
453,0,3,1,4,0,0,7,9,4,5,0,0,0,0,2,8,2,2,0,1,5,0,2
952,1,4,0,4,0,3,7,6,1,5,7,0,3,3,5,8,1,2,3,3,5,12,2
192,5,0,1,4,0,0,10,6,2,5,7,0,0,3,2,8,2,2,0,2,5,10,2
192,5,3,1,4,0,0,5,2,0,5,7,0,0,3,2,8,2,2,1,2,5,12,2
751,0,4,0,4,0,1,9,2,4,5,0,0,3,0,4,1,3,2,0,2,5,5,2
751,0,0,1,2,0,0,0,9,4,5,0,0,3,0,4,6,3,2,3,3,5,1,2
751,0,0,0,4,0,0,0,7,4,5,0,0,3,0,4,8,3,2,0,1,5,10,2
640,5,1,1,1,0,3,14,7,6,5,0,0,0,0,2,6,2,2,2,2,0,10,2
83,0,1,1,1,0,3,5,9,4,5,7,0,0,3,2,8,1,2,3,3,5,1,2
395,1,0,1,4,0,3,5,6,4,5,1,0,3,0,2,8,2,7,2,1,6,1,2
395,1,2,1,4,0,0,11,9,4,5,1,0,3,0,2,4,2,2,2,1,8,5,2
395,1,2,1,4,0,2,9,7,2,5,1,0,3,0,2,8,2,2,3,3,5,9,2
492,3,2,1,2,2,1,7,7,2,5,1,0,3,0,2,2,2,2,0,2,5,0,2
492,3,2,1,4,0,1,9,1,2,5,1,0,3,0,2,8,2,11,0,2,5,11,2
492,3,1,1,4,0,2,7,2,1,5,1,0,3,0,2,8,2,2,0,2,5,10,2
492,3,1,1,4,0,2,9,12,2,5,1,0,3,0,2,8,2,2,3,3,5,10,2
492,3,1,1,4,0,1,14,6,4,5,1,0,3,0,2,1,2,2,0,2,5,0,2
340,4,1,1,1,0,2,5,9,4,5,1,0,3,0,4,8,2,2,0,1,5,3,2
331,0,3,1,4,0,3,13,7,4,5,0,0,3,0,2,7,2,2,3,3,5,10,2
331,0,2,1,6,0,1,5,7,6,3,0,0,3,0,2,6,2,11,3,3,5,0,2
921,4,0,1,4,0,1,5,6,1,3,2,0,3,3,2,2,2,3,0,2,5,9,1
921,4,1,1,2,0,1,11,9,2,5,2,0,3,3,2,8,2,2,2,1,1,10,1
410,1,1,1,4,0,0,0,7,2,5,7,0,0,3,2,8,1,9,2,1,0,11,1
318,1,1,1,2,0,2,0,9,4,5,1,0,3,3,0,2,1,9,2,2,0,0,2
1019,1,2,1,1,0,1,0,2,2,5,5,0,0,3,2,8,2,7,3,3,5,10,2
1019,1,2,1,4,0,0,11,9,2,5,5,0,0,3,2,8,2,7,0,2,5,3,2
1019,1,4,0,1,0,0,4,6,1,5,5,0,0,3,2,8,2,7,0,2,5,12,2
50,0,0,1,2,0,5,8,9,2,5,1,0,3,3,4,6,1,3,3,3,5,1,2
978,4,2,1,4,2,2,4,7,1,5,7,0,3,3,3,6,1,2,3,3,5,9,2
192,4,0,1,4,0,0,8,4,2,5,1,0,3,3,4,1,2,2,0,2,5,12,1
192,4,3,1,4,0,1,13,2,2,5,1,0,3,3,4,7,2,2,0,2,5,11,1
415,6,0,1,4,0,2,4,9,4,3,7,0,3,0,2,8,2,2,1,2,5,0,2
360,6,3,1,4,0,1,5,6,4,5,0,0,3,0,0,1,2,2,3,3,5,9,2
360,6,1,1,4,0,3,7,5,2,7,0,0,3,0,0,8,2,2,0,2,5,1,2
425,5,0,1,4,2,3,7,2,2,3,7,0,0,0,2,8,2,2,3,3,5,1,2
689,2,1,1,1,2,3,7,2,2,3,1,0,3,0,8,2,1,2,2,2,5,9,2
928,1,0,1,4,2,2,10,6,4,5,1,0,3,3,4,2,2,2,0,1,5,3,2
613,3,1,1,4,2,3,5,12,2,5,7,0,0,0,2,8,2,2,0,2,5,11,2
376,6,1,1,1,2,3,5,7,2,5,5,0,3,0,4,8,1,12,0,2,5,10,2
506,5,0,1,4,2,1,5,6,4,5,2,0,3,0,4,2,2,3,2,1,1,0,1
311,1,0,2,4,2,1,15,6,4,5,1,0,3,3,0,8,1,2,0,2,5,9,2
497,6,3,2,2,2,2,5,9,4,5,1,0,3,0,4,7,2,11,0,2,5,10,2
439,1,1,2,1,2,4,14,6,2,5,7,0,0,0,2,8,2,3,1,2,5,10,2
439,1,0,1,4,2,2,5,7,4,5,7,0,0,0,2,8,2,2,3,3,5,10,2
617,6,0,1,4,2,2,5,7,2,5,0,0,3,0,2,8,1,2,0,1,5,0,1
705,0,1,1,4,0,0,0,9,1,5,1,0,0,0,2,8,2,2,2,2,1,3,2
308,0,2,1,4,0,2,15,9,4,6,7,0,3,3,2,8,1,7,0,2,5,10,2
415,6,1,1,4,0,2,5,6,2,5,7,0,0,0,2,8,2,2,2,1,2,1,2
415,6,0,1,4,0,2,7,2,1,5,7,0,0,0,2,8,2,2,3,3,5,10,2
856,2,0,1,4,0,3,0,7,4,5,0,0,3,0,4,8,3,2,0,2,5,5,2
856,2,2,2,4,0,2,11,7,1,5,0,0,3,0,4,8,3,2,2,2,2,0,2
856,2,2,1,4,0,5,14,7,2,5,0,0,3,0,4,8,3,2,0,2,5,7,2
93,4,2,1,0,0,4,0,7,2,5,7,0,3,3,2,8,2,2,1,2,5,14,1
93,4,0,1,1,0,2,5,6,4,5,7,0,3,3,2,2,2,2,0,1,5,3,1
448,6,0,2,1,0,2,7,6,3,5,7,0,0,0,2,8,2,2,3,3,5,16,2
448,6,0,1,4,0,2,10,9,4,5,7,0,0,0,2,1,2,12,3,3,5,10,2
448,6,0,1,2,0,2,7,6,1,5,7,0,0,0,2,7,2,2,0,1,5,17,2
405,0,1,1,4,0,2,7,9,2,5,7,0,0,0,2,2,1,2,0,2,5,3,2
43,1,0,1,4,0,1,12,6,4,5,0,0,3,3,4,8,2,2,0,2,5,11,2
43,1,2,1,6,0,2,5,7,2,5,0,0,3,3,4,8,2,2,1,2,5,10,2
71,1,1,1,4,0,3,5,6,1,5,7,0,3,3,4,8,2,2,3,3,5,12,2
71,1,1,1,4,0,0,8,12,4,5,7,0,3,3,4,8,2,2,0,2,5,7,2
501,0,0,1,6,0,4,4,9,1,5,7,0,3,0,4,8,1,2,1,2,5,11,1
458,2,0,1,1,0,0,0,6,4,5,7,0,3,0,4,6,2,2,0,2,5,1,2
458,2,0,1,4,0,2,0,9,4,5,7,0,3,0,4,2,2,2,3,3,5,9,2
460,2,2,1,1,0,3,8,6,4,5,0,0,3,2,4,8,1,2,0,2,5,0,1
450,6,0,1,4,0,2,0,9,1,5,7,0,3,0,4,2,1,2,3,3,5,10,2
555,1,0,1,1,0,1,7,7,6,5,7,0,0,0,2,8,2,2,1,2,5,3,2
555,1,1,1,4,0,1,5,7,2,5,7,0,0,0,2,8,2,2,3,3,5,5,2
649,4,1,1,4,0,3,10,6,2,5,1,0,3,0,4,8,1,9,1,1,5,3,1
649,4,1,1,4,0,1,8,6,2,5,1,0,3,0,4,8,1,7,2,2,5,3,1
197,1,2,2,4,2,4,14,9,2,5,7,0,0,3,2,8,2,3,2,2,5,1,2
197,1,2,1,4,0,1,7,7,2,5,7,0,0,3,2,2,2,2,3,3,5,10,2
807,4,1,1,4,0,3,8,7,4,5,7,0,3,0,2,8,1,3,0,2,5,3,2
240,0,1,1,4,0,1,10,6,2,5,7,0,0,3,2,2,2,2,3,3,5,11,2
240,0,2,1,1,0,3,9,6,2,5,7,0,0,3,2,8,2,2,0,2,5,10,2
433,4,1,1,1,0,3,5,2,4,5,3,0,0,0,2,8,1,2,2,1,0,9,1
180,3,2,2,1,1,3,8,7,1,5,0,2,0,3,2,8,2,2,3,3,5,9,2
180,3,1,1,4,0,3,5,6,4,5,0,0,0,3,2,8,2,2,0,2,5,12,2
231,5,0,1,4,0,4,8,6,2,5,1,0,0,3,2,8,2,11,3,3,5,10,2
231,5,1,1,1,0,2,3,9,2,5,1,0,0,3,2,8,2,2,0,2,5,9,2
162,5,0,2,4,0,3,7,9,2,5,0,0,0,3,2,8,3,2,3,3,5,9,2
162,5,1,1,4,2,1,10,6,4,5,0,0,0,3,2,8,3,2,3,3,5,3,2
953,6,0,1,4,0,3,13,7,4,5,7,0,0,3,2,8,3,2,2,1,5,1,1
953,6,0,1,6,0,1,5,7,6,3,7,0,0,3,2,6,3,3,0,2,5,10,1
953,6,2,1,4,0,1,5,6,1,3,7,0,0,3,2,2,3,2,3,3,5,9,1
143,0,2,1,2,0,1,11,9,2,5,7,0,3,3,8,8,3,9,3,3,5,3,2
143,0,2,1,4,0,0,0,7,2,5,7,0,3,3,8,8,3,2,2,2,5,10,2
143,0,1,1,2,0,2,0,9,4,5,7,0,3,3,8,2,3,2,0,2,5,12,2
183,4,1,1,1,0,1,0,2,2,5,0,0,0,3,2,8,2,11,3,3,5,1,2
183,4,1,1,4,0,0,11,9,2,5,0,0,0,3,2,8,2,2,0,2,5,9,2
97,3,3,1,1,0,0,4,6,1,5,0,0,3,3,2,8,3,2,0,2,5,5,2
97,3,0,1,2,0,5,8,9,2,5,0,0,3,3,2,6,3,2,3,3,5,1,2
97,3,1,1,4,2,2,4,7,1,5,0,0,3,3,2,6,3,2,0,2,5,12,2
97,3,1,2,4,0,0,8,4,2,5,0,0,3,3,2,1,3,7,2,2,6,0,2
63,1,2,1,4,0,1,13,2,2,5,1,0,3,3,2,8,1,2,3,3,5,3,1
705,4,1,1,4,0,2,4,9,4,3,0,0,0,2,0,8,2,3,0,1,5,11,2
432,0,1,1,4,0,1,5,6,4,5,3,0,3,0,2,1,2,2,3,3,5,6,2
147,5,2,1,4,0,3,7,5,2,7,7,0,3,3,2,8,2,2,0,2,5,0,2
147,5,1,1,4,2,3,7,2,2,3,7,0,3,3,2,8,2,2,0,1,5,0,2
930,5,0,1,1,2,3,7,2,2,3,7,0,0,3,2,2,3,2,0,2,5,0,1
405,5,0,1,4,2,2,10,6,4,5,1,0,3,0,2,2,1,3,3,3,5,11,1
450,6,4,0,4,2,3,5,12,2,5,0,0,0,0,2,8,1,2,0,2,5,0,2
463,0,4,0,1,2,3,5,7,2,5,7,0,0,0,2,8,2,2,1,2,5,12,1
520,5,1,1,4,2,1,5,6,4,5,7,0,3,0,3,2,2,2,0,2,5,16,2
520,5,1,1,4,2,1,15,6,4,5,7,0,3,0,3,8,2,2,3,3,5,0,2
520,5,1,1,2,2,2,5,9,4,5,7,0,3,0,3,8,2,2,0,1,5,1,2
238,5,3,1,1,2,4,14,6,2,5,1,0,3,3,2,8,1,10,0,2,5,12,1
357,1,1,1,4,2,2,5,7,4,5,5,0,3,1,2,8,2,2,3,3,5,1,2
357,1,1,1,4,2,2,5,7,2,5,5,0,3,1,2,8,2,10,3,3,5,9,2
979,4,2,1,4,0,0,0,9,1,5,7,0,3,3,3,8,2,2,1,2,5,11,2
761,4,1,2,4,0,2,15,9,4,6,1,0,3,0,3,8,1,12,3,3,5,12,2
907,6,2,1,4,0,2,5,6,2,5,0,0,3,0,8,8,2,2,3,3,5,10,2
907,6,1,1,4,0,2,7,2,1,5,0,0,3,0,8,8,2,2,0,2,5,10,2
126,6,2,1,4,0,3,0,7,4,5,7,0,0,3,2,8,1,2,1,2,5,9,0
477,4,2,1,4,0,2,11,7,1,5,5,0,3,0,4,8,2,2,2,2,5,1,1
477,4,3,1,4,0,5,14,7,2,5,5,0,3,0,4,8,2,3,0,2,5,11,1
273,2,1,1,0,0,4,0,7,2,5,7,0,0,3,7,8,2,2,0,2,5,9,2
273,2,0,1,1,0,2,5,6,4,5,7,0,0,3,7,2,2,2,3,3,5,7,2
765,2,4,0,1,0,2,7,6,3,5,1,0,0,0,2,8,1,3,0,2,5,16,2
420,6,2,1,4,0,2,10,9,4,5,7,0,3,0,7,1,1,1,0,2,5,14,1
111,2,0,1,2,0,2,7,6,1,5,7,0,0,3,2,8,2,7,0,2,5,1,2
111,2,2,2,4,0,2,7,9,2,5,7,0,0,3,2,2,2,9,1,2,5,8,2
111,2,2,1,4,0,1,12,6,4,5,7,0,0,3,2,8,2,2,0,2,5,13,2
111,2,2,1,6,0,2,5,7,2,5,7,0,0,3,2,8,2,2,3,3,5,0,2
54,3,2,1,4,0,3,5,6,1,5,7,0,0,3,2,8,2,2,0,2,5,1,2
54,3,1,2,4,0,0,8,12,4,5,7,0,0,3,2,8,2,2,3,3,5,11,2
54,3,1,1,6,0,4,4,9,1,5,7,0,0,3,2,8,2,2,0,2,5,15,2
467,5,1,1,1,0,0,0,6,4,5,7,0,3,0,4,6,2,2,1,2,5,0,2
467,5,0,1,4,0,2,0,9,4,5,7,0,3,0,4,2,2,3,3,3,5,12,2
222,6,2,1,4,0,0,4,6,4,5,2,0,0,3,2,8,2,7,0,2,5,1,2
222,6,2,1,1,2,2,6,6,2,5,2,0,0,3,2,8,2,9,0,2,5,10,2
222,6,1,2,4,0,1,5,9,4,5,2,0,0,3,2,2,2,2,3,3,5,11,2
315,5,0,1,4,2,4,14,7,2,5,1,0,0,3,2,8,1,2,0,2,5,10,2
1024,4,2,1,6,0,2,0,4,4,5,7,0,0,3,2,8,1,2,0,2,5,12,2
130,1,4,0,6,0,2,7,6,2,5,7,0,0,3,2,8,3,2,0,2,5,13,2
130,1,0,2,4,0,2,7,1,2,5,7,0,0,3,2,8,3,2,0,2,5,3,2
130,1,0,1,4,0,1,15,9,2,5,7,0,0,3,2,8,3,2,1,2,5,0,2
66,6,3,1,4,0,3,0,9,4,5,1,0,3,3,2,8,2,2,0,2,5,3,1
66,6,3,1,4,0,2,3,2,4,3,1,0,3,3,2,1,2,2,3,3,5,0,1
66,6,1,1,4,0,3,3,9,4,5,1,0,3,3,2,8,2,2,3,3,5,12,1
492,4,1,1,4,0,4,5,7,4,5,7,0,0,0,2,8,2,2,0,2,5,1,2
492,0,1,1,4,0,4,4,7,3,5,7,0,0,0,2,8,2,2,3,3,5,1,2
492,0,0,1,4,2,2,0,2,3,5,7,0,0,0,2,8,2,2,3,3,5,2,2
134,0,1,1,4,0,1,15,7,3,5,7,0,0,3,2,8,1,2,3,3,5,10,2
134,0,1,1,1,0,4,7,2,3,5,7,0,0,3,2,8,1,2,2,2,6,1,2
907,6,1,1,4,0,2,0,7,4,5,1,0,3,0,3,8,2,2,3,3,5,7,2
6,1,0,1,2,0,3,0,7,4,5,7,0,3,0,2,8,2,2,0,2,5,13,2
6,1,1,1,2,0,3,0,12,6,5,7,0,3,0,2,8,2,2,3,3,5,13,2
561,2,0,0,4,0,2,11,9,4,5,2,0,3,0,2,2,2,2,0,2,5,10,1
561,2,1,1,1,0,0,4,7,2,5,2,0,3,0,2,8,2,2,3,3,5,12,1
520,6,1,2,1,0,2,5,6,4,5,7,0,0,0,2,2,2,2,0,2,5,16,2
520,6,3,1,4,0,2,5,9,4,5,7,0,0,0,2,8,2,2,1,2,5,11,2
139,4,4,0,4,0,0,14,7,1,3,1,0,3,3,2,8,2,2,2,2,5,10,2
717,0,0,1,2,2,3,0,9,4,5,1,0,0,0,2,1,1,2,0,1,5,3,2
903,0,1,1,6,2,2,6,7,6,5,7,0,0,3,2,8,2,2,0,2,5,16,1
903,0,1,1,0,0,3,0,7,4,5,7,0,0,3,2,8,2,2,0,2,5,13,1
741,2,4,0,2,0,4,8,7,1,5,7,0,0,0,2,1,2,2,0,2,5,4,1
741,2,0,1,4,0,0,6,3,4,5,7,0,0,0,2,2,2,2,1,2,5,2,1
308,6,1,1,4,2,3,5,9,1,5,7,0,0,3,2,8,2,2,0,2,5,1,1
219,2,1,1,3,2,0,0,7,6,5,3,0,0,3,2,8,2,7,2,2,5,0,1
219,2,0,1,4,2,4,9,6,0,5,3,0,0,3,2,8,2,2,2,2,1,11,1
173,0,2,1,4,2,0,4,9,2,5,3,0,0,3,2,2,2,2,3,3,5,16,1
173,0,0,1,4,2,1,8,6,0,1,3,0,0,3,2,2,2,2,0,0,5,3,1
323,0,2,1,5,2,2,5,6,0,5,1,0,0,3,2,8,4,2,3,3,5,12,2
323,0,1,1,5,2,3,7,7,0,5,1,0,0,3,2,8,4,2,0,2,5,11,2
323,0,1,1,4,2,1,0,6,2,5,1,0,0,3,2,8,4,9,3,3,5,1,2
323,0,1,1,6,2,2,4,6,1,5,1,3,0,3,2,8,4,2,1,2,5,1,2
799,2,3,1,4,2,4,15,9,2,1,1,0,0,0,2,2,2,2,3,3,5,17,0
799,2,0,1,4,2,1,15,2,2,5,1,0,0,0,2,1,2,2,3,3,5,3,0
184,6,2,1,1,0,1,3,7,2,5,1,0,0,3,2,8,2,9,2,2,1,10,2
184,6,0,1,4,0,1,4,9,2,5,1,0,0,3,2,8,2,2,3,3,5,3,2
1014,2,0,1,4,0,1,4,7,4,5,1,0,3,3,2,8,3,2,0,2,5,0,2
1014,2,1,1,4,0,2,3,9,4,5,1,0,3,3,2,8,3,7,3,3,5,12,2
1014,2,0,1,4,0,2,16,9,2,5,1,0,3,3,2,8,3,2,0,2,5,1,2
534,2,0,1,4,0,3,3,7,2,5,7,1,3,0,2,8,2,2,2,2,0,10,1
534,2,2,1,1,0,2,3,7,2,5,7,0,3,0,2,8,2,7,3,3,5,9,1
534,2,2,1,4,0,2,10,7,4,5,7,0,3,0,2,2,2,2,0,1,5,9,1
104,6,1,1,4,0,3,0,7,0,5,1,0,3,3,2,6,2,3,3,3,5,10,2
104,6,0,1,4,2,2,8,1,4,5,1,0,3,3,2,1,2,2,2,2,6,10,2
695,4,0,2,4,0,4,14,6,4,5,0,0,3,0,4,8,3,2,0,2,5,3,2
425,2,0,1,4,0,2,0,6,4,5,7,0,0,3,2,1,1,2,0,2,5,0,1
288,2,1,1,4,0,2,0,6,1,5,7,0,0,3,2,8,2,2,3,3,5,3,2
288,2,1,1,4,0,3,3,6,4,5,7,0,0,3,2,8,2,2,0,2,5,3,2
288,2,1,1,2,0,3,10,7,4,5,7,0,0,3,2,8,2,2,1,2,5,10,2
487,4,0,1,4,0,3,10,7,0,5,1,0,0,0,2,8,2,2,2,2,0,13,2
487,4,0,1,4,0,3,4,6,3,5,1,0,0,0,2,8,2,2,3,3,5,1,2
848,5,0,1,4,0,3,4,9,6,5,1,0,0,0,2,2,2,2,0,2,5,1,2
848,5,0,1,4,0,3,8,1,4,5,1,0,0,0,2,8,2,6,3,3,5,10,2
555,4,2,1,4,0,2,0,7,6,5,7,0,3,0,4,8,1,2,0,2,5,10,2
273,6,1,1,4,0,1,0,9,6,5,3,0,0,3,2,8,3,2,0,2,5,17,2
273,6,2,1,4,0,4,0,7,6,5,3,0,0,3,2,8,3,2,3,3,5,2,2
273,6,2,1,4,0,4,3,7,6,5,3,0,0,3,2,8,3,2,3,3,5,12,2
385,5,0,1,4,0,1,3,7,1,5,0,0,0,3,2,8,2,2,0,1,5,11,2
385,5,0,1,1,0,4,0,7,2,5,0,0,0,3,2,8,2,2,1,2,5,12,2
385,5,0,1,4,0,4,14,7,6,5,0,0,0,3,2,8,2,9,0,2,5,13,2
223,4,1,1,6,0,4,13,6,2,5,1,0,0,3,2,8,2,11,0,2,5,10,1
112,5,0,1,4,0,4,5,6,2,5,1,0,0,3,2,8,1,3,3,3,5,9,2
969,0,0,1,1,0,3,4,12,4,5,7,0,3,3,2,8,3,3,3,3,5,3,2
969,0,0,1,1,0,3,5,6,2,5,7,0,3,3,2,8,3,9,3,3,5,10,2
453,6,0,1,1,0,4,6,6,2,5,1,0,0,3,2,2,3,2,0,2,5,13,2
453,6,1,1,2,0,1,0,12,2,5,1,0,0,3,2,8,3,2,1,2,5,1,2
1019,0,2,1,0,0,3,0,7,2,5,1,0,0,3,2,8,2,2,3,3,5,3,2
1019,0,1,1,4,0,1,14,7,4,5,1,0,0,3,2,8,2,2,3,3,5,10,2
1023,5,1,1,2,0,0,11,9,4,5,7,0,0,3,2,8,3,2,1,2,5,1,2
1023,5,1,1,4,0,2,11,7,4,5,7,0,0,3,2,8,3,7,1,2,5,11,2
1023,5,0,1,4,0,4,14,7,4,5,7,0,0,3,2,8,3,2,3,3,5,12,2
501,4,0,1,4,0,4,0,4,4,5,7,0,0,3,2,8,1,2,0,2,5,0,2
549,3,1,1,4,0,4,0,2,2,5,1,0,0,3,2,8,3,9,3,3,5,4,1
549,3,2,1,4,0,0,5,6,2,5,1,0,0,3,2,8,3,7,0,2,5,3,1
549,3,3,1,1,0,1,0,7,2,5,1,0,0,3,2,8,3,2,0,2,5,4,1
158,4,2,1,2,0,0,10,6,4,5,7,0,0,3,2,1,2,2,3,3,5,3,2
158,4,1,1,4,0,2,13,6,2,5,7,0,0,3,2,8,2,9,0,2,5,11,2
520,4,0,1,4,0,4,0,7,2,5,1,0,0,3,2,8,2,3,3,3,5,3,2
520,4,1,1,2,0,3,10,9,4,5,1,0,0,3,2,8,2,2,1,2,5,1,2
599,0,4,0,1,0,4,5,9,6,5,1,0,0,3,2,2,1,2,0,2,5,3,1
599,0,4,0,4,0,2,5,12,2,5,1,0,0,3,2,8,1,7,1,2,5,1,1
237,3,1,1,1,2,2,9,6,2,2,1,0,0,3,2,8,1,2,3,3,5,3,1
143,0,0,1,4,0,1,5,7,6,5,5,0,0,3,2,8,2,2,0,2,5,3,2
143,0,0,1,4,0,3,5,7,4,5,5,0,0,3,2,8,2,2,3,3,5,3,2
143,0,0,1,4,0,2,9,2,6,5,5,0,0,3,2,8,2,6,1,2,5,1,2
143,0,1,2,2,0,0,11,6,2,5,5,0,0,3,2,8,2,2,3,3,5,1,2
410,6,2,1,1,0,2,0,7,2,5,7,0,3,3,8,8,2,2,2,2,6,3,1
410,6,1,1,1,0,1,8,6,2,6,7,0,3,3,8,2,2,11,3,3,5,16,1
633,2,0,1,4,0,4,14,6,2,5,0,0,0,0,2,8,2,2,0,2,5,1,2
633,2,1,1,4,0,4,7,6,2,2,0,0,0,0,2,8,2,2,1,2,5,10,2
535,5,2,1,4,2,2,0,6,4,1,1,0,0,3,2,8,2,2,2,1,6,1,2
535,5,1,1,1,0,0,14,7,0,1,1,0,0,3,2,6,2,5,3,3,5,1,2
1028,1,2,1,1,0,3,5,2,5,7,1,1,0,3,2,8,2,7,3,3,5,13,2
520,4,0,1,4,2,0,0,12,4,5,1,0,0,3,2,2,1,2,0,2,5,4,2
64,3,1,1,4,0,3,5,6,4,5,3,0,0,3,2,8,2,11,3,3,5,12,2
170,3,1,2,1,2,1,5,7,6,5,5,0,0,3,2,8,2,2,0,2,5,9,1
170,3,1,1,4,0,2,5,2,2,4,5,3,0,3,2,2,2,3,0,1,5,13,1
170,3,2,1,4,0,4,8,7,0,5,5,0,0,3,2,2,2,2,3,3,5,12,1
293,3,0,1,4,0,2,8,7,0,5,7,0,0,3,2,8,2,3,3,3,5,11,2
293,3,1,1,2,0,3,0,6,2,1,7,0,0,3,2,8,2,2,0,2,5,1,2
293,3,1,1,4,0,2,7,7,2,5,7,0,0,3,2,2,2,2,2,2,1,1,2
632,2,0,1,1,0,0,6,6,2,5,7,0,0,0,2,8,3,2,0,1,5,0,2
632,2,1,1,4,2,0,0,2,1,5,7,0,0,0,2,8,3,2,2,2,3,9,2
632,2,0,1,4,2,2,9,0,6,3,7,0,0,0,2,8,3,2,3,3,5,9,2
97,5,0,1,4,0,3,11,6,4,5,7,0,0,3,2,8,2,2,0,2,5,13,2
424,0,1,1,4,0,2,11,6,6,6,1,2,0,3,2,8,2,1,3,3,5,1,2
917,2,0,1,4,0,1,0,9,6,5,0,0,0,3,2,8,2,2,1,2,5,10,2
917,2,0,1,4,0,3,5,4,6,5,0,2,0,3,2,3,2,2,0,2,5,9,2
930,6,2,1,4,0,0,0,9,4,5,1,0,3,3,2,3,3,2,3,3,5,10,2
930,6,1,1,0,2,0,10,9,6,5,1,0,3,3,2,0,3,2,0,2,5,9,2
930,6,0,1,0,0,5,0,6,4,5,1,2,3,3,2,0,3,2,0,2,5,11,2