Time,Day_of_week,Age_band_of_driver,Sex_of_driver,Educational_level,Vehicle_driver_relation,Driving_experience,Type_of_vehicle,Area_accident_occured,Lanes_or_Medians,Road_allignment,Types_of_Junction,Road_surface_type,Road_surface_conditions,Light_conditions,Weather_conditions,Type_of_collision,Number_of_vehicles_involved,Vehicle_movement,Casualty_class,Casualty_severity,Pedestrian_movement,Cause_of_accident,Accident_severity
507,2,4,0,4,0,0,11,6,0,0,7,0,0,3,2,0,1,2,3,3,5,0,2
503,4,0,1,4,0,2,5,6,6,5,7,0,0,3,2,0,1,2,0,2,5,10,2
969,3,1,1,4,0,3,0,6,4,0,0,0,0,3,2,0,2,2,1,2,5,13,1
969,3,1,1,4,0,3,4,6,1,5,0,0,0,3,2,0,2,3,1,2,5,10,1
677,4,3,1,4,2,2,10,6,4,5,0,0,0,0,2,0,2,2,3,3,5,11,2
677,4,3,1,1,0,1,10,6,6,5,0,0,0,0,2,0,2,2,3,3,5,9,2
511,4,3,1,4,0,4,3,9,1,5,7,0,0,3,7,0,2,2,2,1,5,10,2
688,2,0,1,4,0,1,5,7,1,5,0,0,0,0,2,0,2,2,1,2,5,11,2
688,2,0,1,4,0,1,4,2,4,5,0,0,0,0,2,0,2,2,3,3,5,9,2
450,0,2,1,1,0,2,5,1,6,5,1,0,3,3,4,5,2,2,3,3,5,16,2
450,0,1,1,4,0,3,9,4,4,5,1,0,3,3,4,6,2,2,0,2,5,0,2
954,3,2,1,4,0,1,15,9,6,8,7,0,3,3,2,6,2,2,0,2,5,16,2
201,1,1,1,0,0,1,0,0,4,5,1,0,3,3,2,0,2,2,0,2,5,13,2
242,3,3,1,4,0,1,0,9,3,5,7,0,0,3,2,3,2,2,2,2,3,9,2
242,3,3,1,4,0,3,0,9,4,5,7,0,0,3,2,3,2,2,1,2,5,0,2
430,2,0,1,4,0,4,5,7,4,5,5,0,0,3,2,6,1,2,3,3,5,11,2
385,3,1,1,4,0,1,0,9,6,5,1,0,0,3,2,0,1,7,3,3,5,10,2
974,5,1,1,4,0,4,0,10,4,1,0,0,0,3,2,0,1,2,3,3,5,12,2
499,6,0,1,2,0,2,0,10,4,1,7,0,0,3,2,4,2,2,0,2,5,10,2
499,6,1,1,0,0,0,15,6,0,5,7,0,0,3,2,3,2,2,0,2,5,10,2
921,0,1,1,2,0,4,0,5,6,5,0,0,0,3,2,1,2,2,3,3,5,11,1
445,4,0,1,2,0,4,8,9,6,5,1,0,0,3,2,8,1,2,0,2,5,9,1
348,5,1,1,2,0,1,0,6,4,5,0,0,3,3,2,1,2,2,3,3,5,16,2
8,3,4,0,4,0,3,9,6,2,7,0,0,0,0,2,8,2,2,0,2,5,14,2
8,3,3,1,4,0,3,10,6,2,0,0,3,0,0,2,2,2,11,0,2,5,1,2
415,4,0,1,4,0,2,4,7,4,7,1,0,0,3,2,8,2,3,3,3,5,8,0
415,4,0,1,4,0,0,14,7,4,5,1,0,0,3,2,8,2,2,0,1,5,13,0
300,6,0,1,5,0,4,12,9,2,5,1,0,0,3,2,8,2,9,0,2,5,0,1
300,6,1,1,4,0,4,14,7,2,5,1,0,0,3,2,6,2,9,3,3,5,1,1
947,0,2,1,2,0,1,0,7,4,6,3,0,0,3,2,8,2,7,0,2,5,11,2
947,0,1,1,4,2,0,0,7,2,5,3,0,0,3,2,8,2,7,3,3,5,15,2
323,4,1,2,4,0,2,7,7,4,5,0,0,0,3,2,8,2,7,3,3,5,0,2
323,4,0,1,1,0,1,15,7,0,6,0,0,0,3,2,1,2,3,2,2,6,12,2
908,4,0,0,1,2,2,0,7,2,5,7,0,0,3,2,8,2,2,3,3,5,1,1
908,4,1,1,4,0,3,14,2,2,5,7,0,0,3,2,2,2,2,0,2,5,10,1
442,1,1,2,4,0,2,0,7,4,5,0,0,3,3,2,8,2,2,2,1,6,11,2
442,1,1,1,2,0,2,9,4,2,5,0,0,3,3,2,6,2,2,2,2,6,10,2
443,4,1,1,4,0,3,0,7,2,5,7,0,0,3,2,8,2,2,3,3,5,13,2
419,0,0,1,4,0,0,11,4,0,5,3,0,0,3,2,8,3,2,0,2,5,3,2
419,0,0,1,1,0,2,9,3,2,5,3,0,0,3,2,8,3,2,0,2,5,12,2
97,3,2,1,4,0,2,9,6,1,5,0,2,0,3,2,8,2,2,3,3,5,10,2
97,3,1,1,4,0,3,0,2,4,5,0,0,0,3,2,2,2,2,0,2,5,1,2
701,3,2,1,4,0,1,5,7,2,0,1,3,0,0,2,8,3,2,0,2,5,10,2
701,3,3,1,1,1,2,9,6,4,5,1,0,0,0,2,8,3,2,0,2,5,1,2
732,1,0,1,4,0,2,0,6,4,6,7,2,0,0,2,8,2,2,3,3,5,13,2
732,1,0,1,1,0,3,0,9,4,5,7,0,0,0,2,8,2,2,3,3,5,13,2
167,1,0,1,4,0,2,9,6,0,5,1,0,3,3,4,8,2,7,0,2,5,12,2
130,6,2,1,1,0,0,4,6,4,7,0,0,0,3,2,8,2,3,0,2,5,16,2
220,5,1,1,2,2,1,0,2,4,5,0,0,0,3,2,8,2,2,0,2,5,1,2
220,5,0,1,4,0,0,4,4,4,5,0,0,0,3,2,1,2,2,2,0,6,3,2
415,1,0,2,4,0,0,5,6,0,5,0,0,0,3,2,2,2,2,2,2,6,1,2
415,1,1,1,0,2,1,8,2,4,5,0,0,0,3,2,2,2,2,0,2,5,16,2
969,1,1,1,1,2,1,14,6,6,5,1,0,0,3,2,6,2,11,3,3,5,4,1
625,2,1,1,4,0,0,7,9,2,5,7,0,0,3,2,8,3,2,0,2,5,2,2
625,2,0,1,4,0,4,4,9,4,5,7,0,0,3,2,8,3,2,1,1,5,1,2
928,1,1,1,4,0,2,0,6,0,5,7,0,3,3,4,8,2,2,0,2,5,13,2
435,0,1,1,4,0,3,5,7,2,5,1,2,0,3,2,8,2,2,2,2,6,12,1
435,0,0,1,1,0,1,7,7,2,5,1,0,0,3,2,8,2,3,2,2,5,0,1
921,0,0,1,1,2,3,5,9,2,5,1,0,0,3,2,8,2,2,3,3,5,11,2
921,0,1,2,4,0,0,0,2,2,5,1,0,0,3,2,2,2,9,0,2,5,16,2
921,0,1,1,4,0,2,8,2,0,5,1,0,0,3,2,8,2,2,0,2,5,3,2
730,0,4,0,4,0,1,5,9,0,5,1,4,0,0,2,8,2,2,3,3,5,12,2
730,0,1,1,4,0,1,10,6,2,6,1,3,0,0,2,8,2,11,3,3,5,11,2
1014,4,1,1,4,0,1,3,6,2,6,1,3,0,3,2,8,2,2,0,1,5,1,2
1014,4,2,1,4,0,1,0,9,2,5,1,0,0,3,2,1,2,2,0,2,5,9,2
430,2,1,1,4,0,3,0,2,6,5,7,0,0,3,2,8,1,2,0,2,5,16,2
405,5,0,1,4,0,3,7,7,2,5,7,2,0,3,2,8,2,2,0,2,5,0,2
283,6,2,1,4,0,3,7,2,4,5,7,0,0,3,2,8,2,2,0,2,5,1,2
380,5,0,2,4,0,2,7,7,4,5,1,0,0,3,2,8,2,2,0,2,5,9,2
380,5,1,1,4,0,3,9,7,1,5,1,0,0,3,2,8,2,2,3,3,5,0,2
167,4,0,1,1,0,4,5,9,2,5,7,0,0,3,2,8,2,9,0,2,5,11,2
167,4,1,1,1,0,2,7,6,1,5,7,0,0,3,2,8,2,2,3,3,5,10,2
371,5,1,1,1,0,0,9,4,2,5,7,0,0,3,2,8,2,2,0,2,5,12,2
371,5,2,1,1,0,2,7,9,0,5,7,0,0,3,2,8,2,3,3,3,5,10,2
451,6,0,1,1,0,2,4,6,5,5,1,0,0,3,2,8,1,2,2,2,6,10,1
984,0,2,1,1,0,2,7,2,6,5,1,0,0,3,2,8,1,2,1,2,5,1,2
944,5,1,1,4,0,3,8,1,1,5,1,0,0,3,2,8,2,2,0,2,5,9,2
944,5,1,1,4,0,3,0,0,4,5,1,0,0,3,2,2,2,2,2,2,4,7,2
903,4,0,1,1,0,4,7,7,2,5,1,0,0,3,2,8,2,9,0,2,5,16,2
903,4,0,1,1,0,2,5,7,2,5,1,0,0,3,2,8,2,3,3,3,5,14,2
903,4,1,1,1,0,1,0,7,2,5,1,0,0,3,2,2,2,2,0,2,5,8,2
546,1,0,2,1,0,3,8,6,6,5,0,0,3,3,4,8,1,2,0,2,5,13,2
405,0,1,1,4,0,3,9,6,2,5,0,0,0,3,2,8,2,2,1,2,5,1,2
405,0,1,1,4,0,4,7,6,4,5,0,0,0,3,2,8,2,2,0,1,5,11,2
405,0,1,1,4,0,1,5,7,6,5,0,0,0,3,2,2,2,2,2,1,3,15,2
405,0,1,1,1,0,2,8,7,6,5,0,0,0,3,2,8,2,6,2,1,6,0,2
405,0,1,1,1,0,2,7,7,4,5,0,0,0,3,2,8,2,2,3,3,5,12,2
405,0,0,1,1,0,0,5,7,6,5,0,4,0,3,2,8,2,2,0,2,5,1,2
237,2,0,1,4,0,0,0,2,4,5,7,0,0,3,2,8,2,2,0,2,5,11,2
430,0,1,1,1,2,0,14,2,6,5,0,0,0,3,2,8,2,8,0,2,5,12,1
1028,6,0,1,4,0,2,7,7,2,5,1,0,0,3,2,8,2,2,0,2,5,13,2
349,0,0,1,4,0,1,5,12,6,3,0,0,3,3,4,8,2,2,0,2,5,0,2
349,0,3,1,4,0,2,3,6,2,6,0,2,3,3,4,8,2,7,3,3,5,3,2
713,4,0,1,4,2,4,14,7,6,3,1,0,0,2,2,1,1,2,2,1,5,0,1
713,4,0,1,2,0,4,9,6,4,5,1,0,0,2,2,8,1,2,0,2,5,12,1
250,4,2,1,4,0,4,9,7,2,5,0,0,0,3,2,1,3,2,2,1,3,1,2
250,4,0,1,4,0,1,5,6,4,5,0,0,0,3,2,1,3,3,3,3,5,1,2
438,6,2,1,4,0,1,0,7,0,5,1,0,0,3,2,1,2,2,0,2,5,2,2
438,6,2,0,4,0,2,5,2,6,5,1,0,0,3,2,2,2,3,2,2,6,10,2
274,4,2,1,1,0,2,5,6,2,5,7,0,0,3,3,8,2,2,0,2,5,1,2
274,4,3,1,4,0,2,7,7,4,7,7,0,0,3,3,8,2,11,3,3,5,7,2
274,4,3,1,4,2,2,0,9,4,5,7,0,0,3,3,8,2,2,0,1,5,13,2
367,6,4,0,3,0,1,0,9,4,5,7,0,0,3,2,8,2,2,0,1,5,13,2
621,4,0,1,4,0,4,1,7,6,5,7,0,0,0,2,1,2,9,3,3,5,12,1
83,1,2,1,1,0,1,5,12,0,5,2,2,0,3,2,8,2,2,3,3,5,11,1
83,1,2,1,1,0,1,4,7,2,3,2,0,0,3,2,8,2,2,0,2,5,10,1
629,2,3,1,4,0,2,0,2,2,5,7,0,0,3,2,8,2,1,0,2,5,3,2
385,2,1,1,4,0,3,0,7,2,6,0,0,0,3,2,8,2,1,3,3,5,16,2
984,0,1,1,4,0,3,10,9,0,5,7,0,0,3,2,8,2,2,0,2,5,13,2
984,0,1,1,4,2,3,9,6,2,5,7,0,0,3,2,8,2,2,3,3,5,4,2
984,0,1,1,4,0,6,7,6,4,5,7,0,0,3,2,8,2,2,0,2,5,2,2
984,0,2,1,4,0,2,0,6,2,5,7,0,0,3,2,8,2,2,3,3,5,19,2
401,3,1,1,1,0,2,10,6,2,5,0,0,0,3,2,8,3,2,0,1,5,10,2
401,3,1,1,4,0,1,10,6,2,6,0,3,0,3,2,8,3,2,3,3,5,13,2
220,4,0,1,2,2,2,0,6,2,6,0,0,0,3,2,8,2,2,0,1,5,12,2
220,4,1,2,4,0,3,7,6,2,5,0,0,0,3,2,1,2,2,0,1,5,0,2
940,6,0,1,4,0,1,8,7,2,5,1,0,3,3,2,2,3,3,3,3,5,11,1
940,6,0,1,1,0,1,5,9,0,5,1,0,3,3,2,2,3,2,0,1,5,16,1
940,6,1,1,2,2,3,0,2,4,5,1,0,3,3,2,8,3,2,2,1,0,3,1
254,5,0,1,1,0,0,0,7,2,5,1,0,0,3,2,8,2,2,3,3,5,12,2
254,5,0,1,4,0,3,5,1,2,5,1,0,0,3,2,8,2,2,0,2,5,11,2
297,6,1,1,4,2,2,7,4,4,6,1,0,0,3,2,8,2,2,3,3,5,3,2
1016,3,0,1,0,0,2,0,7,2,5,1,0,0,3,2,2,3,2,3,3,5,1,2
1016,3,0,1,4,0,2,0,7,6,5,1,0,0,3,2,8,3,2,0,2,5,1,2
1016,3,0,1,4,0,3,0,2,6,5,1,0,0,3,2,8,3,2,3,3,5,0,2
49,5,2,1,4,0,0,0,2,4,5,0,0,0,3,2,8,1,2,0,2,5,17,1
259,2,0,1,4,0,1,5,7,2,5,1,0,0,3,2,8,2,2,1,2,5,3,2
259,2,0,1,4,0,4,7,7,1,5,1,0,0,3,2,8,2,2,1,2,5,10,2
122,2,0,1,4,0,3,8,1,2,5,0,0,0,3,2,8,2,2,3,3,5,3,2
122,2,2,1,4,0,0,14,7,4,5,0,0,0,3,2,1,2,2,0,1,5,0,2
177,3,0,1,0,0,2,7,6,4,5,1,4,0,3,2,1,1,2,2,1,5,12,1
369,0,0,1,4,0,2,8,2,2,5,7,0,0,3,2,2,2,2,3,3,5,1,2
369,0,1,2,1,2,4,14,6,2,5,7,0,0,3,2,1,2,2,0,2,5,10,2
206,0,1,1,4,0,3,0,7,4,5,0,0,3,3,2,8,2,2,3,3,5,9,2
989,5,1,1,4,0,0,0,6,2,6,1,0,0,3,2,2,2,2,1,1,5,10,2
708,0,3,1,4,2,1,0,9,6,5,1,0,3,0,4,2,1,11,1,2,5,10,2
1006,6,1,1,4,2,1,14,3,1,5,7,0,0,3,2,8,2,2,3,3,5,1,2
947,0,1,1,4,0,2,0,7,4,5,7,0,0,3,2,8,2,2,0,2,5,0,1
947,0,0,1,4,0,1,0,7,4,5,7,0,0,3,2,8,2,2,3,3,5,3,1
430,6,1,1,4,0,0,0,1,1,6,1,0,0,3,2,8,2,2,0,2,5,3,2
430,6,1,1,4,0,2,8,7,4,5,1,0,0,3,2,8,2,11,3,3,5,10,2
42,4,1,1,4,0,1,5,7,4,5,1,0,0,3,2,8,2,3,0,2,5,13,2
42,4,2,1,1,0,2,5,7,4,5,1,0,0,3,2,8,2,2,2,2,5,1,2
348,1,0,1,4,0,1,5,7,2,6,1,4,0,3,2,2,2,9,0,2,5,10,1
348,5,1,1,4,0,1,5,9,2,5,7,0,0,3,2,1,1,7,3,3,5,10,2
435,4,0,1,4,0,1,5,7,4,5,7,0,0,3,2,8,2,7,0,2,5,17,2
435,4,0,1,4,0,2,5,7,4,5,7,0,0,3,2,8,2,7,2,2,3,2,2
435,4,0,1,4,0,0,0,2,4,5,7,0,0,3,2,8,2,3,3,3,5,12,2
435,4,0,1,4,2,1,0,6,4,5,7,1,0,3,2,8,2,2,2,2,3,11,2
501,0,3,1,4,2,0,0,6,4,5,0,0,0,3,2,8,3,2,0,2,5,13,2
501,0,0,1,2,0,0,10,4,1,5,0,0,0,3,2,8,3,2,3,3,5,10,2
112,2,1,1,0,0,0,0,7,4,5,1,2,0,3,2,1,1,2,0,2,5,9,0
698,0,1,1,4,0,3,4,9,4,5,7,0,0,0,2,1,2,2,3,3,5,12,2
698,0,0,1,2,0,0,0,1,2,5,7,0,0,0,2,8,2,2,3,3,5,3,2
685,5,2,1,4,0,1,5,6,6,5,1,0,0,0,2,8,2,9,0,2,5,10,2
685,5,0,1,0,1,1,7,5,2,5,1,0,0,0,2,8,2,2,0,2,5,13,2
292,5,0,1,2,0,3,8,5,2,5,7,0,0,3,2,8,2,3,0,2,5,1,2
292,5,1,1,1,0,2,4,5,4,5,7,0,0,3,2,8,2,2,1,2,5,10,2
247,4,2,1,2,0,0,6,5,4,5,7,0,0,3,2,8,1,2,2,2,2,3,2
304,1,1,1,2,0,2,8,5,6,3,3,0,0,3,2,8,2,3,3,3,5,10,2
304,1,3,1,2,0,1,4,12,6,3,3,0,0,3,2,8,2,2,0,2,5,12,2
947,4,1,1,4,0,0,4,5,2,5,7,0,0,3,2,8,2,2,3,3,5,1,2
947,4,0,1,0,0,3,0,5,4,5,7,0,0,3,2,8,2,12,0,2,5,11,2
548,5,0,1,0,0,1,0,5,2,0,1,3,3,0,4,8,2,3,3,3,5,12,2
548,5,0,1,1,0,2,7,5,2,7,1,0,3,0,4,8,2,3,0,2,5,0,2
548,5,0,1,1,0,0,7,6,4,7,1,0,3,0,4,8,2,2,0,2,5,18,2
435,5,1,1,1,0,2,7,5,4,5,7,0,0,3,2,8,2,2,0,2,5,4,2
435,5,2,1,4,0,1,15,6,4,5,7,0,0,3,2,8,2,2,1,2,5,3,2
129,2,2,1,4,0,2,4,1,4,5,0,0,0,3,2,8,2,3,1,2,5,11,2
129,2,0,1,2,0,1,0,6,4,5,0,0,0,3,2,8,2,2,3,3,5,3,2
255,4,2,1,4,0,0,7,7,2,6,1,0,0,3,2,8,2,2,3,3,5,1,2
255,4,2,1,4,0,0,0,9,2,5,1,0,0,3,2,8,2,2,0,2,5,9,2
358,6,1,1,4,0,2,0,9,6,5,0,0,0,3,2,2,2,2,3,3,5,3,2
358,6,0,1,3,0,6,0,9,4,5,0,0,0,3,2,2,2,2,0,2,5,1,2
331,0,1,1,4,0,2,0,7,4,5,3,0,0,3,2,8,2,7,3,3,5,3,2
331,0,1,1,4,0,0,5,6,2,5,3,0,0,3,2,8,2,2,0,2,5,3,2
331,0,0,1,4,0,1,7,7,2,5,3,0,0,3,2,8,2,2,1,2,5,3,2
415,6,0,1,4,0,3,8,7,6,5,1,0,0,3,2,8,2,2,2,1,6,1,2
415,6,3,1,4,2,2,8,6,2,5,1,0,0,3,2,2,2,2,3,3,5,1,2
178,2,0,1,2,0,0,0,2,6,5,1,0,0,3,2,8,2,2,0,2,5,3,2
178,2,1,1,4,0,3,3,7,2,5,1,0,0,3,2,2,2,2,1,2,5,16,2
178,2,1,1,4,0,0,0,7,1,5,1,0,0,3,2,2,2,2,3,3,5,1,2
357,5,0,1,4,0,1,10,6,0,5,0,0,3,3,2,1,1,2,2,2,6,10,2
964,4,4,1,4,0,3,5,6,1,6,1,4,0,3,2,8,2,12,2,2,5,13,2
408,0,1,1,1,0,2,7,6,0,5,1,0,0,2,2,8,1,2,0,2,5,1,0
440,1,1,1,1,0,0,5,6,4,5,7,0,0,3,2,8,2,2,1,2,5,13,1
992,4,0,1,1,0,2,8,7,0,5,7,0,0,3,2,8,2,2,1,2,5,16,2
992,4,1,1,4,0,0,8,7,2,5,7,0,0,3,2,8,2,2,3,3,5,12,2
165,3,0,1,4,0,1,0,6,2,5,5,0,0,3,2,2,2,2,0,2,5,12,2
165,3,0,1,4,0,0,7,6,2,5,5,0,0,3,2,8,2,2,2,2,1,11,2
901,4,0,2,4,0,4,7,6,2,5,7,0,3,0,2,8,2,2,3,3,5,1,1
901,4,2,1,4,0,2,0,9,2,5,7,4,3,0,2,2,2,9,0,2,5,1,1
492,6,1,1,4,2,2,8,12,2,5,3,0,0,3,7,2,2,7,0,2,5,4,1
627,0,1,1,4,0,2,9,7,4,5,0,0,3,0,2,8,2,2,3,3,5,9,2
627,0,1,1,2,0,1,0,7,0,5,0,0,3,0,2,8,2,3,0,2,5,2,2
423,1,0,1,0,0,2,7,7,0,5,1,0,0,0,5,8,2,2,2,2,5,9,2
423,1,1,1,4,0,3,9,7,2,5,1,0,0,0,5,8,2,2,0,2,5,10,2
100,6,2,1,4,0,4,14,6,0,6,7,0,3,3,2,8,2,2,3,3,5,13,1
100,6,1,1,1,0,2,5,6,2,5,7,0,3,3,2,8,2,2,3,3,5,12,1
44,3,2,1,4,0,0,0,6,1,5,7,0,0,3,2,2,2,2,3,3,5,10,2
44,3,1,1,4,0,1,5,6,2,5,7,0,0,3,2,8,2,11,0,2,5,3,2
47,2,1,1,4,0,3,9,7,4,5,7,0,0,3,2,8,2,3,0,2,5,9,2
421,0,0,1,2,0,4,0,7,2,5,7,0,0,0,2,8,2,2,0,2,5,10,2
421,0,1,1,4,0,1,14,9,2,5,7,0,0,0,2,1,2,2,2,2,5,9,2
541,0,2,1,2,0,3,0,7,2,5,7,2,0,0,2,1,1,3,1,2,5,11,1
300,4,0,1,4,0,3,5,7,2,5,1,0,0,3,2,8,3,2,3,3,5,0,2
300,4,1,2,2,0,2,7,7,2,5,1,0,0,3,2,8,3,9,2,2,5,10,2
300,4,4,0,4,0,3,8,7,4,5,1,0,0,3,2,8,3,2,3,3,5,13,2
445,6,1,1,4,0,1,5,4,4,5,1,0,0,0,2,8,2,11,2,2,1,11,2
126,3,0,1,1,0,1,0,2,0,5,2,0,3,3,2,8,2,2,2,1,5,9,2
126,3,1,1,1,1,2,10,7,4,5,2,0,3,3,2,8,2,2,3,3,5,11,2
264,3,0,1,4,0,2,0,7,4,5,1,0,0,3,2,8,2,2,0,2,5,10,2
264,3,1,1,2,2,2,5,6,4,5,1,0,0,3,2,8,2,2,0,2,5,11,2
315,2,2,1,4,0,3,9,6,4,5,5,0,3,3,2,8,1,7,3,3,5,3,2
315,2,2,1,4,0,4,6,9,2,5,5,0,3,3,2,2,1,2,2,2,1,7,2
369,0,0,1,4,1,4,9,4,4,5,1,0,0,0,2,6,4,3,0,2,5,3,2
369,0,1,1,4,0,3,5,6,4,5,1,0,0,0,2,8,4,2,0,2,5,0,2
369,0,2,1,2,2,2,0,7,4,5,1,0,0,0,2,8,4,2,0,2,5,12,2
369,0,1,1,1,2,2,5,7,2,5,1,0,0,0,2,8,4,2,0,2,5,1,2
122,3,1,1,4,0,1,14,9,4,5,7,0,3,3,2,8,2,2,1,2,5,1,2
122,3,2,1,4,0,1,8,6,2,5,7,0,3,3,2,8,2,2,3,3,5,10,2
435,4,1,1,0,0,2,0,9,6,5,7,2,3,0,2,2,1,9,0,2,5,10,2
934,4,2,1,4,2,1,0,6,2,5,1,0,0,3,2,2,2,2,2,0,1,0,1
934,4,0,1,4,0,1,7,9,2,5,1,0,0,3,2,2,2,3,0,2,5,12,1
405,5,4,0,4,0,2,0,12,6,5,0,0,3,0,2,8,2,2,3,3,5,0,2
405,5,1,1,4,0,1,10,3,6,3,0,0,3,0,2,8,2,2,0,2,5,12,2
406,6,1,1,1,0,0,10,7,4,5,7,0,3,2,2,8,3,2,0,2,5,9,2
406,6,0,1,4,2,0,9,7,6,5,7,0,3,2,2,8,3,2,3,3,5,10,2
837,5,2,1,4,0,1,9,4,4,5,7,0,0,0,2,8,2,2,3,3,5,10,2
837,5,0,1,4,0,0,5,2,2,5,7,0,0,0,2,1,2,9,1,2,5,10,2
631,1,0,1,1,0,3,0,6,2,5,5,2,3,0,2,8,2,3,3,3,5,0,2
631,1,0,1,4,0,1,8,7,2,5,5,0,3,0,2,2,2,2,0,2,5,12,2
635,5,0,1,4,0,1,8,6,0,5,1,0,3,0,2,8,1,2,2,1,5,2,1
395,5,1,1,4,0,1,5,6,0,5,7,0,0,0,2,2,1,2,3,3,5,16,2
1005,1,2,1,4,0,1,0,6,0,5,1,0,0,3,2,8,2,7,0,2,5,13,2
1005,1,0,1,1,0,1,14,9,0,5,1,0,0,3,2,8,2,2,2,1,5,0,2
619,0,2,1,4,0,1,6,6,0,5,5,0,3,0,2,1,2,2,2,2,4,11,2
308,5,2,1,4,0,3,0,7,1,5,1,3,3,3,4,8,2,2,2,1,5,9,1
380,6,0,1,4,0,3,0,6,0,5,1,0,3,0,2,8,3,2,2,2,0,0,2
328,5,1,1,1,0,0,7,6,0,5,1,0,3,3,3,8,1,8,0,2,5,10,2
314,6,0,1,4,0,1,0,6,2,5,7,0,3,0,2,8,1,2,2,2,5,0,2
716,4,2,1,4,0,2,7,6,4,5,1,0,3,0,2,2,2,5,2,1,5,0,2
511,4,2,1,1,2,2,8,7,4,5,7,0,3,0,2,8,4,7,0,2,5,0,2
511,4,1,1,2,1,3,10,1,4,5,7,0,3,0,2,8,4,2,1,0,5,3,2
511,4,1,1,4,0,3,0,2,4,5,7,0,3,0,2,8,4,2,3,3,5,3,2
511,4,1,1,4,0,0,8,1,6,5,7,0,3,0,2,2,4,11,3,3,5,11,2
511,4,4,0,4,0,1,5,2,0,5,7,0,3,0,2,8,4,3,0,1,5,10,2
410,5,1,1,4,0,1,5,9,1,3,7,0,0,0,2,8,3,3,3,3,5,12,2
410,5,1,1,4,0,3,5,7,1,5,7,0,0,0,2,8,3,2,1,2,5,10,2
89,1,1,1,1,0,2,5,7,4,5,7,0,3,3,2,8,1,2,3,3,5,11,2
453,5,2,1,4,0,2,10,4,1,5,1,0,3,0,2,8,1,11,0,2,5,11,1
727,5,2,1,0,0,0,0,2,6,3,7,0,3,0,4,8,1,2,3,3,5,12,2
482,5,0,1,1,0,3,7,6,6,5,1,2,3,0,8,8,3,2,3,3,5,3,2
482,5,1,1,1,0,2,7,6,4,5,1,0,3,0,8,8,3,2,3,3,5,1,2
482,5,0,1,1,0,1,7,6,0,5,1,0,3,0,8,8,3,9,0,2,5,0,2
525,2,1,1,1,0,1,0,7,2,5,1,0,0,2,7,2,2,2,3,3,5,9,2
525,2,0,1,4,0,2,7,6,4,5,1,0,0,2,7,2,2,2,3,3,5,3,2
93,3,0,1,4,0,0,5,7,0,5,7,0,0,3,2,2,2,2,0,2,5,4,2
93,3,3,1,4,0,2,9,4,2,5,7,0,0,3,2,1,2,7,2,2,5,4,2
477,3,1,1,4,0,2,5,9,6,5,7,0,3,0,2,8,1,1,0,2,5,11,1
935,0,0,1,0,0,2,9,7,2,5,2,3,0,0,0,8,2,2,1,2,5,0,2
935,0,0,1,4,0,3,5,7,1,5,2,0,0,0,0,1,2,1,3,3,5,1,2
561,4,4,0,1,0,1,7,7,1,5,1,0,0,0,2,8,2,2,3,3,5,3,2
561,4,1,1,4,0,2,5,7,4,5,1,0,0,0,2,8,2,2,3,3,5,10,2
471,1,1,1,4,0,2,11,9,6,3,7,0,3,0,0,8,2,2,3,3,5,5,2
551,0,0,1,4,0,0,7,7,2,5,0,0,3,0,2,2,2,2,2,2,5,9,2
551,0,1,1,0,2,2,0,7,1,5,0,0,3,0,2,1,2,2,1,0,5,18,2
73,1,2,1,4,0,1,5,6,2,5,7,0,0,3,2,8,2,2,0,0,5,1,1
73,1,1,1,4,2,2,8,6,4,5,7,0,0,3,2,8,2,3,1,1,5,3,1
935,5,0,1,2,0,1,0,7,2,5,1,0,0,3,2,2,1,2,1,1,5,12,2
327,4,0,1,4,0,4,7,9,2,5,7,0,3,3,2,8,2,2,0,2,5,0,1
992,2,1,1,4,0,4,0,7,4,5,0,0,3,3,2,8,2,2,3,3,5,17,2
415,6,2,1,4,0,1,7,6,4,5,7,0,3,2,4,8,2,2,1,2,5,3,2
527,6,1,1,4,0,3,5,6,2,5,7,0,3,0,4,2,2,2,3,3,5,10,2
527,6,1,1,4,0,3,5,7,2,3,7,4,3,0,4,2,2,2,0,2,5,0,2
527,6,1,1,4,2,2,5,2,6,5,7,0,3,0,4,8,2,2,2,2,0,10,2
527,6,1,1,4,0,4,14,4,4,5,7,4,3,0,4,1,2,2,3,3,5,0,2
527,6,1,1,4,0,1,5,7,4,5,7,0,3,0,4,8,2,2,0,1,5,10,2
974,0,0,1,0,0,0,0,6,4,7,1,0,3,3,2,8,2,2,3,3,5,10,2
974,0,0,1,4,0,0,8,7,1,5,1,0,3,3,2,1,2,7,0,2,5,0,2