Time,Day_of_week,Age_band_of_driver,Sex_of_driver,Educational_level,Vehicle_driver_relation,Driving_experience,Type_of_vehicle,Area_accident_occured,Lanes_or_Medians,Road_allignment,Types_of_Junction,Road_surface_type,Road_surface_conditions,Light_conditions,Weather_conditions,Type_of_collision,Number_of_vehicles_involved,Vehicle_movement,Casualty_class,Casualty_severity,Pedestrian_movement,Cause_of_accident,Accident_severity
100,4,0,1,4,0,2,8,7,4,5,0,0,3,3,8,8,1,4,1,2,5,1,2
737,0,3,1,4,0,4,5,7,2,5,0,0,0,0,2,1,2,2,2,1,5,1,1
737,0,1,1,4,0,3,0,7,0,5,0,0,0,0,2,8,2,2,2,2,6,3,1
165,3,0,1,4,0,2,10,1,2,5,7,0,0,3,2,8,2,2,3,3,5,0,2
165,3,0,1,4,2,3,0,1,1,5,7,0,0,3,2,8,2,2,0,2,5,12,2
662,4,0,1,4,0,2,11,7,2,5,7,0,0,0,2,8,2,5,0,1,5,3,2
662,4,1,1,4,0,0,9,6,2,5,7,2,0,0,2,2,2,2,3,3,5,1,2
288,4,4,1,4,0,0,0,9,2,5,7,0,0,3,2,8,2,2,2,2,1,3,2
288,4,1,1,4,0,0,5,7,2,5,7,0,0,3,2,8,2,2,0,2,5,5,2
911,0,4,1,2,0,1,0,9,4,3,1,0,0,3,2,8,2,9,0,2,5,10,2
911,0,1,1,2,2,3,8,2,0,5,1,0,0,3,2,8,2,2,1,2,5,0,2
728,4,0,1,1,0,1,9,7,1,5,7,0,0,0,2,2,1,2,0,2,5,12,2
999,2,1,1,4,0,3,0,6,2,7,0,0,0,3,2,8,2,1,3,3,5,9,2
999,2,2,1,2,0,1,0,7,4,5,0,0,0,3,2,2,2,3,0,1,5,9,2
122,3,1,1,4,1,5,0,1,2,3,1,0,0,3,2,8,1,1,0,0,5,10,2
74,2,1,1,4,0,0,14,7,4,5,1,0,0,3,2,6,2,5,3,3,5,1,2
74,2,1,1,4,2,2,7,6,2,5,1,1,0,3,2,8,2,2,3,3,5,1,2
74,2,1,1,4,0,0,7,9,4,5,1,0,0,3,2,8,2,2,0,2,5,9,2
74,2,1,1,4,0,3,7,6,1,5,1,0,0,3,2,8,2,2,3,3,5,3,2
74,2,4,1,4,0,0,10,6,2,5,1,0,0,3,2,8,2,7,0,2,5,5,2
549,1,1,1,4,0,0,5,2,0,5,2,0,0,3,2,8,2,1,0,2,5,10,2
549,1,1,1,4,0,1,9,2,4,5,2,0,0,3,2,1,2,2,3,3,5,10,2
300,3,0,1,2,0,0,0,9,4,5,7,0,0,3,2,6,2,2,3,3,5,12,2
300,3,4,0,4,0,0,0,7,4,5,7,0,0,3,2,8,2,2,3,3,5,4,2
331,4,1,1,1,0,3,14,7,6,5,7,0,0,3,2,6,2,7,0,2,5,12,2
143,0,1,1,1,0,3,5,9,4,5,7,0,3,3,4,8,1,8,0,2,5,12,2
509,0,0,1,4,0,3,5,6,4,5,1,0,0,3,2,8,2,5,0,2,5,10,2
509,0,0,1,4,0,0,11,9,4,5,1,0,0,3,2,4,2,2,3,3,5,9,2
318,3,1,1,4,0,2,9,7,2,5,1,0,0,3,2,8,1,7,3,3,5,1,2
851,5,1,1,2,2,1,7,7,2,5,7,0,0,3,2,2,1,2,0,2,5,3,2
851,5,1,1,4,0,1,9,1,2,5,7,0,0,3,2,8,1,2,2,2,1,0,2
982,1,1,1,4,0,2,7,2,1,5,7,0,0,3,2,8,2,7,0,1,5,10,2
982,1,1,2,4,0,2,9,12,2,5,7,0,0,3,2,8,2,2,1,1,5,1,2
982,1,1,1,4,0,1,14,6,4,5,7,0,0,3,2,1,2,12,1,2,5,5,2
280,1,0,1,1,0,2,5,9,4,5,2,0,0,3,2,8,2,2,3,3,5,17,2
78,6,1,1,4,0,3,13,7,4,5,1,0,0,3,2,8,2,2,0,2,5,10,2
78,6,1,1,6,0,1,5,7,6,3,1,0,0,3,2,6,2,2,3,3,5,1,2
147,6,1,1,4,0,1,5,6,1,3,1,0,3,3,8,2,1,1,3,3,5,12,2
122,1,0,1,2,0,1,11,9,2,5,0,0,0,3,2,8,1,2,1,2,5,1,2
206,4,0,1,4,0,0,0,7,2,5,0,0,0,3,2,8,2,2,2,2,6,0,2
206,4,0,1,2,0,2,0,9,4,5,0,0,0,3,2,2,2,2,2,2,5,10,2
206,4,2,1,1,0,1,0,2,2,5,7,0,0,3,2,8,2,7,3,3,5,11,2
206,4,0,1,4,0,0,11,9,2,5,7,0,0,3,2,8,2,9,0,2,5,3,2
375,6,4,1,1,0,0,4,6,1,5,1,0,0,3,2,8,1,2,1,2,5,10,2
613,3,2,1,2,0,5,8,9,2,5,0,0,0,0,2,6,2,2,1,2,5,3,2
613,3,1,1,4,2,2,4,7,1,5,0,0,0,0,2,6,2,2,0,2,5,3,2
765,3,0,1,4,0,0,8,4,2,5,7,0,0,0,2,1,2,2,3,3,5,9,2
765,3,0,1,4,0,1,13,2,2,5,7,0,0,0,2,8,2,1,0,2,5,16,2
347,2,2,1,4,0,2,4,9,4,3,7,0,0,3,2,8,1,2,3,3,5,12,2
445,5,0,1,4,0,1,5,6,4,5,5,0,0,3,2,1,2,2,0,2,5,12,2
445,5,1,1,4,0,3,7,5,2,7,5,0,0,3,2,8,2,2,3,3,5,10,2
147,4,2,1,4,2,3,7,2,2,3,7,0,0,3,2,8,2,2,2,2,5,9,2
930,5,4,1,1,2,3,7,2,2,3,1,0,0,3,2,2,1,2,1,2,5,10,2
400,6,2,1,4,2,2,10,6,4,5,1,0,0,3,2,2,2,2,2,2,1,10,2
463,2,0,1,4,2,3,5,12,2,5,1,0,0,3,2,8,2,7,3,3,5,0,2
403,4,2,1,1,2,3,5,7,2,5,0,0,0,3,2,8,2,2,2,2,3,1,2
102,4,1,1,4,2,1,5,6,4,5,7,0,0,3,2,2,2,2,3,3,5,9,2
613,3,4,1,4,2,1,15,6,4,5,7,0,0,0,2,8,1,7,0,1,5,10,2
750,4,1,1,2,2,2,5,9,4,5,1,0,0,0,2,8,2,2,2,1,0,10,2
71,0,0,1,1,2,4,14,6,2,5,7,0,0,3,2,8,2,2,1,2,5,1,2
581,5,0,1,4,2,2,5,7,4,5,0,0,0,0,2,8,2,2,2,2,5,3,2
581,5,3,1,4,2,2,5,7,2,5,0,0,0,0,2,8,2,2,2,2,6,4,2
315,1,1,1,4,0,0,0,9,1,5,1,0,0,3,2,8,1,3,0,2,5,3,2
266,5,2,1,4,0,2,15,9,4,6,0,0,0,3,2,8,3,9,3,3,5,12,2
266,5,0,1,4,0,2,5,6,2,5,0,0,0,3,2,8,3,2,0,2,5,1,2
474,5,0,1,4,0,3,0,7,4,5,0,0,0,3,2,8,2,2,1,2,5,12,2
637,5,0,1,4,0,2,11,7,1,5,0,0,0,0,2,8,2,2,0,2,5,2,2
637,5,4,1,4,0,5,14,7,2,5,0,0,0,0,2,8,2,2,3,3,5,10,2
520,6,0,1,0,0,4,0,7,2,5,0,0,0,3,2,8,2,2,0,2,5,10,2
520,6,2,1,1,0,2,5,6,4,5,0,0,0,3,2,2,2,9,0,2,5,3,2
97,6,2,2,1,0,2,7,6,3,5,0,0,0,3,2,8,2,9,0,2,5,3,2
97,6,0,1,4,0,2,10,9,4,5,0,0,0,3,2,1,2,2,0,2,5,9,2
501,4,0,1,2,0,2,7,6,1,5,2,0,3,3,4,8,2,1,0,2,5,10,2
501,4,4,1,4,0,2,7,9,2,5,2,0,3,3,4,2,2,1,1,2,5,1,2
362,4,1,1,4,0,1,12,6,4,5,7,0,3,3,4,8,1,2,3,3,5,16,2
29,0,0,1,6,0,2,5,7,2,5,7,0,3,0,4,8,2,5,0,2,5,10,2
29,0,4,1,4,0,3,5,6,1,5,7,0,3,0,4,8,2,7,3,3,5,16,2
123,2,1,1,4,0,0,8,12,4,5,2,0,0,3,2,8,2,2,0,2,5,9,2
123,2,0,1,6,0,4,4,9,1,5,2,0,0,3,2,8,2,1,3,3,5,10,2
646,0,0,1,1,0,0,0,6,4,5,7,0,0,0,2,6,2,1,0,2,5,10,2
646,0,2,1,4,0,2,0,9,4,5,7,0,0,0,2,2,2,7,0,2,5,12,2
203,2,1,1,1,0,3,8,6,4,5,7,0,0,3,2,8,1,9,1,2,5,12,2
511,2,3,1,4,0,2,0,9,1,5,1,0,0,3,2,2,2,3,3,3,5,0,2
511,2,1,1,1,0,1,7,7,6,5,1,0,0,3,2,8,2,2,3,3,5,10,2
380,2,0,1,4,0,1,5,7,2,5,1,0,0,3,2,8,2,2,1,2,5,5,2
380,2,1,1,4,0,3,10,6,2,5,1,0,0,3,2,8,2,2,1,2,5,0,2
546,3,1,1,4,0,1,8,6,2,5,0,0,0,0,2,8,2,2,3,3,5,1,2
546,3,1,1,4,2,4,14,9,2,5,0,0,0,0,2,8,2,7,3,3,5,4,2
921,2,0,1,4,0,1,7,7,2,5,0,0,0,3,2,2,2,2,0,2,5,2,2
921,2,0,1,4,0,3,8,7,4,5,0,0,0,3,2,8,2,2,1,2,5,16,2
730,1,2,1,4,0,1,10,6,2,5,0,0,0,0,2,2,2,2,0,2,5,1,2
730,1,3,1,1,0,3,9,6,2,5,0,0,0,0,2,8,2,2,0,2,5,1,2
348,1,0,1,1,0,3,5,2,4,5,7,0,0,3,2,8,1,1,1,2,5,9,1
923,1,0,1,1,1,3,8,7,1,5,5,2,0,3,2,8,1,2,3,3,5,9,1
923,1,0,1,4,0,3,5,6,4,5,5,0,0,3,2,8,1,2,0,2,5,0,1
66,4,0,1,4,0,4,8,6,2,5,7,0,3,3,4,8,2,2,3,3,5,9,2
66,4,0,1,1,0,2,3,9,2,5,7,0,3,3,4,8,2,2,3,3,5,10,2
571,6,1,1,4,0,3,7,9,2,5,0,0,0,0,2,8,2,3,0,1,5,1,2
300,6,1,1,4,2,1,10,6,4,5,0,0,0,3,2,8,2,2,3,3,5,12,2
300,6,3,1,4,0,3,13,7,4,5,0,0,0,3,2,8,2,2,0,2,5,10,2
938,6,1,1,6,0,1,5,7,6,3,7,0,0,3,2,6,2,2,0,2,5,12,2
938,6,3,1,4,0,1,5,6,1,3,7,0,0,3,2,2,2,2,1,2,5,5,2
930,5,1,1,2,0,1,11,9,2,5,3,0,0,3,2,8,2,2,2,2,5,1,2
930,5,0,1,4,0,0,0,7,2,5,3,0,0,3,2,8,2,9,2,1,1,10,2
727,2,4,1,2,0,2,0,9,4,5,0,0,0,0,2,2,1,2,2,2,1,10,1
688,4,0,1,1,0,1,0,2,2,5,2,0,0,0,2,8,2,4,2,2,5,0,2
688,4,0,1,4,0,0,11,9,2,5,2,0,0,0,2,8,2,2,2,2,5,1,2
529,4,1,1,1,0,0,4,6,1,5,7,0,0,3,2,8,2,2,2,2,1,1,2
529,4,0,1,2,0,5,8,9,2,5,7,0,0,3,2,6,2,2,0,2,5,5,2
173,4,4,1,4,2,2,4,7,1,5,7,0,0,3,2,6,1,2,3,3,5,9,2
636,0,1,1,4,0,0,8,4,2,5,1,0,0,0,2,1,2,2,3,3,5,0,2
636,0,0,1,4,0,1,13,2,2,5,1,0,0,0,2,8,2,3,1,2,5,11,2
192,2,2,1,4,0,2,4,9,4,3,0,0,0,3,2,8,2,3,3,3,5,10,2
381,1,0,1,4,0,1,5,6,4,5,7,0,0,3,2,1,2,2,0,2,5,1,2
381,1,0,1,4,0,3,7,5,2,7,7,0,0,3,2,8,2,11,0,2,5,3,2
930,6,4,1,4,2,3,7,2,2,3,7,0,0,3,2,8,1,9,3,3,5,10,1
247,6,4,1,1,2,3,7,2,2,3,7,0,0,3,2,2,2,2,0,2,5,9,2
956,6,0,1,4,2,2,10,6,4,5,7,0,0,3,2,2,2,2,3,3,5,11,2
956,6,4,1,4,2,3,5,12,2,5,7,0,0,3,2,8,2,9,3,3,5,0,2
371,6,1,1,1,2,3,5,7,2,5,1,0,0,3,2,8,2,2,2,1,5,1,2
528,0,0,1,4,2,1,5,6,4,5,2,0,0,3,2,2,2,2,1,1,5,12,2
528,0,0,1,4,2,1,15,6,4,5,2,0,0,3,2,8,2,2,1,1,5,11,2
211,4,4,1,2,2,2,5,9,4,5,0,0,0,3,2,8,1,2,3,3,5,0,1
467,4,1,1,1,2,4,14,6,2,5,7,0,0,3,2,8,2,2,3,3,5,1,2
112,6,1,1,4,2,2,5,7,4,5,7,0,3,3,4,8,3,4,3,3,5,1,2
112,6,3,1,4,2,2,5,7,2,5,7,0,3,3,4,8,3,3,3,3,5,10,2
506,2,1,1,4,0,0,0,9,1,5,7,0,0,3,2,8,2,3,0,2,5,10,2
65,3,1,1,4,0,2,15,9,4,6,0,0,0,3,2,8,1,3,0,2,5,11,2
495,1,1,1,4,0,2,7,2,1,5,0,0,0,3,2,8,2,2,3,3,5,9,2
495,1,0,1,4,0,3,0,7,4,5,0,0,0,3,2,8,2,2,1,2,5,1,2
599,1,1,1,4,0,2,11,7,1,5,1,0,0,3,2,8,1,2,0,2,5,10,2
492,6,0,1,4,0,5,14,7,2,5,0,0,0,3,2,8,2,2,1,2,5,3,2
492,6,4,1,0,0,4,0,7,2,5,0,0,0,3,2,8,2,4,0,2,5,0,2
371,5,1,1,1,0,2,5,6,4,5,7,0,0,3,2,2,2,2,3,3,5,9,2
371,5,1,1,1,0,2,7,6,3,5,7,0,0,3,2,8,2,3,0,2,5,10,2
440,5,0,1,4,0,2,10,9,4,5,0,0,0,3,2,1,2,3,3,3,5,1,2
440,5,0,1,2,0,2,7,6,1,5,0,0,0,3,2,8,2,3,2,1,6,12,2
919,6,1,1,4,0,2,7,9,2,5,0,0,0,3,2,2,2,2,3,3,5,7,2
919,6,0,1,4,0,1,12,6,4,5,0,0,0,3,2,8,2,2,3,3,5,10,2
310,2,4,1,6,0,2,5,7,2,5,1,0,0,3,2,8,1,2,0,2,5,10,2
470,2,0,1,4,0,3,5,6,1,5,7,0,0,3,2,8,2,2,0,2,5,0,2
470,2,0,1,4,0,0,8,12,4,5,7,0,0,3,2,8,2,4,1,2,5,12,2
287,0,0,1,6,0,4,4,9,1,5,0,0,0,3,2,8,1,2,0,2,5,3,2
48,0,1,1,1,0,0,0,6,4,5,7,0,0,3,2,6,1,2,0,2,5,1,2
435,0,0,1,4,0,2,0,9,4,5,7,0,0,3,2,2,2,2,0,2,5,10,2
435,0,4,0,4,0,0,4,6,4,5,7,0,0,3,2,8,2,7,3,3,5,1,2
220,0,1,1,1,2,2,6,6,2,5,1,0,0,3,2,8,2,3,0,2,5,10,2
220,0,1,1,4,0,1,5,9,4,5,1,0,0,3,2,2,2,2,2,2,1,5,2
38,4,0,1,4,2,4,14,7,2,5,1,0,0,3,2,8,2,2,0,2,5,0,1
38,4,4,1,6,0,2,0,4,4,5,1,0,0,3,2,8,2,7,1,2,5,7,1
947,5,1,1,6,0,2,7,6,2,5,7,0,0,3,2,8,1,2,3,3,5,14,2
251,5,1,1,4,0,2,7,1,2,5,7,0,0,3,2,8,2,7,3,3,5,3,2
251,5,0,1,4,0,1,15,9,2,5,7,0,0,3,2,8,2,4,0,2,5,16,2
130,5,0,1,4,0,2,3,2,4,3,7,0,0,3,2,1,2,2,1,2,5,17,2
519,5,0,1,4,0,3,3,9,4,5,1,0,0,3,2,8,1,2,2,2,1,3,2
517,6,0,1,4,0,4,5,7,4,5,0,0,0,3,2,8,2,2,3,3,5,10,2
781,4,0,1,4,0,4,4,7,3,5,1,0,0,0,2,8,2,2,0,2,5,12,2
781,4,0,1,4,2,2,0,2,3,5,1,0,0,0,2,8,2,2,3,3,5,7,2
781,4,4,0,4,0,1,15,7,3,5,1,0,0,0,2,8,2,2,2,2,1,11,2
848,3,0,1,1,0,4,7,2,3,5,0,0,0,3,2,8,2,2,3,3,5,1,2
430,4,0,1,4,0,2,0,7,4,5,0,0,0,3,2,8,1,2,2,2,5,0,1
127,2,0,1,2,0,3,0,7,4,5,7,0,0,3,2,8,2,2,2,2,0,10,2
127,2,2,1,2,0,3,0,12,6,5,7,0,0,3,2,8,2,2,0,2,5,3,2
176,3,1,1,4,0,2,11,9,4,5,1,0,0,3,2,2,2,2,0,2,5,5,2
176,3,1,1,1,0,0,4,7,2,5,1,0,0,3,2,8,2,2,3,3,5,3,2
176,3,4,0,1,0,2,5,6,4,5,1,0,0,3,2,2,2,2,0,2,5,3,2
443,4,1,1,4,0,2,5,9,4,5,7,0,0,3,2,8,2,3,1,2,5,1,2
443,4,1,1,4,0,0,14,7,1,3,7,0,0,3,2,8,2,2,3,3,5,10,2
935,5,0,1,2,2,3,0,9,4,5,0,0,0,3,2,1,2,2,2,2,5,11,2
435,6,4,1,6,2,2,6,7,6,5,1,0,0,3,2,8,1,9,0,1,5,9,2
28,2,0,1,0,0,3,0,7,4,5,0,0,0,0,2,8,1,2,1,1,5,9,2
367,3,0,1,2,0,4,8,7,1,5,7,0,0,3,2,1,2,2,3,3,5,12,2
367,3,0,1,4,0,0,6,3,4,5,7,0,0,3,2,2,2,2,1,2,5,10,2
31,2,1,1,4,2,3,5,9,1,5,2,0,0,0,2,8,2,2,3,3,5,1,2
270,3,0,1,3,2,0,0,7,6,5,1,0,0,3,2,8,3,2,3,3,5,1,2
270,3,3,1,4,2,4,9,6,0,5,1,0,0,3,2,8,3,9,2,2,3,10,2
225,1,0,1,4,2,1,8,6,0,1,7,0,0,3,2,2,2,7,0,2,5,3,2
624,1,4,1,5,2,2,5,6,0,5,0,0,0,3,2,8,2,4,3,3,5,10,2
624,1,0,1,5,2,3,7,7,0,5,0,0,0,3,2,8,2,2,0,2,5,12,2
110,3,0,1,4,2,1,0,6,2,5,7,0,0,3,2,8,2,2,0,2,5,1,2
192,6,3,1,6,2,2,4,6,1,5,7,3,0,3,2,8,2,4,3,3,5,5,1
944,5,0,1,4,2,4,15,9,2,1,0,0,0,3,2,2,1,4,3,3,5,0,1
916,5,0,1,4,2,1,15,2,2,5,1,0,0,3,2,1,2,2,3,3,5,3,2
916,5,1,1,1,0,1,3,7,2,5,1,0,0,3,2,8,2,9,0,2,5,11,2
277,6,4,1,4,0,1,4,9,2,5,7,0,0,3,2,8,2,2,0,2,5,11,2
277,6,0,1,4,0,1,4,7,4,5,7,0,0,3,2,8,2,9,0,2,5,1,2
776,4,1,1,4,0,2,3,9,4,5,7,0,0,0,2,8,2,2,0,2,5,6,2
776,4,0,1,4,0,2,16,9,2,5,7,0,0,0,2,8,2,3,3,3,5,0,2
404,4,2,1,1,0,2,3,7,2,5,0,0,0,3,2,8,2,2,0,2,5,4,2
404,4,2,1,4,0,2,10,7,4,5,0,0,0,3,2,2,2,2,1,2,5,0,2
404,4,0,1,4,0,3,0,7,0,5,0,0,0,3,2,6,2,7,3,3,5,5,2
467,4,0,2,4,2,2,8,1,4,5,1,0,0,3,2,1,3,7,0,2,5,0,2
467,4,1,1,4,0,4,14,6,4,5,1,0,0,3,2,8,3,2,3,3,5,10,2
458,4,2,1,4,0,2,0,6,4,5,7,0,0,3,2,1,2,2,0,2,5,12,2
501,4,1,1,4,0,2,0,6,1,5,1,0,0,3,2,8,2,3,0,2,5,9,2
501,4,4,1,4,0,3,3,6,4,5,1,0,0,3,2,8,2,2,0,2,5,16,2
578,5,0,1,2,0,3,10,7,4,5,7,0,0,0,2,8,2,3,1,2,5,0,2
578,5,1,1,4,0,3,10,7,0,5,7,0,0,0,2,8,2,3,1,2,5,1,2
1001,0,1,1,4,0,3,4,6,3,5,7,0,0,3,2,8,2,2,1,2,5,16,2
1001,0,1,1,4,0,3,4,9,6,5,7,0,0,3,2,2,2,4,1,2,5,14,2
226,5,3,1,4,0,3,8,1,4,5,2,0,0,3,2,8,2,2,0,2,5,13,2
226,5,3,1,4,0,2,0,7,6,5,2,0,0,3,2,8,2,4,0,2,5,12,2
226,5,3,1,4,0,1,0,9,6,5,2,0,0,3,2,8,2,2,0,2,5,1,2
401,6,2,1,4,0,4,0,7,6,5,7,0,0,3,2,8,2,7,3,3,5,9,1
14,6,0,1,4,0,1,3,7,1,5,0,0,0,0,2,8,2,2,3,3,5,11,2
14,6,1,1,1,0,4,0,7,2,5,0,0,0,0,2,8,2,2,1,2,5,10,2
112,6,2,2,4,0,4,14,7,6,5,1,0,0,3,2,8,1,2,3,3,5,12,2
662,4,2,2,6,0,4,13,6,2,5,7,0,0,0,2,8,1,2,3,3,5,9,1
413,5,3,1,4,0,4,5,6,2,5,1,0,0,3,2,8,2,4,0,2,5,1,2
601,2,1,1,1,0,3,4,12,4,5,7,0,0,0,2,8,2,2,1,2,5,9,2
601,2,2,1,1,0,3,5,6,2,5,7,0,0,0,2,8,2,2,1,2,5,7,2
907,1,0,1,1,0,4,6,6,2,5,0,0,0,3,2,2,1,2,0,2,5,16,2
247,1,0,1,2,0,1,0,12,2,5,7,0,0,3,2,8,2,7,2,2,7,14,2
930,6,1,1,0,0,3,0,7,2,5,0,0,0,3,2,8,2,2,0,2,5,8,2
930,6,4,1,4,0,1,14,7,4,5,0,0,0,3,2,8,2,4,2,2,0,13,2
201,1,4,1,2,0,0,11,9,4,5,7,0,0,3,2,8,2,2,3,3,5,1,2
472,5,1,1,4,0,2,11,7,4,5,7,0,0,3,2,8,2,2,0,2,5,11,2
472,5,1,1,4,0,4,14,7,4,5,7,0,0,3,2,8,2,9,2,2,1,15,2
378,5,0,1,4,0,4,0,4,4,5,1,0,0,3,2,8,2,2,2,2,1,0,2
463,0,0,2,4,0,4,0,2,2,5,7,0,0,3,2,8,2,7,0,2,5,1,2
463,0,4,1,4,0,0,5,6,2,5,7,0,0,3,2,8,2,4,3,3,5,10,2
520,4,4,1,1,0,1,0,7,2,5,7,0,0,3,2,8,1,2,0,2,5,11,2
425,6,4,1,2,0,0,10,6,4,5,1,0,0,3,2,1,1,2,3,3,5,10,2
435,6,0,1,4,0,2,13,6,2,5,7,0,0,3,2,8,2,3,0,1,5,12,2
435,6,4,2,4,0,4,0,7,2,5,7,0,0,3,2,8,2,7,2,2,5,13,2
471,0,0,1,2,0,3,10,9,4,5,7,0,0,3,2,8,2,2,0,2,5,3,2
1016,0,1,1,1,0,4,5,9,6,5,2,0,0,3,2,2,2,3,0,2,5,3,2
1016,0,2,2,4,0,2,5,12,2,5,2,0,0,3,2,8,2,2,1,2,5,0,2
409,2,1,1,1,2,2,9,6,2,2,1,0,0,3,2,8,2,2,0,2,5,12,2
409,2,3,1,4,0,1,5,7,6,5,1,0,0,3,2,8,2,2,1,2,5,10,2
367,3,1,2,4,0,3,5,7,4,5,7,0,0,3,2,8,1,2,1,2,5,1,2
367,3,1,1,4,0,2,9,2,6,5,7,0,0,3,2,8,1,2,3,3,5,1,2
350,4,1,1,2,0,0,11,6,2,5,7,0,0,3,2,8,1,2,3,3,5,2,2
350,4,1,1,1,0,1,8,6,2,6,7,0,0,3,2,2,1,2,0,2,5,1,2
335,4,0,1,4,0,4,14,6,2,5,0,0,0,3,2,8,1,7,1,2,5,0,2
335,4,0,1,4,0,4,7,6,2,2,0,0,0,3,2,8,1,2,2,2,0,7,2
488,4,0,1,4,2,2,0,6,4,1,1,0,0,3,2,8,2,2,3,3,5,13,2
751,4,1,1,1,0,0,14,7,0,1,0,0,0,0,2,6,2,2,3,3,5,10,2
486,0,1,1,1,0,3,5,2,5,7,1,1,0,3,2,8,2,2,1,2,5,16,2
486,0,4,1,4,2,0,0,12,4,5,1,0,0,3,2,2,2,4,3,3,5,11,2
274,1,4,1,4,0,3,5,6,4,5,0,0,0,3,2,8,2,4,2,1,0,1,2
917,0,1,1,1,2,1,5,7,6,5,0,0,0,3,2,8,2,2,2,2,5,3,2
917,0,4,1,4,0,2,5,2,2,4,0,3,0,3,2,2,2,2,0,2,5,1,2
1020,6,1,1,4,0,4,8,7,0,5,0,0,0,3,2,2,1,2,1,2,5,16,1
941,6,1,1,4,0,2,8,7,0,5,1,0,0,3,2,8,1,4,0,2,5,13,2
921,6,1,1,2,0,3,0,6,2,1,0,0,3,3,4,8,2,2,3,3,5,4,2
935,4,1,1,4,0,3,11,6,4,5,0,0,0,3,2,8,2,2,0,2,5,13,2
292,4,1,1,4,0,2,11,6,6,6,0,2,0,3,2,8,2,3,0,1,5,0,2
640,0,2,1,4,0,1,0,9,6,5,7,0,0,0,2,2,1,2,3,3,5,12,1
952,2,1,1,4,0,3,5,4,6,5,1,2,0,3,2,8,2,2,1,2,5,11,1
952,2,1,1,4,0,0,0,9,4,5,1,0,0,3,2,8,2,2,3,3,5,1,1
375,2,0,1,0,2,0,10,9,6,5,0,0,0,3,2,8,1,2,0,2,5,3,2
315,3,1,1,0,0,5,0,6,4,5,7,2,0,3,2,8,2,2,3,3,5,1,2
315,3,0,1,4,0,0,11,6,0,0,7,0,0,3,2,8,2,2,0,2,5,1,2
633,5,1,1,4,0,2,5,6,6,5,0,0,0,0,2,8,2,2,2,1,1,0,2
633,5,3,1,4,0,3,0,6,4,0,0,0,0,0,2,8,2,2,3,3,5,17,2
57,6,1,1,4,2,2,10,6,4,5,7,0,0,3,2,8,1,4,2,2,6,10,1
477,4,1,1,1,0,1,10,6,6,5,7,0,0,3,2,8,2,1,3,3,5,3,2
809,2,1,1,4,0,4,3,9,1,5,1,0,0,0,2,8,2,2,1,2,5,12,2
809,2,0,1,4,0,1,5,7,1,5,1,0,0,0,2,2,2,2,1,2,5,1,2
233,3,1,1,4,0,1,4,2,4,5,7,0,3,3,4,8,1,4,3,3,5,10,2
913,4,2,1,1,0,2,5,1,6,5,7,0,0,3,2,8,2,2,0,2,5,9,2
913,4,0,1,4,0,3,9,4,4,5,7,0,0,3,2,8,2,3,3,3,5,9,2
736,0,4,1,4,0,1,15,9,6,8,7,0,0,0,2,8,2,2,3,3,5,10,2
448,0,0,1,0,0,1,0,0,4,5,0,0,0,3,2,2,2,2,2,1,1,11,2
336,4,4,1,4,0,1,0,9,3,5,1,0,0,3,2,2,2,2,1,2,5,0,1
546,2,0,1,4,0,3,0,9,4,5,1,0,0,3,2,2,2,2,0,2,5,3,2
546,2,4,1,4,0,4,5,7,4,5,1,0,0,3,2,8,2,2,3,3,5,3,2
492,2,4,2,4,0,1,0,9,6,5,7,0,0,3,2,8,2,2,3,3,5,10,2
492,2,0,1,4,0,4,0,10,4,1,7,0,0,3,2,2,2,2,0,2,5,13,2
315,6,1,1,2,0,2,0,10,4,1,7,0,0,3,2,8,1,2,3,3,5,1,2
225,6,0,1,0,0,0,15,6,0,5,7,0,0,3,2,8,2,2,0,2,5,1,2
548,5,0,1,2,0,4,0,5,6,5,7,0,0,0,2,8,2,2,2,2,5,17,2
310,1,3,1,2,0,1,0,6,4,5,7,0,0,3,2,8,2,2,0,2,5,11,2
310,1,4,2,4,0,3,9,6,2,7,7,0,0,3,2,2,2,2,1,2,5,12,2
296,5,1,1,4,0,3,10,6,2,0,0,3,0,3,2,8,2,2,3,3,5,13,2
296,5,4,1,4,0,2,4,7,4,7,0,0,0,3,2,8,2,9,0,2,5,13,2
911,3,2,1,4,0,0,14,7,4,5,7,0,0,3,2,8,2,3,1,2,5,9,2
911,3,1,1,5,0,4,12,9,2,5,7,0,0,3,2,8,2,2,2,2,6,10,2