Time,Day_of_week,Age_band_of_driver,Sex_of_driver,Educational_level,Vehicle_driver_relation,Driving_experience,Type_of_vehicle,Area_accident_occured,Lanes_or_Medians,Road_allignment,Types_of_Junction,Road_surface_type,Road_surface_conditions,Light_conditions,Weather_conditions,Type_of_collision,Number_of_vehicles_involved,Vehicle_movement,Casualty_class,Casualty_severity,Pedestrian_movement,Cause_of_accident,Accident_severity
79,3,4,1,4,0,4,14,7,2,5,7,0,0,3,2,8,2,2,0,2,5,9,2
79,3,1,1,2,0,1,0,7,4,6,7,0,0,3,2,8,2,3,1,2,5,12,2
847,0,1,1,4,2,0,0,7,2,5,0,0,3,0,4,8,2,2,3,3,5,3,2
847,0,1,1,4,0,2,7,7,4,5,0,0,3,0,4,8,2,3,0,2,5,10,2
847,0,1,1,1,0,1,15,7,0,6,0,0,3,0,4,8,2,2,3,3,5,13,2
847,0,4,1,1,2,2,0,7,2,5,0,0,3,0,4,2,2,2,3,3,5,1,2
929,0,1,1,4,0,3,14,2,2,5,7,0,0,3,2,8,2,2,0,2,5,10,2
929,0,4,1,4,0,2,0,7,4,5,7,0,0,3,2,2,2,4,3,3,5,3,2
681,3,0,1,2,0,2,9,4,2,5,1,0,0,0,2,8,2,4,0,2,5,10,2
440,3,1,2,4,0,0,11,4,0,5,0,0,0,3,2,8,1,2,1,2,5,0,1
472,4,4,1,1,0,2,9,3,2,5,7,0,0,3,2,1,2,3,0,2,5,4,2
49,4,1,1,4,0,2,9,6,1,5,0,2,0,3,2,2,2,2,2,2,5,3,2
430,1,0,1,4,0,1,0,3,4,7,7,0,0,3,2,8,2,2,3,3,5,3,2
104,5,4,1,4,0,2,0,6,4,6,7,2,0,3,2,2,2,3,1,1,5,1,2
555,5,0,1,1,0,3,0,9,4,5,0,0,0,0,2,2,2,3,1,1,5,3,2
484,3,3,1,4,0,2,0,6,0,5,1,0,0,3,2,8,2,9,3,3,5,3,2
484,3,1,1,1,0,0,10,6,4,7,1,0,0,3,2,8,2,9,3,3,5,1,2
822,1,4,1,4,0,3,11,7,2,6,7,2,0,0,2,8,1,2,0,1,5,3,2
551,5,0,1,2,2,1,5,2,4,5,1,0,0,0,2,6,2,2,0,1,5,16,2
551,5,4,1,4,0,0,0,4,4,5,1,0,0,0,2,8,2,2,1,2,5,1,2
340,1,2,1,4,0,0,4,6,0,5,7,0,0,3,2,2,1,2,1,1,5,10,2
285,1,1,1,0,2,1,10,2,4,5,7,0,0,3,2,1,2,2,1,2,5,13,1
352,5,1,1,4,0,0,3,9,2,5,2,0,0,3,2,8,2,4,1,2,5,16,2
463,5,1,1,4,0,4,4,9,4,5,1,0,0,3,2,8,3,2,2,2,5,4,2
463,5,0,1,4,0,1,5,6,0,5,1,0,0,3,2,8,3,2,0,2,5,16,2
463,5,4,0,4,0,2,9,6,0,5,1,0,0,3,2,8,3,2,3,3,5,12,2
463,5,3,1,1,0,1,15,7,2,5,0,0,0,3,2,6,2,2,3,3,5,13,2
698,0,4,0,4,0,0,0,2,2,5,2,0,0,0,2,1,2,2,0,2,5,11,2
331,6,1,1,4,0,1,5,9,0,5,7,4,3,3,2,8,2,2,0,2,5,1,2
720,4,0,1,4,0,1,0,6,2,6,1,3,0,0,2,1,2,2,3,3,5,1,2
720,4,4,1,4,0,1,0,6,2,6,1,3,0,0,2,1,2,2,0,2,5,4,2
930,4,0,1,4,0,1,5,9,2,5,0,0,0,3,2,8,2,3,2,2,3,0,2
930,4,0,1,4,0,3,0,2,6,5,0,0,0,3,2,8,2,2,3,3,5,9,2
157,2,2,1,4,0,3,0,7,2,5,0,2,0,3,2,8,1,3,3,3,5,2,2
178,2,1,1,1,0,2,0,6,2,5,7,0,0,3,2,8,2,3,0,2,5,9,2
130,1,0,1,4,0,3,8,2,4,5,7,0,0,3,2,8,2,2,3,3,5,13,2
471,1,1,1,1,0,4,9,9,2,5,1,0,0,3,2,8,2,4,0,2,5,10,2
921,4,0,1,1,0,2,10,6,1,5,0,0,0,3,2,8,2,2,0,2,5,9,2
152,5,1,2,1,0,2,14,9,0,5,1,0,0,3,2,8,2,5,3,3,5,9,2
152,5,4,0,1,0,2,12,6,5,5,1,0,0,3,2,8,2,7,0,2,5,11,2
424,5,4,1,1,0,2,0,2,6,5,1,0,0,3,2,8,1,4,1,2,5,10,2
405,2,4,1,4,0,3,7,1,1,5,7,0,0,3,2,8,2,2,0,2,5,10,2
405,2,0,1,4,0,3,15,0,4,5,7,0,0,3,2,8,2,4,3,3,5,11,2
415,2,1,1,1,0,4,0,7,2,5,7,0,0,3,2,2,2,3,0,2,5,9,1
415,2,0,1,1,0,2,14,7,2,5,7,0,0,3,2,8,2,2,3,3,5,11,1
866,2,0,1,1,0,1,9,7,2,5,0,0,0,3,2,8,2,3,3,3,5,11,2
717,4,0,1,4,0,3,5,6,2,5,7,0,0,0,2,8,1,2,3,3,5,3,2
176,4,0,1,4,0,4,0,6,4,5,0,0,0,3,2,8,2,2,0,2,5,0,2
176,4,1,1,4,0,1,11,7,6,5,0,0,0,3,2,8,2,3,0,2,5,12,2
812,3,3,1,1,0,2,5,7,6,5,7,0,0,0,2,8,2,2,3,3,5,1,2
812,3,3,1,1,0,2,11,7,4,5,7,0,0,0,2,8,2,2,3,3,5,1,2
274,5,4,1,4,0,0,0,2,4,5,0,0,0,3,2,8,1,2,0,2,5,0,2
682,6,1,1,1,2,0,5,2,6,5,7,0,0,0,2,8,3,2,3,3,5,12,2
682,6,4,1,4,0,2,0,7,2,5,7,0,0,0,2,8,3,2,3,3,5,0,2
200,4,1,1,4,0,1,0,12,6,3,7,0,0,3,2,8,2,3,1,2,5,9,1
200,4,0,1,4,0,2,11,6,2,6,7,2,0,3,2,2,2,2,3,3,5,18,1
469,1,0,1,4,2,4,5,7,6,3,7,0,3,3,4,8,1,2,0,0,5,10,2
952,3,2,1,2,0,4,0,6,4,5,7,0,0,3,2,8,1,2,3,3,5,10,2
100,2,1,1,4,0,4,10,7,2,5,0,0,0,3,2,8,2,2,0,1,5,0,2
453,0,0,1,4,0,1,10,6,4,5,0,0,0,3,2,8,1,2,3,3,5,12,2
304,5,1,1,4,0,2,3,2,6,5,7,0,0,3,2,8,2,2,1,2,5,16,2
304,5,4,1,1,0,2,5,6,2,5,7,0,0,3,2,2,2,2,0,2,5,13,2
1030,6,0,1,4,0,2,5,7,4,7,1,0,0,3,2,8,2,4,3,3,5,11,2
375,6,2,1,4,2,2,9,9,4,5,1,0,0,3,2,8,3,2,0,1,5,0,2
506,0,4,1,4,0,2,0,2,2,5,7,0,0,3,2,8,2,7,3,3,5,0,2
672,1,0,1,4,0,3,0,7,2,6,2,0,0,0,2,2,2,2,0,0,5,11,2
686,6,0,1,4,0,3,0,9,0,5,7,0,0,0,2,8,2,2,3,3,5,0,2
686,6,1,1,4,2,3,0,6,2,5,7,0,0,0,2,8,2,2,0,2,5,3,2
38,0,0,1,4,0,6,15,6,4,5,1,0,0,3,2,2,2,3,0,2,5,3,2
340,4,1,1,1,0,2,0,6,2,5,7,0,0,3,2,8,2,2,3,3,5,10,2
520,1,2,1,4,0,1,8,6,2,6,0,3,0,3,2,8,2,2,3,3,5,0,2
435,5,0,1,4,0,1,9,7,2,5,7,0,0,3,2,8,3,2,2,1,5,11,1
435,5,4,1,1,0,1,10,9,0,5,7,0,0,3,2,8,3,9,0,2,5,11,1
249,5,1,1,2,2,3,4,2,4,5,2,0,0,3,2,6,1,2,1,2,5,12,2
534,6,1,1,1,0,0,14,7,2,5,7,0,0,3,2,8,2,3,1,2,5,3,2
534,6,1,1,4,0,3,12,1,2,5,7,0,0,3,2,8,2,3,3,3,5,1,2
357,0,1,1,4,2,2,0,4,4,6,7,0,0,3,2,8,2,4,0,2,5,9,2
607,0,1,1,0,0,2,0,7,2,5,1,0,0,0,2,8,3,2,0,2,5,3,2
607,0,0,1,4,0,2,7,7,6,5,1,0,0,0,2,8,3,2,3,3,5,4,2
607,0,0,1,4,0,3,15,2,6,5,1,0,0,0,2,8,3,2,1,1,5,4,2
555,2,1,1,4,0,0,0,2,4,5,1,0,0,0,2,2,1,2,0,1,5,11,2
572,3,3,1,4,0,1,14,7,2,5,7,0,0,0,2,8,2,2,1,2,5,0,2
572,3,1,1,4,0,4,0,7,1,5,7,0,0,0,2,8,2,2,2,2,6,1,2
676,2,4,1,4,0,3,9,1,2,5,7,0,0,0,2,8,2,2,2,2,6,3,2
127,3,1,1,0,0,2,0,6,4,5,7,4,0,3,2,2,2,4,0,2,5,7,2
127,3,0,1,4,0,2,5,2,2,5,7,0,0,3,2,8,2,2,1,2,5,5,2
356,1,0,1,4,0,0,9,6,2,6,7,0,3,3,4,8,1,10,3,3,5,1,2
66,6,1,1,4,2,1,0,9,6,5,0,0,0,3,2,8,2,2,0,2,5,3,2
410,5,0,1,4,0,3,11,7,0,5,7,0,0,3,2,8,2,2,1,2,5,9,2
410,5,0,1,4,2,1,5,3,1,5,7,0,0,3,2,1,2,2,1,2,5,0,2
89,6,2,1,4,0,2,11,7,4,5,0,2,0,3,2,6,2,9,3,3,5,17,2
318,5,1,1,4,0,1,0,7,4,5,1,0,0,3,2,8,2,2,1,1,5,0,2
318,5,0,1,1,0,2,5,7,4,5,1,2,0,3,2,8,2,3,3,3,5,11,2
520,4,2,1,0,2,2,0,6,2,5,1,0,0,3,2,4,2,2,0,2,5,10,2
520,4,4,0,4,0,1,10,7,2,6,1,0,0,3,2,8,2,2,3,3,5,10,2
948,4,0,1,4,0,1,0,9,2,5,7,2,3,3,4,2,2,2,0,2,5,0,2
948,4,0,1,4,0,1,11,7,4,5,7,0,3,3,4,8,2,2,3,3,5,10,2
956,4,0,1,4,0,2,5,7,4,5,0,0,0,3,2,8,2,10,1,2,5,0,2
956,4,0,1,4,0,0,0,2,4,5,0,0,0,3,2,8,2,2,2,2,0,10,2
483,3,0,1,4,2,1,4,6,4,5,7,0,0,3,2,1,2,2,0,1,5,10,2
483,3,2,1,2,2,1,10,12,6,5,7,0,0,3,2,8,2,2,3,3,5,10,2
808,3,4,1,2,0,0,5,4,1,5,0,0,0,0,2,2,2,8,1,2,5,1,2
808,3,4,1,0,0,0,4,7,4,5,0,0,0,0,2,8,2,9,3,3,5,10,2
808,3,1,1,4,0,3,5,9,4,5,0,0,0,0,2,8,2,1,3,3,5,16,2
180,2,1,1,2,0,0,9,1,2,5,1,0,0,3,2,2,1,3,3,3,5,13,2
267,3,0,1,0,1,1,15,5,2,5,1,0,0,3,2,8,2,2,1,2,5,1,2
275,1,1,1,1,0,2,0,5,4,5,0,0,0,3,2,6,2,2,1,2,5,12,2
275,1,2,1,2,0,2,5,5,6,3,0,0,0,3,2,1,2,10,3,3,5,0,2
275,1,2,1,2,0,1,0,12,6,3,0,0,0,3,2,8,2,2,3,3,5,16,2
964,6,0,1,4,0,0,0,5,2,5,7,0,0,3,2,8,2,2,0,2,5,10,2
964,6,4,1,0,0,3,5,5,4,5,7,0,0,3,2,8,2,10,3,3,5,12,2
495,5,0,1,0,0,1,0,5,2,0,0,0,0,3,2,1,2,8,0,2,5,1,2
495,5,0,1,1,0,2,0,5,2,7,0,0,0,3,2,1,2,2,1,2,5,0,2
80,4,0,1,1,0,0,0,6,4,7,7,0,0,3,2,8,2,3,3,3,5,10,2
1001,6,1,1,4,0,1,0,6,4,5,7,0,0,3,2,8,2,9,0,1,5,9,2
1001,6,1,1,4,0,2,8,1,4,5,7,0,0,3,2,2,2,3,3,3,5,10,2
89,6,0,1,4,0,0,0,7,2,6,7,0,0,3,2,8,2,3,1,2,5,10,2
117,5,0,1,4,0,0,9,9,2,5,7,0,0,3,2,2,2,2,1,2,5,0,2
163,5,1,1,3,0,6,4,9,4,5,7,0,0,3,2,8,2,2,2,2,1,9,1
497,4,1,1,4,0,0,12,6,2,5,1,0,0,0,2,2,2,2,1,2,5,12,2
375,2,1,1,4,0,3,0,7,6,5,1,0,0,3,2,8,2,2,1,2,5,3,2
375,2,0,1,4,2,2,0,6,2,5,1,0,0,3,2,8,2,2,2,1,6,3,2
664,2,1,1,2,0,0,7,2,6,5,0,0,0,0,2,8,2,2,3,3,5,5,2
664,2,0,1,4,0,3,15,7,2,5,0,0,0,0,2,8,2,2,0,2,5,11,2
662,2,1,1,4,0,0,0,7,1,5,7,0,0,0,2,8,1,2,3,3,5,12,2
967,5,2,1,4,0,1,14,6,0,5,7,0,0,3,2,8,1,4,0,2,5,3,2
394,5,0,1,4,0,3,0,6,1,6,7,0,0,3,2,8,2,4,1,2,5,9,2
394,5,4,1,4,0,1,9,6,4,5,7,0,0,3,2,8,2,2,0,1,5,3,2
517,4,0,1,1,0,0,5,6,4,5,0,3,0,0,2,8,2,2,1,0,5,0,2
405,4,4,1,1,0,2,11,7,0,5,1,0,0,3,2,8,2,2,0,2,5,3,1
933,1,1,1,4,0,1,0,6,2,5,1,0,0,3,2,8,2,2,2,0,1,0,2
385,1,1,1,4,0,4,5,6,2,5,7,3,0,3,2,1,2,2,2,2,0,3,2
911,1,0,1,4,0,2,9,9,2,5,0,0,0,3,2,8,2,2,0,2,5,0,2
820,5,1,1,4,0,2,0,7,4,5,0,2,0,0,2,8,2,2,0,1,5,10,2
263,5,1,1,2,0,1,0,7,0,5,7,0,0,3,2,8,2,7,2,2,6,4,2
263,5,1,1,0,0,2,1,7,0,5,7,0,0,3,2,8,2,4,3,3,5,10,2
477,5,0,1,4,0,3,9,7,2,5,2,0,0,3,2,8,2,2,3,3,5,16,2
477,5,4,1,4,0,4,4,6,0,6,2,0,0,3,2,6,2,2,0,0,5,5,2
921,5,1,1,1,0,2,0,6,2,5,0,0,0,3,2,2,2,2,0,1,5,11,2
947,6,1,1,4,0,0,11,6,1,5,1,0,0,3,2,8,2,2,3,3,5,0,2
392,6,1,1,4,0,3,0,7,4,5,0,0,0,3,2,8,2,2,0,2,5,12,2
753,6,0,1,2,0,4,0,7,2,5,7,0,0,0,2,8,1,3,3,3,5,12,2
274,6,1,1,4,0,1,5,9,2,5,7,0,0,3,2,2,1,3,2,2,1,0,2
940,0,1,1,2,0,3,0,7,2,5,7,0,0,3,2,8,2,9,2,2,1,1,2
940,0,0,1,4,0,3,10,7,2,5,7,0,0,3,2,2,2,4,2,2,0,1,2
655,6,2,1,2,0,2,0,7,2,5,0,0,3,0,4,8,2,4,0,2,5,0,2
655,6,2,1,4,0,3,11,7,4,5,0,0,3,0,4,8,2,2,1,2,5,0,2
655,6,4,1,4,0,0,5,4,4,5,0,2,3,0,4,8,2,2,3,3,5,7,2
529,2,0,1,4,0,1,0,4,4,5,0,0,0,0,2,8,2,4,0,1,5,16,2
529,2,4,1,1,0,1,4,2,0,5,0,0,0,0,2,8,2,4,3,3,5,0,2
135,3,0,1,1,1,2,10,7,4,5,7,0,0,3,2,8,2,2,0,2,5,5,2
135,3,2,1,4,0,2,10,7,4,5,7,0,0,3,2,8,2,7,0,2,5,3,2
893,0,0,1,4,0,3,3,6,4,5,0,3,0,3,2,8,2,9,3,3,5,10,2
893,0,1,1,4,0,4,5,9,2,5,0,3,0,3,2,8,2,2,0,2,5,12,2
274,0,4,1,4,1,4,4,4,4,5,1,0,0,3,2,8,2,2,3,3,5,17,2
274,0,1,1,4,0,3,5,6,4,5,1,0,0,3,2,6,2,2,0,1,5,0,2
926,1,0,1,2,2,2,9,7,4,5,0,2,0,3,2,2,2,2,0,2,5,10,2
225,1,1,1,4,0,1,15,9,4,5,7,0,0,3,2,8,2,2,3,3,5,12,1
170,2,1,1,0,0,2,0,9,6,5,7,0,0,3,2,8,1,2,2,2,6,10,2
652,6,1,1,4,0,1,0,9,2,5,0,0,0,0,2,6,2,2,3,3,5,5,2
652,6,0,1,4,0,2,0,12,6,5,0,0,0,0,2,6,2,2,0,2,5,1,2
317,6,1,1,4,0,1,5,3,6,3,7,0,3,3,4,1,3,3,0,2,5,0,1
317,6,1,1,1,0,0,0,7,4,5,7,0,3,3,4,8,3,2,3,3,5,3,1
163,6,1,1,4,2,0,0,7,6,5,1,0,0,3,2,8,2,4,0,2,5,9,2
163,6,4,1,4,0,1,15,4,4,5,1,0,0,3,2,1,2,2,3,3,5,1,2
804,3,1,1,4,0,1,0,7,2,5,0,2,0,0,2,8,2,4,2,1,5,5,2
804,3,1,1,4,0,1,8,6,0,5,0,0,0,0,2,8,2,4,2,2,6,1,2
71,3,1,1,4,0,1,0,6,0,5,7,0,0,3,2,8,2,8,0,2,5,10,2
502,4,1,1,1,0,1,9,9,0,5,0,0,0,0,2,2,2,4,0,2,5,0,2
502,4,0,1,4,0,1,10,6,0,5,0,2,0,0,2,8,2,4,1,2,5,10,2
695,4,0,1,1,0,2,4,7,4,5,1,0,0,0,2,8,1,4,1,2,5,10,2
634,1,0,1,4,0,3,0,7,1,5,0,0,0,0,2,8,2,2,1,2,5,16,2
9,0,1,1,4,0,3,11,6,0,5,1,0,3,0,4,8,1,2,1,2,5,3,1
768,2,1,1,2,0,3,5,6,2,5,7,0,0,0,2,2,1,2,3,3,5,5,1
315,1,0,1,4,0,1,0,6,2,5,1,4,0,3,2,8,3,2,0,1,5,1,2
315,1,2,1,4,0,2,0,6,4,5,1,0,0,3,2,8,3,2,3,3,5,0,2
541,2,0,1,1,2,2,0,7,4,5,0,0,0,0,2,8,2,2,0,2,5,10,2
882,0,0,1,2,1,3,10,1,4,5,7,0,0,3,2,8,2,7,3,3,5,12,2
882,0,4,1,4,0,3,0,2,4,5,7,0,0,3,2,8,2,2,0,2,5,9,2
122,5,4,1,4,0,0,11,1,6,5,7,0,0,3,2,8,1,4,2,2,5,9,2
546,5,0,1,4,0,1,0,2,0,5,7,2,0,0,2,8,2,1,3,3,5,0,2
144,5,1,1,4,0,1,10,9,1,3,1,0,0,3,2,8,2,2,1,2,5,12,2
144,5,1,1,4,0,3,10,7,1,5,1,0,0,3,2,8,2,2,0,2,5,1,2
716,0,4,1,4,0,2,3,4,1,5,7,0,0,0,2,8,2,9,0,2,5,3,2
348,3,0,1,0,0,0,5,2,6,3,7,0,0,3,2,8,3,0,2,2,6,0,2
348,3,4,1,1,0,3,4,6,6,5,7,0,0,3,2,8,3,0,3,3,5,1,2
348,3,4,0,1,0,2,5,6,4,5,7,0,0,3,2,2,3,0,0,2,5,5,2
643,3,1,1,1,0,1,9,6,0,5,7,0,0,0,2,8,1,0,3,3,5,3,1
974,3,0,1,4,0,2,15,6,4,5,0,0,0,3,2,8,2,0,3,3,5,12,2
678,0,0,1,4,0,2,0,4,2,5,7,0,0,0,2,8,2,0,0,2,5,12,2
118,0,1,1,0,0,2,5,7,2,5,0,0,0,3,2,8,2,0,3,3,5,9,2
118,0,0,1,4,0,3,0,7,1,5,0,2,0,3,2,8,2,0,0,2,5,3,2
259,0,0,1,1,0,1,0,7,1,5,7,0,0,3,2,8,1,0,1,2,5,5,2
663,2,4,1,4,0,2,0,9,6,3,0,0,3,0,2,8,2,2,0,2,5,1,2
450,6,0,1,4,0,1,0,6,2,5,0,0,0,0,2,8,2,2,0,2,5,3,2
534,4,4,1,4,2,2,8,6,4,5,7,0,3,0,4,8,1,2,3,3,5,0,2
657,0,1,1,4,0,3,0,7,2,5,7,3,0,0,2,8,2,3,0,1,5,12,2
657,0,0,1,4,0,4,9,9,2,5,7,0,0,0,2,1,2,5,2,1,5,10,2
649,3,1,1,4,0,4,10,7,4,5,0,0,0,0,5,8,2,2,0,2,5,4,2
668,2,3,1,4,0,1,14,6,4,5,0,0,0,0,2,8,2,2,1,2,5,3,2
150,1,0,1,4,0,3,0,7,4,5,7,0,0,3,2,8,2,2,2,2,6,0,2
440,6,2,1,4,0,3,7,6,2,5,0,0,0,0,2,8,2,2,3,3,5,3,2
440,6,1,1,4,0,3,15,7,2,3,0,0,0,0,2,8,2,2,3,3,5,5,2
1024,5,1,1,4,2,2,0,2,6,5,0,0,0,3,2,8,2,2,0,2,5,3,2
1024,5,1,1,4,0,4,14,4,4,5,0,0,0,3,2,8,2,2,2,0,1,10,2
367,6,1,1,4,0,1,0,7,4,5,7,0,0,3,2,2,2,4,0,2,5,3,2
463,6,0,1,4,0,0,0,7,1,5,7,0,3,0,4,8,2,4,0,2,5,10,2
463,6,4,2,4,0,0,5,1,4,3,7,0,3,0,4,8,2,2,1,2,5,3,2
547,4,0,1,4,0,3,11,2,2,5,1,0,3,0,4,1,2,2,3,3,5,12,2
326,4,4,1,4,0,1,9,7,2,5,0,0,0,3,2,8,2,2,2,2,5,10,2
292,0,2,1,4,0,4,0,6,4,5,7,0,0,3,2,1,1,2,2,2,1,9,2
395,2,0,1,4,0,4,5,9,4,5,7,4,0,0,2,8,2,4,0,1,5,0,2
992,0,1,1,1,0,2,0,7,4,5,1,0,3,3,4,8,2,7,2,2,2,10,2
471,1,2,1,4,0,3,0,7,2,5,0,0,0,0,2,8,2,2,2,2,2,12,2
471,1,0,1,4,0,0,1,9,6,5,0,0,0,0,2,2,2,2,3,3,5,1,2
471,1,0,1,2,0,4,9,12,6,5,0,0,0,0,2,2,2,2,0,2,5,10,2
187,1,1,1,1,0,3,4,2,2,5,7,0,0,3,2,8,1,2,2,1,1,10,2
63,6,1,1,2,2,1,4,6,2,5,7,0,0,3,2,8,1,2,2,2,5,10,2
498,4,1,1,2,0,3,5,7,4,5,3,0,0,0,2,6,2,2,0,2,5,3,2
498,4,1,1,4,0,0,8,3,4,5,3,0,0,0,2,8,2,2,3,3,5,10,2
497,3,0,1,1,0,0,4,7,4,5,7,1,0,0,2,2,1,3,3,3,5,1,2
995,0,1,1,0,0,2,7,7,4,5,7,0,0,3,2,8,2,2,3,3,5,3,2
12,3,4,1,4,0,2,4,7,2,6,1,0,0,0,2,8,1,2,0,1,5,10,2
220,1,4,1,1,0,2,0,7,2,5,0,2,0,3,2,8,2,2,0,2,5,3,2
220,1,3,1,2,2,2,5,7,1,5,0,0,0,3,2,8,2,2,1,2,5,3,2
343,1,1,1,4,0,2,7,7,2,6,7,0,0,0,2,8,2,2,2,2,5,9,2
343,1,0,1,4,2,0,5,6,2,5,7,0,0,0,2,2,2,2,0,2,5,3,2
417,4,4,0,4,0,1,0,9,2,5,1,0,0,0,2,6,2,3,0,2,5,4,2
417,4,1,1,4,2,2,8,7,2,5,1,0,0,0,2,8,2,2,3,3,5,0,2
445,1,1,1,4,2,3,5,9,2,5,7,0,0,0,2,1,2,2,0,2,5,10,2
445,1,4,1,2,0,2,10,7,4,5,7,0,0,0,2,8,2,2,2,1,5,10,2
832,6,0,1,2,2,1,3,9,0,5,7,0,3,0,3,8,2,2,0,2,5,1,2
832,6,0,1,4,0,2,0,6,2,5,7,0,3,0,3,1,2,3,0,2,5,5,2
458,6,1,1,1,0,1,0,6,2,6,7,0,3,0,2,1,1,2,2,1,1,1,2
907,0,0,1,1,0,2,7,6,0,5,1,0,0,3,2,8,2,4,2,2,6,0,2
511,5,0,1,4,0,2,3,7,2,5,0,0,0,0,2,8,2,2,0,2,5,10,2
340,4,1,1,1,0,3,9,7,2,5,7,0,0,3,2,8,1,2,2,2,5,9,2
340,4,1,1,1,0,4,7,7,0,5,7,0,0,3,2,2,1,2,1,2,5,10,2
866,5,1,1,4,0,1,7,7,4,7,0,0,3,0,4,8,2,4,3,3,5,4,2
866,5,1,1,1,2,0,7,6,2,5,0,0,3,0,4,8,2,2,2,2,1,4,2
607,1,4,1,4,2,2,9,6,2,5,7,0,3,0,2,8,1,1,3,3,5,9,2
731,4,4,0,4,0,1,5,6,1,5,0,0,0,0,2,8,2,2,0,2,5,9,2
731,4,0,1,4,0,1,7,9,0,5,0,0,0,0,2,8,2,2,2,1,5,16,2
357,3,4,0,2,0,1,9,1,2,5,7,0,0,3,2,8,1,2,3,3,5,3,2
336,2,1,1,4,0,3,7,2,0,5,7,0,0,0,2,8,2,2,0,2,5,0,2
336,2,1,1,4,0,1,4,6,4,5,7,0,0,0,2,8,2,2,3,3,5,5,2
1021,2,4,1,4,0,0,7,7,2,5,1,0,0,3,2,8,1,2,0,2,5,10,2
689,2,1,1,4,0,1,7,9,6,3,7,0,0,2,2,8,2,3,3,3,5,9,2
689,2,1,1,4,0,2,7,12,6,5,7,0,0,2,2,8,2,2,0,2,5,0,2
93,0,2,1,4,0,0,8,6,2,5,7,0,0,3,2,8,2,4,0,2,5,1,2
93,0,0,1,1,0,0,0,7,6,5,7,0,0,3,2,8,2,2,1,2,5,10,2
300,4,4,1,4,0,1,7,7,2,5,7,0,0,3,2,8,2,2,3,3,5,2,2
300,4,0,1,4,0,3,5,6,2,7,7,0,0,3,2,8,2,2,0,1,5,1,2
515,1,4,1,4,0,4,10,6,2,5,1,0,0,0,2,2,2,2,3,3,5,12,2
716,5,1,1,1,2,2,8,6,2,5,0,0,0,0,2,8,2,3,0,2,5,18,2
695,0,3,1,4,0,0,9,6,4,5,0,0,0,0,2,8,2,2,3,3,5,1,2
791,0,1,1,4,0,0,0,6,6,6,1,0,0,0,2,8,2,2,1,2,5,11,1
763,2,1,1,4,0,0,0,4,6,5,7,0,3,0,3,8,1,2,3,3,5,11,2
907,5,0,1,4,0,0,7,9,4,5,0,0,0,3,2,1,2,4,0,2,5,0,2
907,5,4,1,2,2,3,5,9,6,5,0,0,0,3,2,8,2,2,3,3,5,0,2
357,1,0,1,4,0,3,5,4,6,5,7,0,3,0,4,8,2,2,0,2,5,10,2
357,1,1,1,4,0,0,3,9,4,5,7,0,3,0,4,8,2,2,0,1,5,12,2
984,5,1,1,4,0,0,14,9,6,5,0,0,0,3,2,8,1,2,0,2,5,10,2
333,5,2,1,2,0,1,9,6,4,5,0,0,0,3,2,2,1,2,0,2,5,10,2
835,4,1,1,4,0,1,0,6,0,0,3,0,0,0,2,8,2,2,2,1,5,1,2
835,4,0,1,4,0,0,9,6,6,5,3,0,0,0,2,8,2,3,2,2,5,0,2
637,4,3,1,1,0,2,5,6,4,0,0,0,3,0,4,8,2,2,3,3,5,10,2
637,4,1,1,4,0,2,0,6,1,5,0,0,3,0,4,8,2,2,0,2,5,17,2
624,4,1,1,4,0,0,5,6,4,5,7,0,3,0,4,8,1,2,0,1,5,12,2
35,0,1,1,1,1,2,5,6,6,5,7,0,0,0,2,8,2,2,3,3,5,9,2
35,0,1,1,4,0,1,8,9,6,5,7,1,0,0,2,8,2,2,3,3,5,5,2
774,3,4,1,1,0,2,7,9,1,5,0,0,0,0,2,2,3,2,0,2,5,9,2
774,3,2,1,4,0,3,0,7,1,5,0,0,0,0,2,8,3,2,1,2,5,1,2
774,3,2,1,4,0,3,0,2,4,5,0,0,0,0,2,8,3,2,1,2,5,15,2
774,3,2,1,1,2,1,4,1,6,5,0,0,0,0,2,8,3,2,0,1,5,5,2
774,3,2,1,1,0,2,1,4,4,5,0,0,0,0,2,8,3,2,0,2,5,3,2
292,2,1,1,1,0,3,5,9,6,8,7,0,0,3,2,8,2,2,2,1,6,12,2
292,2,0,1,4,0,2,4,6,0,5,7,0,0,3,2,8,2,4,0,2,5,15,2
367,2,0,1,4,0,1,4,0,4,5,1,0,0,0,2,2,2,2,0,2,5,5,2
367,2,4,1,1,0,3,0,13,6,5,1,0,0,0,2,8,2,2,3,3,5,1,2