Time,Day_of_week,Age_band_of_driver,Sex_of_driver,Educational_level,Vehicle_driver_relation,Driving_experience,Type_of_vehicle,Area_accident_occured,Lanes_or_Medians,Road_allignment,Types_of_Junction,Road_surface_type,Road_surface_conditions,Light_conditions,Weather_conditions,Type_of_collision,Number_of_vehicles_involved,Vehicle_movement,Casualty_class,Casualty_severity,Pedestrian_movement,Cause_of_accident,Accident_severity
96,3,1,1,1,0,3,0,9,3,5,1,0,0,3,2,8,2,2,1,2,5,1,2
538,3,2,1,4,0,3,10,9,4,5,0,0,3,1,4,2,2,2,0,2,5,1,2
538,3,3,1,4,0,1,9,7,4,5,0,0,3,1,4,2,2,2,3,3,5,9,2
415,1,0,1,4,0,3,7,9,6,5,7,0,3,0,8,8,2,2,0,2,5,10,2
415,1,4,1,4,0,3,0,10,4,1,7,0,3,0,8,8,2,4,2,0,5,15,2
789,2,0,1,4,0,4,0,10,4,1,1,0,0,0,2,2,2,2,3,3,5,10,2
789,2,4,1,4,2,3,10,6,0,5,1,0,0,0,2,2,2,2,0,1,5,3,2
385,5,2,1,2,1,3,10,9,4,1,7,0,3,0,2,8,1,2,3,3,5,10,2
952,5,1,1,4,0,2,0,9,6,5,7,3,0,3,2,8,2,2,0,2,5,10,2
435,6,1,1,4,0,2,8,9,6,5,7,0,0,0,2,2,1,2,2,1,5,1,2
668,4,4,0,4,0,2,5,2,6,5,7,0,0,0,2,8,1,2,3,3,5,10,2
573,0,3,1,4,2,4,0,6,4,5,0,0,0,0,2,3,2,2,0,2,5,12,2
573,0,4,1,4,0,2,0,6,2,7,0,0,0,0,2,8,2,2,1,2,5,0,2
160,3,3,1,1,0,1,5,6,2,0,0,0,0,3,2,2,1,3,1,2,5,9,2
640,3,3,1,1,0,1,7,7,4,5,7,0,0,0,2,8,2,2,0,2,5,0,2
640,3,4,0,4,2,1,0,9,2,5,7,0,0,0,2,8,2,2,1,2,5,11,2
463,5,2,1,4,0,3,0,7,2,5,7,0,0,0,2,8,2,2,1,2,5,10,2
463,5,4,1,4,0,1,0,7,4,6,7,0,0,0,2,8,2,3,3,3,5,10,2
595,2,4,1,4,0,0,0,7,2,5,0,0,0,0,2,3,4,2,0,2,5,17,2
595,2,0,1,4,0,1,5,7,4,5,0,0,0,0,2,3,4,4,1,2,5,10,2
595,2,0,1,4,0,0,7,7,0,6,0,0,0,0,2,0,4,4,3,3,5,6,2
595,2,4,1,4,0,2,8,7,2,5,0,3,0,0,2,0,4,2,2,2,6,9,2
42,1,2,1,4,0,2,14,2,2,5,1,0,0,3,2,0,1,2,2,2,5,11,2
666,1,1,1,1,2,1,7,7,4,5,7,0,0,0,2,0,1,2,3,3,5,0,2
455,6,1,1,1,0,4,8,4,2,5,1,0,0,0,2,0,1,2,3,3,5,0,2
907,4,0,1,4,0,3,5,7,2,5,1,2,0,3,2,0,1,2,0,2,5,10,2
435,2,1,1,2,0,0,0,6,2,5,7,0,0,0,2,0,4,1,1,1,5,1,2
435,2,4,1,4,0,3,0,7,2,5,7,3,0,0,2,0,4,2,0,2,5,2,2
349,3,2,1,4,0,4,16,3,2,5,7,0,3,0,4,0,3,2,1,2,5,0,2
349,3,0,1,4,0,2,14,2,4,5,7,0,3,0,4,6,3,2,2,2,5,10,2
349,3,0,1,1,0,2,0,3,4,7,7,2,3,0,4,0,3,3,2,2,5,1,2
274,2,0,1,4,2,0,0,6,6,5,7,0,0,3,2,6,2,2,3,3,5,1,2
274,2,3,1,4,0,2,0,7,2,0,7,0,0,3,2,0,2,4,0,2,5,10,2
935,0,1,1,2,0,1,5,6,2,7,7,0,0,3,2,8,1,2,0,2,5,3,2
764,0,1,1,4,0,0,5,7,0,3,0,0,0,0,2,4,2,2,3,3,5,3,2
764,0,1,1,4,0,2,0,6,4,6,0,2,0,0,2,3,2,2,0,1,5,1,2
2,0,2,1,4,0,5,5,7,2,5,7,0,0,0,2,6,2,3,0,2,5,1,2
315,3,4,1,4,0,3,5,6,4,7,7,0,0,3,2,0,2,2,1,2,5,10,2
130,4,0,1,4,0,2,0,6,6,5,7,0,0,3,2,4,2,2,2,2,5,17,2
728,2,0,1,2,2,1,0,2,4,5,1,0,0,0,2,0,1,2,3,3,5,1,2
564,1,0,1,4,0,4,10,4,4,5,1,0,0,0,2,0,1,2,0,1,5,2,2
472,5,1,1,4,2,3,0,6,0,5,2,0,0,0,2,1,2,2,3,3,5,0,2
472,5,4,1,4,0,3,10,2,4,5,2,0,0,0,2,8,2,2,1,1,5,3,2
511,4,2,1,1,0,1,10,6,4,5,0,0,0,0,2,8,2,2,3,3,5,10,2
511,4,4,1,4,0,1,0,6,6,5,0,2,0,0,2,1,2,2,0,1,5,9,2
405,6,2,1,5,0,3,4,9,2,5,1,0,0,0,2,8,2,2,3,3,5,11,2
405,6,0,1,1,0,2,0,6,2,5,1,0,0,0,2,2,2,4,0,1,5,9,2
130,6,0,1,4,0,4,5,9,4,5,7,0,0,3,2,8,2,2,2,2,1,1,2
130,6,0,1,1,0,4,7,6,0,5,7,0,0,3,2,8,2,2,0,1,5,10,2
282,4,1,1,4,0,4,8,6,0,5,7,4,0,3,2,8,1,2,3,3,5,6,2
646,0,3,1,4,0,2,4,7,2,5,1,3,0,0,2,6,2,2,3,3,5,1,2
646,0,1,1,4,2,2,6,7,2,5,1,3,0,0,2,8,2,2,0,1,5,3,2
435,3,2,1,2,2,2,8,9,2,5,7,0,0,0,2,8,2,2,0,2,5,4,2
435,3,4,1,4,0,2,4,2,2,5,7,0,0,0,2,8,2,3,0,2,5,1,2
36,1,0,1,4,0,1,4,2,0,5,0,2,0,0,2,1,2,2,0,2,5,1,1
36,1,1,1,1,0,2,0,9,0,5,0,0,0,0,2,8,2,2,0,2,5,3,1
405,1,0,1,4,0,1,0,6,2,6,7,0,3,0,3,2,2,2,1,2,5,0,2
405,1,4,1,4,0,4,7,6,2,6,7,0,3,0,3,8,2,2,1,0,5,12,2
264,5,0,1,1,0,1,7,9,2,5,7,0,0,3,2,6,2,2,1,2,5,3,2
264,5,3,1,4,0,1,0,2,6,5,7,2,0,3,2,8,2,2,0,2,5,1,2
586,6,0,1,4,0,1,15,7,2,5,0,0,3,0,3,8,2,2,3,3,5,3,2
586,6,0,1,4,0,2,7,6,2,5,0,0,3,0,3,8,2,1,3,3,5,5,2
233,3,0,1,4,0,2,15,7,2,5,0,0,0,3,2,8,3,2,0,2,5,10,2
112,6,2,1,4,0,4,0,2,4,5,0,0,0,3,2,8,2,2,3,3,5,9,2
112,6,4,1,4,0,0,0,7,4,5,0,0,0,3,2,2,2,3,0,1,5,10,2
348,4,3,1,4,0,4,0,7,1,5,0,0,0,3,2,2,2,2,1,2,5,1,2
181,5,1,1,4,0,4,5,6,1,5,0,2,0,3,2,8,2,2,0,2,5,9,2
830,1,1,1,4,0,0,8,9,0,5,0,0,0,0,2,8,1,2,3,3,5,5,2
66,5,0,1,4,0,4,3,2,6,5,0,2,0,3,2,8,2,2,2,1,1,12,2
969,0,1,1,4,0,0,10,1,1,5,7,0,0,3,2,8,2,2,0,2,5,12,2
611,1,0,1,1,2,2,5,0,4,5,0,0,0,0,2,8,2,2,1,2,5,12,2
611,1,0,1,4,0,1,10,7,2,5,0,0,0,0,2,8,2,4,3,3,5,12,2
611,1,4,1,4,2,4,7,7,2,5,0,0,0,0,2,2,2,4,0,2,5,10,2
42,4,1,1,6,0,2,5,7,2,5,7,0,0,3,2,1,2,2,0,2,5,1,2
42,4,1,1,4,0,2,3,6,6,5,7,0,0,3,2,2,2,1,2,2,5,3,2
1,1,4,1,4,0,3,8,6,2,5,7,0,0,0,2,8,2,2,1,2,5,10,2
430,1,3,1,4,0,2,5,6,4,5,7,0,0,0,2,6,2,2,1,2,5,1,2
430,1,0,1,4,0,3,5,7,6,5,7,0,0,0,2,8,2,2,0,2,5,5,2
737,2,1,1,4,0,1,0,7,6,5,7,0,0,0,2,8,1,2,0,2,5,10,1
348,0,2,1,4,0,4,7,7,4,5,7,0,0,3,2,8,1,1,1,2,5,17,2
872,0,0,1,4,2,2,7,9,4,5,7,0,0,0,2,8,2,2,3,3,5,1,2
872,0,1,1,4,0,1,0,2,4,5,7,2,0,0,2,8,2,4,0,1,5,12,2
423,5,0,1,1,0,4,8,6,0,5,1,0,0,0,2,8,2,2,2,2,6,1,2
423,5,0,1,4,0,1,0,2,6,5,1,0,0,0,2,8,2,2,0,2,5,0,2
104,3,1,1,4,0,2,9,7,2,5,7,0,0,3,2,2,1,2,3,3,5,10,2
396,4,1,1,2,0,3,7,12,6,3,7,0,0,3,2,8,2,2,0,2,5,3,2
289,5,0,1,4,0,2,9,6,2,6,7,0,0,3,2,8,2,7,0,2,5,10,2
289,5,4,0,1,0,0,14,7,6,3,7,0,0,3,2,8,2,4,0,2,5,3,2
288,4,4,1,1,0,2,5,6,4,5,7,0,0,3,2,1,2,2,3,3,5,3,2
288,4,4,1,4,0,2,5,7,4,5,7,0,0,3,2,8,2,2,0,2,5,9,2
728,6,4,0,4,0,0,5,7,2,5,0,0,0,0,2,8,2,2,3,3,5,16,2
728,6,0,1,4,2,2,0,6,4,5,0,0,0,0,2,8,2,2,0,2,5,12,2
478,6,0,1,2,2,3,5,7,0,5,0,0,0,0,2,8,2,2,1,2,5,12,1
903,1,1,1,6,2,2,9,6,2,5,1,0,0,3,2,8,2,2,2,2,6,12,2
903,1,1,1,0,0,3,0,6,2,5,1,0,0,3,2,2,2,2,1,2,5,10,2
400,1,1,1,2,0,4,14,7,4,7,7,2,3,0,4,8,1,2,3,3,5,9,1
400,1,1,1,4,0,0,0,9,4,5,7,0,3,0,4,8,1,3,3,3,5,1,1
762,3,4,0,4,0,3,8,7,6,5,7,0,0,0,2,8,1,4,0,2,5,10,2
456,6,4,0,4,0,0,5,12,0,5,7,0,0,0,2,8,1,2,3,3,5,5,2
385,1,0,1,3,2,0,0,7,2,3,1,0,0,0,2,8,2,2,2,2,6,10,2
385,1,1,1,4,2,4,10,7,2,8,1,0,0,0,2,6,2,4,2,2,6,10,2
147,0,0,1,4,2,0,0,2,2,5,7,0,0,3,2,8,2,4,2,1,6,1,2
141,4,2,1,5,2,2,9,7,2,6,0,0,3,3,2,8,1,7,0,2,5,9,1
741,4,1,1,5,2,3,6,9,0,5,5,3,0,0,2,2,1,4,1,2,5,10,2
962,4,0,1,4,2,1,9,6,2,5,7,0,0,3,2,8,2,9,1,2,5,10,2
962,4,1,1,1,2,3,5,6,4,5,7,0,0,3,2,8,2,2,0,2,5,3,2
981,5,0,1,6,2,2,0,6,2,5,1,0,0,3,2,8,2,2,3,3,5,9,2
209,4,0,1,4,2,2,14,6,2,5,7,0,0,3,2,8,2,2,0,2,5,1,2
209,4,0,1,4,2,4,8,6,2,6,7,0,0,3,2,8,2,2,3,3,5,3,2
956,4,0,1,4,2,1,0,6,2,6,7,0,0,3,2,8,2,2,2,1,6,4,2
956,4,1,1,1,0,1,0,6,2,5,7,0,0,3,2,8,2,2,3,3,5,1,2
507,0,1,1,4,0,1,7,9,0,5,7,0,0,0,2,8,2,2,0,2,5,1,2
709,6,4,0,4,0,2,0,2,4,5,0,0,0,0,2,8,2,4,0,2,5,12,2
709,6,1,1,4,0,2,10,7,2,5,0,0,0,0,2,8,2,2,2,2,5,1,2
59,6,1,1,4,0,3,10,1,2,5,0,0,0,3,7,8,2,2,3,3,5,18,2
974,5,1,1,4,0,2,9,4,4,6,7,0,0,3,2,1,2,2,0,2,5,2,1
974,5,1,1,4,0,3,9,7,2,5,7,0,0,3,2,8,2,3,1,2,5,10,1
572,0,0,1,4,2,2,0,2,6,5,7,4,3,0,2,2,2,2,3,3,5,3,2
430,6,0,1,4,0,2,8,2,4,5,7,0,0,0,2,8,2,7,1,2,5,3,2
430,6,0,1,4,0,4,8,7,2,5,7,0,0,0,2,8,2,2,0,2,5,9,2
612,2,0,1,4,0,2,0,1,2,5,7,0,0,0,2,8,2,4,3,3,5,1,2
928,6,0,1,4,0,2,14,7,4,5,7,0,0,3,2,8,2,4,3,3,5,16,2
928,6,2,1,4,0,3,6,6,4,5,7,0,0,3,2,1,2,8,0,2,5,10,2
918,6,1,1,4,0,3,7,6,2,5,0,4,0,3,7,1,2,4,3,3,5,9,1
903,5,1,1,4,0,3,0,6,4,7,1,0,0,3,2,2,3,4,3,3,5,10,1
903,5,2,1,4,0,3,0,7,4,5,1,0,0,3,2,8,3,2,0,2,5,10,1
458,5,0,1,4,0,2,11,6,2,6,0,0,0,0,2,8,2,2,0,2,5,12,2
458,5,4,0,4,0,1,0,9,6,5,0,0,0,0,2,8,2,2,3,3,5,0,2
572,0,4,0,4,0,4,7,9,2,5,5,0,0,0,2,8,1,2,0,1,5,10,2
259,4,1,1,4,0,4,0,7,0,5,0,0,0,3,2,8,1,2,0,1,5,5,2
857,0,1,1,4,0,1,7,3,1,5,7,0,0,0,2,1,2,2,3,3,5,0,2
216,4,2,1,4,0,4,8,7,4,5,7,4,0,3,2,8,2,2,3,3,5,4,2
67,5,0,1,6,0,4,8,7,4,5,1,0,0,3,2,8,1,7,2,2,5,1,1
67,5,0,1,4,0,4,0,7,4,5,1,0,0,3,2,9,1,2,2,2,5,1,1
240,2,0,1,4,0,0,5,6,2,5,7,1,0,3,2,8,1,4,3,3,5,9,2
214,1,0,1,1,0,3,5,9,2,5,7,0,0,3,2,8,2,1,0,2,5,0,2
178,2,0,1,1,0,4,5,7,4,5,0,0,0,3,2,8,1,2,0,2,5,9,2
178,2,0,1,2,0,1,5,7,4,5,0,0,0,3,2,8,1,2,3,3,5,10,2
1009,0,1,1,4,0,1,10,2,4,5,5,0,0,3,2,8,2,2,0,2,5,9,2
1009,0,0,1,0,0,3,0,6,4,5,5,2,0,3,2,8,2,2,1,2,5,1,2
460,5,4,0,4,0,1,7,12,6,5,7,0,3,0,2,8,1,9,0,2,5,0,2
964,5,4,0,4,0,1,7,7,4,5,7,0,0,3,2,8,1,0,3,3,5,12,2
340,5,4,0,2,0,0,7,6,4,5,7,0,0,3,2,1,1,0,0,2,5,10,2
730,4,2,1,4,0,2,0,9,6,3,7,0,0,0,2,2,1,0,3,3,5,12,2
702,2,1,1,4,0,4,7,4,1,5,0,0,0,0,2,2,1,0,0,2,5,5,2
564,6,1,1,4,0,4,5,7,4,5,5,0,0,0,2,8,2,4,3,3,5,1,2
672,2,0,1,4,0,4,5,1,2,5,7,0,3,0,4,8,1,9,0,2,5,10,2
430,4,4,0,4,0,0,9,6,6,5,0,0,0,3,2,8,1,0,1,2,5,0,1
127,2,1,1,1,0,1,5,5,2,5,7,0,0,3,7,8,2,0,0,2,5,1,2
127,2,0,1,2,0,0,7,5,2,5,7,0,0,3,7,2,2,0,1,2,5,1,2
964,5,0,1,4,0,2,5,5,4,5,7,3,0,3,2,8,2,0,2,2,6,5,2
38,5,0,1,2,0,3,11,5,6,3,1,0,0,3,2,8,2,4,2,2,5,0,2
38,5,0,1,1,2,2,5,12,6,3,1,0,0,3,2,8,2,2,3,3,5,11,2
526,4,0,1,1,0,4,7,5,2,5,0,0,0,0,2,8,2,2,0,2,5,10,2
526,4,4,1,4,0,2,7,5,4,5,0,0,0,0,2,8,2,4,1,2,5,10,2
104,0,1,1,1,2,2,0,5,2,0,7,0,0,3,2,1,2,2,3,3,5,0,2
104,0,4,2,4,0,1,5,5,2,7,7,0,0,3,2,1,2,2,0,1,5,1,2
89,6,1,1,4,0,3,8,6,4,7,7,0,0,3,2,2,1,2,2,1,1,3,2
836,1,1,1,4,0,2,0,5,4,7,1,0,3,3,4,1,1,2,3,3,5,10,2
451,5,0,1,1,0,2,7,5,4,5,7,0,0,3,2,8,2,7,3,3,5,9,2
882,2,1,1,1,0,1,0,6,4,5,7,0,0,3,2,8,2,3,0,2,5,10,2
882,2,4,0,4,0,4,14,1,4,5,7,0,0,3,2,2,2,5,2,0,6,11,2
300,4,0,1,4,0,4,7,6,4,5,7,0,0,3,2,2,2,2,3,3,5,0,2
956,1,1,2,4,2,2,12,9,2,5,7,0,0,3,2,8,1,2,0,1,5,3,2
435,5,0,1,1,0,3,5,7,4,5,7,0,0,3,2,8,2,2,3,3,5,9,2
435,5,1,1,4,2,0,5,6,2,5,7,0,0,3,2,8,2,2,0,2,5,12,2
771,0,2,1,4,0,3,14,7,6,5,1,4,0,0,2,8,1,2,0,1,5,0,1
855,3,0,1,4,0,2,0,2,6,5,7,0,0,3,2,2,2,4,0,2,5,5,2
127,3,1,1,4,0,4,0,7,2,5,1,0,3,3,8,2,1,0,0,2,5,9,2
984,4,1,1,4,0,2,8,7,1,5,7,0,0,3,2,1,2,9,0,2,5,1,2
984,4,4,0,2,0,3,15,6,0,5,7,0,0,3,2,8,2,2,1,2,5,1,2
727,4,1,1,1,0,0,0,6,4,5,7,0,0,0,2,8,2,2,0,2,5,9,2
990,4,1,1,4,2,0,9,6,4,5,7,0,3,3,4,8,1,2,3,3,5,11,2
848,2,0,1,4,0,2,7,7,2,5,0,0,0,3,2,8,2,1,0,2,5,1,2
245,0,0,1,4,0,3,8,6,2,5,7,0,0,3,2,8,2,3,1,2,5,0,2
41,4,0,1,4,0,2,5,6,2,5,7,0,0,3,2,8,2,2,2,1,6,9,1
41,4,1,1,4,0,4,5,2,4,5,7,0,0,3,2,8,2,2,0,2,5,10,1
323,4,4,0,4,0,3,3,6,2,5,7,0,0,3,2,8,1,12,0,2,5,9,2
1016,5,1,1,4,0,2,11,9,2,5,7,0,0,3,2,8,2,2,0,2,5,16,2
1016,5,1,1,4,2,3,11,12,2,5,7,0,0,3,2,8,2,4,0,2,5,0,2
459,6,2,1,4,0,2,0,6,4,5,7,0,0,3,2,8,2,2,3,3,5,1,2
459,6,3,1,4,0,0,0,7,4,5,7,0,0,3,2,8,2,2,0,2,5,16,2
503,4,2,1,4,0,0,0,7,0,5,7,4,0,3,2,8,2,2,1,2,5,14,1
503,4,0,1,4,0,0,7,7,0,5,7,0,0,3,2,8,2,2,3,3,5,13,1
984,6,1,1,2,0,1,9,7,2,5,7,0,0,3,2,8,2,5,0,2,5,12,2
979,6,1,1,1,0,1,14,6,2,5,7,0,0,3,2,8,2,2,3,3,5,9,2
497,6,0,1,4,1,5,0,6,1,5,7,2,0,3,2,8,2,2,3,3,5,10,2
469,5,0,1,4,0,0,8,7,4,5,1,0,0,3,2,8,2,3,0,2,5,10,2
469,5,4,1,4,0,3,16,7,2,5,1,0,0,3,2,8,2,1,1,2,5,9,2
233,6,1,1,4,0,0,8,9,2,5,7,0,0,3,7,8,2,5,0,1,5,1,2
233,6,1,1,4,0,0,7,7,2,5,7,0,0,3,7,2,2,2,3,3,5,11,2
370,6,1,1,4,0,1,14,7,2,5,7,0,0,3,2,2,1,2,3,3,5,9,2
701,0,1,1,2,0,0,8,7,2,5,1,0,0,0,2,8,1,2,1,2,5,7,2
69,6,1,1,4,0,0,5,7,4,5,1,0,0,3,2,8,3,7,1,2,5,16,2
69,6,1,1,1,0,3,5,4,4,5,1,0,0,3,2,8,3,1,3,3,5,14,2
69,6,1,1,4,0,3,0,4,4,5,1,0,0,3,2,8,3,2,0,2,5,1,2
69,6,0,1,1,0,3,0,2,0,5,1,0,0,3,2,2,3,2,3,3,5,8,2
69,6,1,1,4,0,3,8,7,4,5,1,0,0,3,2,8,3,2,0,2,5,13,2
69,6,1,1,4,0,0,8,7,4,5,1,0,0,3,2,2,3,7,2,2,1,0,2
147,6,1,1,4,0,2,5,6,4,5,1,0,0,3,2,2,1,2,3,3,5,1,2
42,6,1,1,2,2,1,9,6,4,5,7,0,0,3,2,1,1,8,0,2,5,11,2
930,5,0,1,4,0,1,7,9,2,5,7,0,0,3,2,8,2,5,3,3,5,15,2
930,5,2,1,4,0,2,14,4,4,5,7,2,0,3,2,2,2,2,0,2,5,0,2
478,5,0,1,4,0,2,0,6,4,5,1,0,0,3,2,8,2,7,2,1,5,12,2
478,5,2,1,4,0,1,0,7,4,5,1,0,0,3,2,8,2,2,3,3,5,1,2
290,6,0,1,2,0,3,5,7,2,5,7,0,0,3,2,8,1,2,0,2,5,10,2
443,0,4,0,1,0,2,14,9,4,5,1,0,0,3,2,8,2,7,3,3,5,11,2
443,0,4,1,4,0,3,5,6,2,5,1,0,0,3,2,8,2,2,0,2,5,10,2
405,0,1,1,6,0,1,11,9,6,5,7,0,0,3,2,8,2,12,3,3,5,12,2
405,0,1,1,4,0,1,0,6,2,5,7,0,0,3,2,2,2,2,0,2,5,13,2
126,4,1,1,2,0,1,0,2,2,5,7,0,0,3,2,8,2,2,0,2,5,3,2
126,4,0,1,4,0,0,0,9,2,5,7,0,0,3,2,2,2,2,3,3,5,0,2
559,0,1,1,1,0,1,5,3,6,3,7,2,0,3,2,8,2,1,2,2,0,0,2
403,4,2,1,4,0,0,5,7,4,5,7,0,0,3,2,8,2,2,2,2,5,12,2
403,4,0,1,1,0,0,0,12,0,5,7,0,0,3,2,2,2,2,0,2,5,10,2
502,6,1,1,2,0,5,14,7,6,5,7,0,0,3,2,2,2,2,1,2,5,1,2
502,6,4,0,4,2,2,9,4,4,5,7,0,0,3,2,8,2,7,1,2,5,1,2
640,4,1,1,4,0,0,9,2,2,5,7,0,0,3,2,8,2,9,0,2,5,2,2
640,4,1,1,4,0,1,0,6,2,5,7,0,0,3,2,8,2,2,1,2,5,10,2
515,4,1,1,4,0,2,9,7,2,5,7,0,0,3,2,8,2,2,1,2,5,1,2
308,3,0,1,4,0,1,0,6,0,5,1,0,0,3,2,8,2,1,2,1,1,13,2
322,1,1,1,4,0,3,5,9,0,5,0,0,0,3,2,2,2,2,0,2,5,13,2
850,0,0,1,4,2,3,0,6,2,5,0,0,3,3,4,8,1,2,3,3,5,1,2
80,5,4,0,1,0,2,7,6,0,5,7,0,0,3,2,8,2,2,0,1,5,16,2
538,1,1,1,1,2,3,7,6,2,5,7,0,0,3,2,8,2,7,3,3,5,13,2
538,1,1,1,4,2,4,0,6,4,5,7,0,0,3,2,8,2,2,0,2,5,4,2
410,1,1,1,4,2,1,5,7,4,5,1,0,0,3,2,8,1,9,3,3,5,2,1
150,5,0,1,4,2,1,5,7,4,5,0,0,0,3,2,8,2,2,1,2,5,19,2
150,5,4,1,2,2,2,5,1,4,5,0,0,0,3,2,8,2,2,0,2,5,1,2
956,1,0,1,1,2,3,10,12,6,5,7,0,3,3,3,8,2,7,0,2,5,12,2
992,6,0,1,1,2,4,10,2,0,5,7,0,0,3,2,8,1,2,3,3,5,0,1
451,6,0,1,4,2,2,5,9,1,3,7,0,0,3,2,6,2,2,3,3,5,16,2
964,1,4,0,4,0,0,7,7,4,5,7,0,0,3,2,8,1,2,1,2,5,12,2
907,1,3,1,2,2,2,5,4,1,5,1,0,0,3,2,8,2,2,0,2,5,11,2
907,1,4,0,4,0,2,0,2,6,3,1,0,0,3,2,8,2,2,1,2,5,1,2
259,2,1,1,4,0,2,7,6,6,5,7,0,0,3,2,8,2,1,3,3,5,3,1
259,2,4,0,4,0,2,6,6,4,5,7,0,0,3,2,2,2,3,0,2,5,1,1
646,0,1,1,4,0,3,0,6,0,5,7,3,0,0,2,2,2,2,1,2,5,1,1
646,0,0,1,4,0,2,0,7,2,5,7,0,0,0,2,8,2,9,0,1,5,0,1
685,6,0,1,4,0,5,5,6,4,5,0,0,0,0,2,2,2,2,3,3,5,17,2
156,5,0,1,1,0,2,11,4,2,5,7,4,0,3,2,8,1,2,3,3,5,10,2
688,4,1,1,1,0,2,5,9,6,5,7,0,0,0,2,8,1,2,0,2,5,3,1
327,2,1,1,4,0,2,11,7,2,5,7,0,0,3,2,8,2,2,3,3,5,0,2
327,2,4,0,2,0,2,5,7,1,5,7,0,0,3,2,8,2,2,0,2,5,12,2
57,6,1,1,4,0,2,5,7,1,5,1,0,0,3,2,8,2,9,0,2,5,1,2
57,6,1,1,4,0,1,5,7,4,5,1,0,0,3,2,1,2,9,1,2,5,10,2
574,2,1,1,4,0,3,9,6,4,5,0,0,0,2,7,2,1,1,3,3,5,9,2
318,2,4,1,6,0,4,5,6,6,6,7,0,0,3,2,2,1,2,0,2,5,10,2
958,2,0,1,1,0,0,0,4,6,5,0,0,0,3,2,8,3,5,3,3,5,10,2
958,2,1,1,1,0,3,0,9,4,5,0,0,0,3,2,1,3,2,0,2,5,3,2
979,5,0,1,4,0,2,10,9,6,5,7,0,0,3,2,8,1,1,0,2,5,1,1
63,2,4,1,1,0,1,11,4,6,5,1,0,0,3,2,8,1,1,3,3,5,0,2
482,6,0,1,4,0,1,14,9,4,5,7,3,0,3,7,8,2,7,0,1,5,3,2
348,5,4,1,4,0,1,5,6,4,5,1,0,0,3,2,1,1,3,0,2,5,10,2
455,2,0,1,4,2,4,14,6,0,0,7,0,0,3,2,8,2,2,3,3,5,13,2
455,2,1,1,4,0,1,5,6,6,5,7,4,0,3,2,8,2,2,0,2,5,1,2
310,0,0,1,4,0,3,9,6,4,0,7,0,0,3,2,8,2,2,3,3,5,1,2
310,0,1,1,4,0,1,5,6,1,5,7,4,0,3,2,8,2,2,0,2,5,10,2
859,0,1,1,1,0,3,7,6,4,5,7,0,0,3,2,2,2,7,3,3,5,10,2
859,0,0,1,1,0,3,14,6,6,5,7,0,0,3,2,8,2,2,2,1,6,17,2
916,1,0,1,1,1,3,0,9,6,5,0,0,0,3,2,8,2,2,3,3,5,2,2
916,1,1,1,4,0,3,11,9,1,5,0,0,0,3,2,8,2,2,0,2,5,12,2
440,0,1,1,4,0,4,7,7,1,5,7,0,0,3,2,8,1,2,3,3,5,11,2
453,0,1,1,1,0,2,5,2,4,5,1,0,0,3,2,2,2,1,0,2,5,12,2
453,0,4,1,4,0,1,0,1,6,5,1,0,0,3,2,8,2,2,2,1,0,13,2
886,6,4,0,4,0,3,11,4,4,5,7,0,0,3,2,8,1,2,3,3,5,13,2
618,0,2,1,4,2,1,0,9,6,8,7,0,0,3,2,8,2,2,0,2,5,10,1
935,4,0,1,4,0,3,8,6,0,5,0,0,0,3,2,8,2,7,0,2,5,9,2
935,4,0,1,6,0,1,9,0,4,5,0,0,0,3,2,8,2,3,0,2,5,12,2
405,3,1,1,4,0,1,5,13,6,5,0,0,0,3,2,8,1,2,1,2,5,3,2
405,3,1,1,2,0,1,5,4,6,5,0,0,0,3,2,8,1,2,0,2,5,10,2
969,3,0,1,4,0,0,5,9,3,5,7,0,0,3,2,8,1,2,1,2,5,13,2
972,6,2,1,2,0,2,10,9,4,5,7,0,0,3,2,8,1,2,0,2,5,1,2
1023,5,0,1,1,0,1,5,7,4,5,5,0,0,3,2,8,2,2,3,3,5,10,2
1023,5,1,1,4,0,0,5,9,6,5,5,0,0,3,2,2,2,2,0,1,5,3,2
163,1,1,1,1,0,0,6,10,4,1,7,0,0,3,2,2,3,9,3,3,5,10,2
163,1,4,1,2,0,5,5,10,4,1,7,0,0,3,2,2,3,2,3,3,5,12,2
163,1,0,1,4,2,2,12,6,0,5,7,0,0,3,2,1,3,4,0,2,5,1,2
962,5,0,1,4,0,0,0,9,4,1,0,2,0,3,2,8,1,2,3,3,5,11,1
63,1,1,1,4,0,1,5,9,6,5,1,0,0,3,2,8,2,2,1,2,5,12,2