Time,Day_of_week,Age_band_of_driver,Sex_of_driver,Educational_level,Vehicle_driver_relation,Driving_experience,Type_of_vehicle,Area_accident_occured,Lanes_or_Medians,Road_allignment,Types_of_Junction,Road_surface_type,Road_surface_conditions,Light_conditions,Weather_conditions,Type_of_collision,Number_of_vehicles_involved,Vehicle_movement,Casualty_class,Casualty_severity,Pedestrian_movement,Cause_of_accident,Accident_severity
63,1,4,1,4,0,2,8,5,6,5,1,0,0,3,2,1,2,2,3,3,5,0,2
916,6,1,1,4,0,1,0,6,4,5,0,0,0,3,2,8,2,3,3,3,5,3,2
916,6,4,1,4,0,3,9,6,2,7,0,0,0,3,2,8,2,3,0,2,5,4,2
905,5,1,1,4,2,3,0,6,2,0,7,0,0,3,2,8,2,3,1,2,5,3,2
42,1,1,1,1,2,3,0,7,4,5,7,0,0,3,2,2,1,2,3,3,5,3,2
504,6,1,1,4,2,2,0,7,2,5,1,3,0,3,2,8,2,9,3,3,5,9,2
504,6,0,1,4,2,3,0,7,4,6,1,0,0,3,2,8,2,1,3,3,5,3,2
971,6,0,1,2,2,3,9,7,2,5,7,2,0,3,2,2,2,2,0,2,5,1,2
979,1,1,1,1,0,2,0,7,0,6,1,0,0,3,2,8,2,2,3,3,5,3,2
979,1,4,1,1,2,3,9,7,2,5,1,0,0,3,2,8,2,9,0,2,5,3,2
206,1,0,1,4,2,4,14,2,2,5,0,2,0,3,2,8,2,7,1,2,5,1,2
206,1,1,1,4,2,1,14,7,4,5,0,0,0,3,2,8,2,3,3,3,5,1,2
947,6,1,1,4,2,1,0,4,2,5,7,0,0,3,2,8,2,4,3,3,5,3,2
947,6,1,1,2,2,2,5,9,0,5,7,0,0,3,2,8,2,2,0,2,5,16,2
492,5,0,1,1,2,3,0,4,5,5,0,0,0,3,2,2,1,2,0,2,5,13,2
595,0,0,1,1,2,4,0,4,0,5,7,0,0,0,2,2,1,2,3,3,5,1,2
974,5,0,1,4,2,2,5,7,2,5,7,0,0,3,2,8,2,2,0,2,5,1,2
974,5,1,1,4,2,2,0,3,2,5,7,0,0,3,2,1,2,2,0,2,5,16,2
947,1,0,1,2,2,2,0,3,4,7,7,0,0,3,2,8,2,4,3,3,5,16,2
947,1,0,1,4,0,2,0,6,6,5,7,0,0,3,2,1,2,3,0,1,5,12,2
612,3,3,1,4,0,2,0,7,2,0,7,0,0,3,2,8,2,2,0,2,5,9,2
612,3,1,1,4,0,2,11,6,4,5,7,0,0,3,2,8,2,3,0,2,5,13,2
406,0,1,1,4,0,2,0,7,0,3,1,0,0,3,2,8,2,3,3,3,5,11,2
945,5,0,1,0,0,4,7,9,4,5,7,0,0,3,2,8,2,2,0,2,5,1,2
945,5,0,1,1,0,2,14,7,2,5,7,0,0,3,2,8,2,2,0,2,5,1,2
455,1,0,1,1,0,2,5,6,0,5,4,2,0,3,2,8,2,2,3,3,5,4,2
455,1,4,0,4,0,2,15,6,4,7,4,0,0,3,2,8,2,2,0,2,5,0,2
894,5,4,1,2,0,2,7,6,6,5,0,0,0,3,2,8,2,4,1,2,5,9,2
894,5,4,0,4,0,2,9,7,2,6,0,4,0,3,2,8,2,2,3,3,5,2,2
507,6,0,1,4,0,1,0,2,4,5,1,0,0,3,2,8,2,3,3,3,5,9,2
507,6,0,1,6,0,2,0,4,4,5,1,0,0,3,2,6,2,3,0,2,5,10,2
507,6,0,1,4,0,3,10,6,0,5,1,0,0,3,2,2,2,3,3,3,5,13,2
507,6,0,1,4,0,0,5,2,4,5,1,0,0,3,2,8,2,2,0,2,5,12,2
507,6,0,1,6,0,4,5,6,4,5,1,0,0,3,2,8,2,2,1,2,5,1,2
26,0,4,1,1,0,0,4,6,6,5,7,0,0,0,2,8,2,2,2,2,5,13,2
26,0,1,1,4,0,2,6,9,2,5,7,0,0,0,2,1,2,2,3,3,5,10,2
964,1,1,1,4,0,0,5,6,2,5,7,0,0,3,2,1,2,4,0,2,5,3,2
964,1,0,1,1,2,2,14,9,4,5,7,0,0,3,2,8,2,2,0,0,5,10,2
882,3,2,1,4,0,1,0,6,0,5,0,0,0,3,2,8,2,2,3,3,5,9,2
882,3,1,1,4,2,4,7,6,0,5,0,0,0,3,2,1,2,2,0,1,5,10,2
362,6,1,1,6,0,2,7,7,2,5,7,0,0,3,2,1,2,7,2,1,1,9,2
362,6,0,1,6,0,2,15,7,2,5,7,0,0,3,2,1,2,3,3,3,5,11,2
959,6,0,1,4,0,2,0,9,2,5,7,0,0,3,2,8,2,2,0,2,5,0,2
959,6,1,0,4,0,1,3,2,2,5,7,0,0,3,2,2,2,2,2,2,1,10,2
1016,1,1,1,4,0,3,3,2,0,5,0,0,0,3,2,8,1,7,3,3,5,13,1
738,5,4,0,4,0,2,5,9,0,5,7,0,0,0,2,8,1,2,1,2,5,10,1
139,2,1,1,4,0,3,5,6,2,6,7,0,0,3,2,2,2,7,1,2,5,11,2
139,2,4,0,4,0,1,4,6,2,6,7,0,0,3,2,8,2,4,2,2,5,9,2
772,5,4,0,4,0,4,15,2,6,5,7,3,0,0,2,8,2,2,0,1,5,10,2
501,0,0,1,4,2,2,7,7,2,5,7,0,0,3,2,8,2,2,3,3,5,11,1
501,0,4,0,4,0,1,0,6,2,5,7,0,0,3,2,1,2,2,0,1,5,3,1
511,5,0,1,1,0,4,0,7,2,5,7,0,0,3,2,6,2,2,3,3,5,7,2
511,5,4,1,4,0,1,0,7,2,5,7,0,0,3,2,8,2,2,0,2,5,3,2
450,1,4,0,2,0,3,4,2,4,5,7,0,0,3,2,2,2,2,3,3,5,1,2
450,1,1,1,4,0,2,5,7,4,5,7,0,0,3,2,8,2,2,0,1,5,1,2
207,0,4,1,1,0,0,5,7,1,5,7,0,0,3,2,6,2,2,3,3,5,10,2
207,0,1,1,1,0,2,14,9,2,5,7,0,0,3,2,2,2,2,0,2,5,10,2
899,4,1,1,4,0,2,7,6,1,5,7,0,0,3,2,8,2,2,3,3,5,0,2
899,4,0,1,4,0,0,0,4,2,5,7,0,0,3,2,8,2,2,0,2,5,1,2
701,5,1,1,4,2,2,8,9,0,5,0,0,0,0,2,8,2,2,3,3,5,12,2
701,5,1,1,2,2,3,6,6,5,5,0,0,0,0,2,8,2,2,0,2,5,0,2
375,0,0,1,6,2,2,8,2,6,5,7,0,0,3,2,8,1,2,0,2,5,9,2
957,3,0,1,2,0,4,14,1,1,5,0,3,0,3,2,8,1,2,0,2,5,10,2
467,1,0,1,4,0,3,15,7,2,5,7,3,0,3,2,2,1,9,3,3,5,10,2
541,4,1,1,4,2,3,0,7,2,5,7,0,0,3,2,8,2,2,0,2,5,0,1
941,1,0,1,4,0,5,0,7,2,5,7,0,0,3,2,8,2,2,3,3,5,9,2
941,1,4,0,4,0,0,9,6,6,5,7,0,0,3,2,2,2,2,0,2,5,16,2
110,0,4,0,4,2,4,8,6,2,5,7,0,0,3,2,8,2,2,0,2,5,1,2
124,4,1,1,4,2,0,5,6,4,5,7,0,0,3,2,8,2,2,2,2,5,16,2
124,4,1,1,4,2,1,7,7,6,5,7,0,0,3,2,8,2,2,2,2,5,14,2
300,4,1,1,5,2,2,0,7,6,5,7,0,0,3,2,8,2,2,3,3,5,13,2
300,4,1,1,5,2,3,3,7,4,5,7,0,0,3,2,8,2,9,0,2,5,12,2
527,1,0,1,1,2,3,3,9,4,5,0,0,0,3,2,2,2,7,0,2,5,9,2
527,1,0,1,6,2,2,0,2,4,5,0,0,0,3,2,8,2,4,3,3,5,0,2
115,1,0,1,4,2,2,15,2,6,5,1,0,0,3,2,8,2,2,2,2,3,10,2
674,5,0,1,4,2,4,3,7,2,5,7,0,0,0,2,8,2,9,0,2,5,12,1
961,4,1,1,1,0,1,4,12,6,3,7,0,0,3,2,8,1,2,3,3,5,10,2
263,6,1,1,4,0,1,3,6,2,6,7,0,0,3,2,8,1,2,3,3,5,9,2
590,2,0,1,4,0,1,16,7,6,3,7,0,0,0,2,2,3,4,0,2,5,1,2
590,2,4,0,4,0,2,3,6,4,5,7,0,0,0,2,6,3,2,3,3,5,11,2
590,2,1,1,4,0,2,3,7,4,5,7,0,0,0,2,8,3,9,3,3,5,9,2
568,3,1,1,4,0,3,10,7,2,5,1,0,0,3,2,8,2,2,0,2,5,7,2
568,3,1,1,1,0,2,0,6,4,5,1,0,0,3,2,8,2,9,0,2,5,16,2
889,4,1,1,4,0,2,0,7,0,5,0,0,0,3,2,8,2,2,3,3,5,14,2
889,4,1,1,4,0,3,8,2,6,5,0,0,0,3,2,8,2,3,3,3,5,1,2
1023,0,0,1,4,2,2,14,6,2,5,7,0,0,3,2,8,2,2,0,1,5,13,2
572,0,1,1,4,0,4,0,9,4,5,7,0,0,0,2,2,1,7,3,3,5,1,2
1016,4,0,1,4,0,2,10,7,6,5,1,0,0,3,7,8,2,2,0,2,5,0,1
352,2,1,1,2,0,3,4,12,0,5,1,0,0,3,2,1,2,2,3,3,5,1,2
352,2,0,1,4,0,3,4,7,2,3,1,0,0,3,2,1,2,2,3,3,5,10,2
1028,6,0,1,4,0,3,8,7,2,8,1,0,0,3,2,8,2,3,1,2,5,11,1
1028,6,0,1,4,0,3,0,2,2,5,1,0,0,3,2,8,2,2,1,2,5,10,1
617,2,4,0,4,0,2,0,7,2,6,7,0,0,0,2,6,1,3,2,2,5,13,2
150,6,0,1,4,0,1,3,9,0,5,7,0,0,3,2,8,1,2,2,2,0,3,2
150,6,0,1,4,0,4,3,6,2,5,7,0,0,3,2,8,1,4,3,3,5,0,2
395,0,1,1,4,0,4,0,6,4,5,7,0,0,3,2,1,1,2,0,2,5,3,2
544,6,1,1,4,0,1,14,6,2,5,7,0,0,3,2,8,2,4,3,3,5,0,2
852,5,0,1,4,0,4,7,6,2,5,7,0,0,3,2,8,2,7,1,2,5,10,2
415,4,2,1,6,0,4,8,6,2,5,0,0,0,3,2,1,2,2,3,3,5,2,2
415,4,2,1,4,0,4,4,7,2,5,0,0,0,3,2,8,2,2,0,2,5,10,2
421,1,1,1,4,0,0,5,9,0,5,7,0,0,3,2,8,1,2,3,3,5,1,2
421,1,1,1,1,0,3,6,2,4,5,7,0,0,3,2,8,1,2,3,3,5,0,2
139,4,1,1,1,0,3,0,7,2,5,1,0,0,3,2,8,1,2,2,2,5,7,2
430,5,0,1,1,0,4,0,1,2,5,0,0,0,3,2,8,2,4,2,1,5,13,2
552,4,0,1,4,0,1,14,4,4,6,7,0,0,3,2,8,1,2,1,2,5,10,2
954,6,0,1,4,0,1,11,7,6,5,1,0,0,3,2,2,1,2,3,3,5,16,1
754,5,1,1,4,0,1,11,2,6,5,7,0,0,0,2,8,1,7,3,3,5,11,2
617,0,2,1,2,0,0,14,2,4,5,7,0,0,3,2,8,2,2,0,2,5,10,2
617,0,1,1,4,0,2,0,7,2,5,7,0,0,3,2,8,2,2,0,2,5,1,2
695,1,2,1,4,0,4,2,7,1,5,7,0,0,0,2,8,2,4,3,3,5,3,2
695,1,1,1,4,0,4,0,1,2,5,7,0,0,0,2,1,2,2,2,1,5,1,2
786,2,2,1,4,0,4,0,6,4,5,0,0,3,0,4,8,2,2,0,2,5,13,2
786,2,2,1,4,0,0,10,2,2,5,0,0,3,0,4,8,2,9,3,3,5,4,2
786,2,3,1,1,0,1,13,6,2,5,0,0,3,0,4,2,2,2,0,2,5,2,2
932,3,1,1,2,0,0,0,6,4,7,7,0,0,3,2,8,2,2,2,2,1,19,2
932,3,1,1,4,0,2,10,7,4,5,7,0,0,3,2,8,2,7,3,3,5,1,2
964,2,0,1,2,0,3,5,6,2,6,0,0,0,3,2,8,2,2,0,2,5,13,2
201,1,2,1,1,2,2,5,9,6,5,7,0,0,3,2,2,1,2,0,2,5,12,2
274,2,2,1,1,0,4,9,9,2,5,7,0,0,3,2,8,2,3,0,2,5,0,2
274,2,0,1,4,0,2,5,7,0,5,7,0,0,3,2,8,2,7,0,1,5,11,2
111,4,2,1,1,2,2,5,3,1,5,7,0,0,3,2,2,2,2,3,3,5,16,2
111,4,1,1,4,0,1,9,7,4,5,7,0,0,3,2,8,2,2,2,2,5,3,2
7,2,0,1,4,0,3,11,7,4,5,7,0,0,0,2,2,2,3,3,3,5,12,2
7,2,1,1,4,0,2,0,1,1,6,7,0,0,0,2,8,2,2,0,1,5,11,2
858,6,1,1,2,0,0,8,7,4,5,7,0,0,3,2,8,1,2,0,2,5,1,2
370,6,0,1,4,0,3,14,7,4,5,7,0,0,3,2,8,2,2,0,2,5,3,2
370,6,1,1,1,2,1,7,7,4,5,7,0,0,3,2,8,2,2,3,3,5,1,2
956,0,1,1,4,0,4,0,7,2,6,0,0,0,3,2,8,3,2,0,2,5,0,1
741,6,4,0,2,0,3,8,7,4,5,7,0,0,0,2,8,1,2,3,3,5,3,2
84,3,0,1,4,0,2,5,7,4,5,0,0,0,3,2,1,1,7,0,2,5,10,2
909,1,2,1,1,0,0,0,2,4,5,0,0,0,3,2,2,2,2,1,2,5,3,2
974,1,4,0,0,0,0,5,12,6,5,7,0,0,3,2,8,1,2,1,2,5,12,2
984,5,1,1,4,0,3,5,7,4,5,7,0,3,3,4,2,2,2,1,2,5,1,2
984,5,1,1,4,0,0,5,6,4,5,7,0,3,3,4,8,2,2,1,2,5,10,2
984,1,1,1,4,0,2,8,9,6,3,7,0,0,3,2,8,1,2,0,2,5,9,2
984,1,1,1,4,0,1,8,4,1,5,7,0,0,3,2,1,1,4,3,3,5,9,2
63,6,2,1,4,0,1,7,9,4,5,7,0,0,3,2,1,2,4,0,2,5,10,2
971,4,4,1,4,0,3,0,6,6,5,7,0,3,3,4,8,2,2,0,2,5,11,2
814,5,1,1,4,0,0,6,5,2,5,0,0,0,0,2,2,2,2,3,3,5,3,2
814,5,0,1,0,2,0,0,5,2,5,0,0,0,0,2,8,2,4,0,2,5,1,2
935,4,1,1,0,0,5,0,5,4,5,7,0,0,3,2,8,2,2,2,2,1,0,2
1001,2,2,1,4,0,2,3,5,6,3,1,0,0,3,2,1,1,2,0,2,5,3,1
506,5,1,1,4,0,3,0,5,2,5,7,0,0,3,2,1,1,2,3,3,5,13,2
217,1,1,1,1,0,1,8,5,2,0,7,0,0,3,2,8,1,3,3,3,5,1,2
646,1,0,1,4,0,1,5,5,2,7,1,0,3,0,4,8,2,3,3,3,5,10,2
646,1,1,1,4,0,4,0,6,4,7,1,0,3,0,4,8,2,2,0,2,5,10,2
264,3,1,1,4,0,1,10,5,4,7,7,0,0,3,2,8,1,2,1,2,5,17,2
399,5,2,1,4,0,1,0,5,4,7,7,0,0,3,2,2,1,9,3,3,5,2,2
385,4,4,0,1,0,2,11,5,4,5,5,0,0,3,2,2,2,2,0,2,5,12,2
385,4,1,1,4,0,3,9,6,4,5,5,0,0,3,2,8,2,2,0,2,5,11,2
348,0,4,0,4,0,1,5,6,4,5,7,0,0,3,2,8,2,2,0,2,5,13,2
348,0,1,1,4,0,2,0,7,2,6,7,0,0,3,2,8,2,2,0,2,5,13,2
405,3,0,1,0,0,1,8,9,2,5,5,0,0,3,2,8,1,2,0,2,5,9,1
390,6,0,1,4,0,3,0,6,2,5,7,0,0,3,2,8,2,4,3,3,5,3,2
0,3,4,0,4,0,4,14,7,2,5,1,0,0,0,2,8,2,1,0,2,5,10,2
0,3,1,1,4,0,1,7,7,6,5,1,0,0,0,2,5,2,2,2,2,5,13,2
956,1,1,1,4,0,4,7,6,2,5,7,0,0,3,2,8,2,2,3,3,5,1,2
956,1,4,0,2,0,2,7,2,6,5,7,0,0,3,2,2,2,2,0,2,5,10,2
996,6,0,1,0,0,0,10,7,2,5,0,0,0,3,2,8,2,4,1,2,5,3,2
996,6,4,0,4,0,4,5,7,1,5,0,0,0,3,2,8,2,2,0,2,5,10,2
448,1,1,1,2,0,4,0,6,1,6,0,0,0,3,2,8,2,4,2,1,3,1,2
288,6,4,1,2,0,4,0,6,4,5,7,0,0,3,2,8,1,2,0,2,5,11,2
692,4,0,1,4,0,2,11,7,0,5,7,3,0,0,2,2,2,2,3,3,5,3,2
692,4,1,1,4,0,0,9,7,2,5,7,0,0,0,2,2,2,2,0,2,5,4,2
89,1,4,0,2,0,1,7,6,2,5,1,0,0,3,2,2,1,2,2,1,6,3,2
430,1,1,1,4,2,0,9,6,2,5,7,0,3,0,4,8,1,2,0,1,5,1,2
701,1,3,1,4,0,2,14,2,4,5,1,0,3,0,4,8,2,2,2,2,5,9,2
701,1,0,1,1,0,1,0,6,2,5,1,0,3,0,4,8,2,2,2,2,6,3,2
19,5,0,1,1,2,2,5,9,2,5,0,0,0,0,2,8,1,2,2,2,1,1,2
1023,0,4,1,4,0,3,13,12,2,5,0,0,0,3,2,8,1,2,2,2,5,3,2
46,5,1,1,2,0,2,5,7,4,5,1,0,0,3,2,1,2,2,3,3,5,3,2
72,5,1,1,4,0,2,11,7,0,5,7,0,3,3,2,8,1,2,0,2,5,1,2
371,5,1,1,4,0,3,0,7,0,5,0,0,0,0,2,2,2,2,3,3,5,1,2
667,5,0,1,4,0,1,0,6,0,6,0,0,0,0,2,8,1,9,0,2,5,16,2
888,6,1,1,4,0,0,11,6,2,5,7,0,0,0,2,8,2,3,0,2,5,1,2
112,6,1,1,4,0,2,4,6,1,5,0,0,0,3,2,8,1,3,0,2,5,1,2
903,6,0,1,4,0,3,8,6,2,5,7,0,0,3,2,8,3,2,0,2,5,1,1
903,6,0,1,4,2,3,4,7,4,5,7,0,0,3,2,8,3,2,0,2,5,13,1
278,5,0,1,1,0,2,5,7,2,5,7,0,3,3,4,2,2,4,2,2,5,12,2
245,4,0,1,4,0,2,7,7,2,5,0,0,0,3,2,8,1,2,0,2,5,13,2
307,4,0,1,4,0,2,0,4,4,5,1,0,0,3,2,8,1,2,1,2,5,1,1
646,3,1,1,1,0,0,10,2,0,5,7,0,0,0,2,8,2,2,3,3,5,1,2
520,3,0,1,4,0,3,0,7,4,5,3,0,0,3,2,1,2,3,0,2,5,4,2
520,3,0,1,2,2,1,11,6,4,5,3,0,0,3,2,2,2,2,3,3,5,0,2
555,3,0,1,4,0,0,11,9,2,5,7,0,3,0,2,8,2,2,0,2,5,2,2
716,2,0,1,4,0,0,0,7,2,5,7,0,3,0,4,8,2,2,0,2,5,12,2
874,0,0,1,4,0,4,0,6,2,5,7,0,3,0,2,2,2,3,0,2,5,13,2
874,0,1,1,4,0,1,10,9,6,5,7,0,3,0,2,2,2,3,0,2,5,10,2
937,0,1,1,4,0,2,0,6,2,5,0,0,0,3,2,8,2,2,0,2,5,3,2
937,0,1,1,4,0,3,11,2,2,5,0,0,0,3,2,8,2,9,0,2,5,10,2
916,1,1,1,1,0,1,5,9,2,5,7,0,0,3,2,8,2,9,2,2,5,9,2
916,1,1,1,1,2,3,0,12,6,5,7,0,0,3,2,8,2,2,2,2,5,10,2
964,1,4,1,4,0,0,4,3,6,3,1,0,3,3,2,8,1,2,1,2,5,9,2
550,1,1,1,4,0,2,10,7,4,5,1,0,3,0,2,6,1,2,3,3,5,11,2
99,5,2,1,4,0,1,10,12,0,5,7,0,0,3,2,8,2,2,1,2,5,0,2
513,5,1,1,4,0,1,3,4,4,5,7,0,0,0,2,1,1,2,0,2,5,13,2
708,5,0,1,4,0,1,5,2,2,5,7,0,3,0,2,8,2,1,3,3,5,10,2
708,5,0,1,4,0,3,4,6,2,5,7,0,3,0,2,8,2,3,2,2,5,11,2
63,0,4,1,4,0,3,5,7,2,5,1,0,0,3,2,8,1,4,1,2,5,9,2
219,6,1,1,1,0,2,9,6,0,5,7,0,0,3,2,8,1,2,0,1,5,11,2
723,6,4,0,4,0,2,0,6,0,5,7,0,3,0,2,2,2,2,3,3,5,7,2
220,0,0,1,4,0,3,0,7,1,5,7,0,0,3,2,1,2,2,1,2,5,12,2
220,0,4,1,1,0,4,0,6,0,5,7,0,0,3,2,8,2,2,3,3,5,1,2
689,0,0,1,1,0,2,5,6,2,5,0,0,0,0,2,8,2,2,2,2,6,1,2
14,2,2,1,1,0,2,0,6,0,5,0,0,3,0,4,8,1,3,3,3,5,0,2
705,0,1,1,1,0,1,15,6,2,5,7,0,3,0,4,8,2,2,2,1,5,1,2
705,0,0,1,4,0,3,0,7,4,5,7,0,3,0,4,8,2,2,0,2,5,12,2
155,2,4,1,4,0,3,8,1,4,5,7,0,0,3,2,2,2,2,3,3,5,9,2
449,2,1,1,1,0,2,0,1,6,5,1,1,0,0,2,8,1,2,3,3,5,10,2
482,2,1,1,1,2,2,9,12,6,5,1,0,0,0,2,8,2,2,3,3,5,10,2
482,2,4,1,1,0,1,10,2,0,5,1,0,0,0,2,8,2,2,0,2,5,10,2
25,3,1,1,1,0,1,14,9,1,3,0,0,0,0,2,8,2,4,3,3,5,12,2
25,3,0,1,4,0,3,12,7,1,5,0,3,0,0,2,8,2,2,3,3,5,2,2
758,3,0,1,4,0,1,0,4,1,5,7,0,0,0,2,8,3,5,3,3,5,13,2
758,3,0,1,1,0,2,0,2,6,3,7,0,0,0,2,8,3,7,0,2,5,0,2
758,3,0,1,1,0,2,7,6,6,5,7,0,0,0,2,8,3,2,1,2,5,11,2
916,4,2,1,1,0,0,15,6,4,5,1,0,0,3,2,8,2,4,3,3,5,0,2
23,0,1,1,4,0,0,14,7,2,5,1,0,0,0,2,8,2,2,0,2,5,9,2
546,1,0,1,1,2,0,9,7,0,5,3,0,0,0,2,2,2,3,2,1,5,13,2
268,1,2,1,4,0,1,0,9,6,5,0,0,0,3,2,8,1,2,0,2,5,9,2
472,1,1,1,4,0,1,5,7,2,5,0,0,0,0,2,8,2,3,0,2,5,10,2
41,0,0,1,4,2,4,11,7,1,5,0,0,0,3,2,1,2,1,3,3,5,0,2
41,0,4,1,4,0,4,9,9,6,3,0,0,0,3,2,8,2,3,2,2,0,3,2
262,5,2,1,4,0,1,0,6,2,5,0,0,0,3,2,8,1,2,0,2,5,3,2
749,5,1,1,4,0,2,0,7,2,5,0,0,0,0,2,8,1,2,0,2,5,7,2
611,6,1,1,1,0,2,5,7,1,5,7,2,0,0,2,8,1,2,3,3,5,10,1
549,6,0,1,4,0,2,4,6,4,5,0,0,0,0,2,1,2,3,3,3,5,12,2
529,6,1,1,4,2,2,0,7,2,5,1,0,0,0,2,8,1,2,0,2,5,10,2
362,4,4,0,3,0,1,0,7,2,5,1,0,0,3,2,8,1,2,3,3,5,11,2
542,4,0,1,4,0,2,0,9,2,5,7,0,3,0,2,8,2,3,0,2,5,11,2
542,4,0,1,4,0,4,1,7,4,5,7,0,3,0,2,8,2,3,0,2,5,12,2
426,4,3,1,4,0,0,9,6,4,5,7,0,3,0,4,2,2,2,3,3,5,3,2
426,4,1,1,1,0,1,4,6,4,5,7,0,3,0,4,8,2,2,3,3,5,1,2
147,4,4,1,4,0,2,0,7,4,5,7,0,0,3,2,8,2,2,0,2,5,3,2
824,0,1,1,4,0,3,5,6,2,5,0,0,3,0,4,8,2,2,3,3,5,4,2
824,0,2,1,4,0,3,8,7,2,3,0,0,3,0,4,8,2,2,0,2,5,11,2
163,2,1,1,4,2,3,4,2,6,5,0,0,3,3,4,2,2,2,2,2,5,0,2
163,2,0,1,4,0,6,14,4,4,5,0,0,3,3,4,8,2,2,0,2,5,1,2
163,2,0,1,4,0,2,7,7,4,5,0,0,3,3,4,8,2,4,3,3,5,3,2
130,0,2,1,4,0,1,7,7,2,5,7,0,0,3,2,8,2,2,3,3,5,10,1
130,0,0,1,1,0,2,4,6,4,7,7,0,0,3,2,8,2,7,0,2,5,7,1
314,0,0,1,2,2,2,0,1,4,3,0,0,0,3,2,8,1,7,1,2,5,1,2
597,2,1,1,4,0,3,5,7,2,3,0,0,0,0,2,8,1,2,0,2,5,3,2
653,0,2,1,4,0,1,7,2,2,5,0,0,0,0,2,2,1,7,3,3,5,9,2
337,2,1,1,1,0,0,8,7,2,5,0,0,0,3,2,8,2,7,2,2,5,3,2
337,2,0,1,4,0,3,5,6,4,5,0,0,0,3,2,2,2,4,0,1,5,12,2
743,3,1,1,0,0,2,0,9,4,5,0,0,0,0,2,8,2,2,2,2,0,9,2
743,3,2,1,4,0,2,0,1,1,5,0,0,0,0,2,2,2,3,0,2,5,16,2
930,6,4,1,4,0,3,7,2,4,5,1,0,0,3,2,2,1,2,3,3,5,0,2
435,0,4,1,4,0,1,3,7,4,5,0,0,0,0,2,8,2,2,0,2,5,16,2
112,1,0,1,4,0,4,9,7,2,5,7,0,0,3,2,8,2,2,1,2,5,14,2
112,1,1,1,4,0,3,9,9,6,5,7,0,0,3,2,2,2,4,0,2,5,13,2
178,1,1,1,0,0,2,7,2,2,5,7,0,0,3,2,8,2,2,0,2,5,1,2
310,1,0,1,4,0,2,7,7,6,5,0,0,0,3,2,8,1,9,3,3,5,9,2
511,1,1,1,1,2,4,9,7,2,5,7,0,0,0,2,6,1,2,3,3,5,0,2
737,1,4,0,4,0,3,7,6,2,5,7,0,0,0,2,8,2,3,0,1,5,10,2
559,1,4,1,4,0,0,7,3,4,5,1,0,0,0,2,8,2,4,0,2,5,10,2
692,0,0,1,4,2,1,4,7,4,5,1,0,0,0,2,8,2,2,1,2,5,10,2
485,5,4,1,4,0,3,7,7,4,5,0,0,0,0,2,8,2,2,1,2,5,1,2
485,5,1,1,4,2,1,7,7,0,5,0,0,0,0,2,2,2,2,1,2,5,11,2
899,5,0,1,4,0,2,8,7,2,6,1,0,3,3,2,8,1,2,0,2,5,9,2
900,6,1,1,4,0,1,0,3,2,5,0,0,3,3,2,8,2,2,2,2,5,7,2
900,6,1,1,4,0,0,7,7,2,5,0,0,3,3,2,8,2,2,0,2,5,16,2
1018,6,2,1,4,0,2,5,7,1,5,1,0,0,3,2,8,1,2,3,3,5,14,2
1027,6,1,1,4,0,1,10,7,2,6,1,0,0,3,2,2,2,4,3,3,5,1,2
1027,6,1,1,1,0,2,0,6,2,5,1,0,0,3,2,8,2,2,3,3,5,8,2
49,0,2,1,0,2,2,8,9,2,5,0,0,0,3,2,2,3,5,0,2,5,13,2
49,0,4,1,4,0,1,5,7,2,5,0,0,0,3,2,8,3,2,3,3,5,0,2
49,0,4,0,4,0,1,9,9,2,5,0,0,0,3,2,6,3,2,0,2,5,1,2
233,6,0,1,4,0,1,7,7,4,5,1,0,0,3,2,8,1,2,3,3,5,11,1
969,1,1,1,4,0,2,5,9,0,5,7,0,3,3,2,8,2,10,0,2,5,15,2
969,1,4,1,4,0,0,8,6,2,5,7,0,3,3,2,8,2,2,3,3,5,0,2
979,0,1,1,4,2,1,7,6,2,6,0,0,0,3,2,8,1,2,0,2,5,12,2
455,4,1,1,2,2,1,5,6,0,5,1,0,0,0,2,8,2,2,1,2,5,1,2
264,0,2,1,4,2,0,0,7,2,5,1,0,0,3,2,6,1,9,3,3,5,11,1
555,0,2,1,2,0,0,14,7,2,5,0,0,0,0,2,6,2,2,3,3,5,12,2
871,2,1,1,0,0,0,7,7,0,5,7,0,3,0,2,8,2,3,3,3,5,13,2
871,2,0,1,4,0,3,5,7,4,7,7,0,3,0,2,8,2,2,0,2,5,3,2
91,2,0,1,2,0,0,5,6,2,5,0,0,0,3,2,8,2,3,0,2,5,0,2