Time,Day_of_week,Age_band_of_driver,Sex_of_driver,Educational_level,Vehicle_driver_relation,Driving_experience,Type_of_vehicle,Area_accident_occured,Lanes_or_Medians,Road_allignment,Types_of_Junction,Road_surface_type,Road_surface_conditions,Light_conditions,Weather_conditions,Type_of_collision,Number_of_vehicles_involved,Vehicle_movement,Casualty_class,Casualty_severity,Pedestrian_movement,Cause_of_accident,Accident_severity
91,2,1,2,4,0,1,3,6,2,5,0,0,0,3,2,4,2,2,3,3,5,3,2
589,3,4,1,0,1,1,14,6,1,5,7,0,0,0,2,8,2,2,0,2,5,0,2
589,3,0,1,2,0,3,9,9,0,5,7,0,0,0,2,2,2,2,3,3,5,12,2
930,3,1,1,1,0,2,0,1,2,5,0,0,0,3,2,8,2,2,0,2,5,10,2
930,3,0,1,2,0,0,9,2,0,5,0,0,0,3,2,8,2,10,3,3,5,1,2
969,5,4,1,2,0,2,5,6,4,5,7,0,0,3,2,8,1,2,0,2,5,1,2
891,1,0,1,2,0,1,0,7,2,5,1,0,3,3,2,1,2,2,0,1,5,2,2
891,1,1,1,4,0,0,5,9,6,3,1,0,3,3,2,8,2,2,3,3,5,10,2
435,1,0,1,0,0,3,5,12,6,5,0,0,0,0,2,8,2,2,3,3,5,1,2
435,1,4,1,0,0,1,8,6,2,5,0,0,0,0,2,8,2,2,0,2,5,0,2
916,1,0,1,1,0,2,7,7,6,5,0,0,0,3,2,6,2,2,0,2,5,7,1
916,1,0,1,1,0,0,0,7,2,5,0,0,0,3,2,2,2,8,3,3,5,13,1
444,6,1,1,1,0,2,1,7,4,5,7,0,0,0,2,2,2,3,0,2,5,12,2
444,6,4,0,4,0,1,0,6,2,5,7,0,0,0,2,8,2,3,3,3,5,16,2
910,5,1,1,4,0,2,5,4,2,5,1,0,0,3,2,8,2,2,0,1,5,11,2
910,5,0,1,2,0,1,4,6,4,5,1,0,0,3,2,8,2,9,1,2,5,10,2
910,5,0,1,4,0,0,4,7,4,5,1,0,0,3,2,6,2,2,3,3,5,1,2
17,4,0,1,4,0,0,0,7,2,5,1,0,0,0,2,6,3,2,0,2,5,3,2
104,6,1,1,4,0,2,10,6,6,5,0,0,0,3,2,8,2,2,3,3,5,13,2
104,6,0,1,4,0,0,9,9,6,5,0,0,0,3,2,8,2,10,0,2,5,4,2
631,5,4,1,4,0,1,7,1,2,5,1,0,0,0,2,1,2,8,3,3,5,2,2
631,5,4,1,4,0,3,0,7,6,5,1,0,0,0,2,1,2,2,0,2,5,19,2
405,5,1,1,4,2,2,0,2,4,5,7,0,0,3,2,8,2,3,3,3,5,1,2
405,5,4,1,2,0,0,10,7,1,5,7,0,0,3,2,8,2,1,0,2,5,10,2
720,3,4,1,4,0,3,10,7,2,5,1,0,0,0,2,8,1,2,3,3,5,13,2
477,6,4,1,4,0,0,0,2,4,5,0,0,0,0,2,2,1,2,0,2,5,12,2
166,5,1,1,4,0,1,7,6,2,6,7,0,0,3,2,8,1,9,3,3,5,0,2
956,4,3,1,4,0,3,8,6,0,5,1,0,0,3,2,2,1,3,0,2,5,11,2
956,4,3,1,4,0,1,5,2,2,5,1,0,0,3,2,8,1,2,3,3,5,16,2
68,4,1,1,1,0,2,0,7,4,7,0,2,0,3,2,8,1,3,0,2,5,3,2
742,2,0,1,4,0,0,0,12,4,5,1,0,0,0,2,2,2,2,0,2,5,1,2
689,2,4,1,4,0,2,0,2,1,5,7,0,0,0,2,8,2,2,3,3,5,0,2
63,0,0,1,4,0,1,0,6,4,5,1,0,3,3,2,8,1,2,0,2,5,17,2
570,2,0,1,4,0,0,5,7,6,3,0,0,3,0,2,8,2,2,0,2,5,3,2
570,2,0,1,4,0,2,7,7,6,5,0,0,3,0,2,8,2,2,0,2,5,10,2
300,3,0,1,4,0,4,8,7,2,5,7,0,0,3,2,8,2,2,3,3,5,3,2
300,3,0,1,4,0,2,14,7,1,5,7,0,0,3,2,8,2,4,2,1,5,0,2
534,0,1,1,4,2,2,7,2,2,6,1,0,0,0,2,8,2,4,2,2,5,12,2
459,0,4,1,4,0,2,14,6,2,6,5,0,3,0,4,8,2,2,3,3,5,10,2
459,0,4,1,2,0,1,5,7,2,5,5,0,3,0,4,8,2,1,1,2,5,9,2
890,0,2,1,0,0,2,0,6,2,6,1,0,0,3,2,8,2,2,2,1,5,9,2
295,5,0,1,4,0,4,0,2,4,5,7,0,0,3,2,8,1,2,0,2,5,10,2
173,1,1,1,1,0,2,0,6,2,5,0,0,3,3,2,8,3,2,3,3,5,10,2
173,1,1,1,1,0,1,16,7,2,5,0,0,3,3,2,8,3,2,0,2,5,11,2
478,5,4,1,4,0,0,14,12,2,5,7,0,0,0,2,8,2,2,3,3,5,1,2
478,5,2,1,4,0,1,0,2,0,6,7,0,0,0,2,2,2,2,0,2,5,0,2
158,5,2,1,4,0,1,0,12,4,5,7,0,0,3,2,8,1,4,0,2,5,3,2
336,5,0,1,4,0,3,0,9,0,5,0,0,0,3,2,1,1,2,0,2,5,3,2
553,5,4,1,2,0,4,8,6,2,5,1,0,0,0,2,8,1,2,0,2,5,10,2
1009,6,0,1,4,0,1,5,6,4,5,0,0,0,3,2,2,2,2,3,3,5,13,2
1009,6,1,1,2,0,3,5,2,2,5,0,0,0,3,2,8,2,2,2,2,6,1,2
422,6,4,1,4,0,3,0,9,4,5,1,0,0,0,2,8,1,2,2,2,3,1,1
274,0,1,1,2,0,2,5,6,6,5,1,0,0,3,2,8,2,7,0,2,5,10,2
274,0,4,1,4,0,3,5,9,1,5,1,0,0,3,2,8,2,4,3,3,5,10,2
964,4,1,1,4,0,0,5,7,2,5,7,0,0,3,2,8,2,2,1,2,5,17,1
964,4,1,1,4,0,1,5,7,2,5,7,0,0,3,2,6,2,2,3,3,5,2,1
152,4,1,1,1,0,1,0,9,2,5,3,0,3,3,2,2,1,2,3,3,5,12,2
152,4,1,1,1,1,2,0,4,4,5,3,0,3,3,2,8,1,2,0,2,5,11,2
625,4,0,1,4,0,2,0,7,4,3,1,0,0,0,2,2,1,2,3,3,5,12,2
760,0,1,1,2,2,2,10,6,4,5,1,0,3,0,4,8,1,2,0,2,5,13,2
242,2,1,1,4,0,3,0,7,2,7,1,0,0,3,2,8,1,2,3,3,5,13,1
16,3,1,1,4,0,4,10,7,4,5,0,0,0,0,2,8,2,2,0,2,5,9,2
16,3,0,1,4,1,4,10,7,2,5,0,0,0,0,2,8,2,2,3,3,5,10,2
16,3,0,1,4,0,3,0,7,0,5,0,0,0,0,2,8,2,3,0,2,5,9,2
215,3,0,1,2,2,2,4,6,4,5,1,0,3,3,2,2,2,3,0,2,5,12,2
215,3,0,1,1,2,2,0,7,2,5,1,0,3,3,2,8,2,9,3,3,5,3,2
279,3,1,1,4,0,1,7,7,2,5,0,0,3,3,4,8,2,4,0,2,5,13,2
279,3,0,1,0,0,2,8,7,6,3,0,0,3,3,4,8,2,2,2,2,6,1,2
147,4,0,1,4,2,1,4,6,4,5,1,0,0,3,2,8,2,2,3,3,5,10,2
147,4,4,1,4,0,1,8,2,6,5,1,0,0,3,2,8,2,4,0,2,5,10,2
511,5,0,1,4,0,2,4,6,0,5,1,0,0,0,2,8,1,2,2,2,1,12,2
875,6,4,1,4,0,1,4,6,6,5,1,0,3,0,4,8,2,7,2,2,0,1,2
875,6,0,1,1,0,0,0,6,2,5,1,0,3,0,4,8,2,4,0,2,5,11,2
139,6,2,1,4,2,0,7,9,4,5,3,0,0,3,2,8,2,2,3,3,5,0,2
139,6,1,1,4,0,1,7,9,6,5,3,0,0,3,2,8,2,2,1,2,5,18,2
170,6,0,1,4,0,0,0,9,4,5,3,0,0,3,2,6,2,2,0,2,5,4,2
170,6,0,1,1,0,3,15,6,0,5,3,0,0,3,2,2,2,2,0,2,5,3,2
375,0,1,1,4,0,1,7,9,2,3,1,0,0,3,2,8,1,2,0,2,5,4,2
375,0,1,1,4,0,1,15,7,2,5,1,0,0,3,2,8,1,2,3,3,5,3,2
463,5,3,1,4,0,1,4,7,2,5,1,0,0,0,2,2,2,2,3,3,5,11,2
559,2,4,1,1,0,1,7,12,0,5,3,0,0,0,2,8,1,2,0,2,5,1,2
842,0,1,1,4,0,1,0,12,0,5,1,0,0,0,2,8,1,4,3,3,5,9,2
662,4,4,1,1,0,2,0,12,4,5,7,0,0,0,2,6,1,2,0,2,5,3,2
935,4,0,1,1,0,1,0,9,1,5,1,0,0,3,2,6,3,2,3,3,5,1,2
935,4,4,0,4,0,3,0,7,4,5,1,0,0,3,2,1,3,3,3,3,5,3,2
935,4,4,0,4,0,3,5,6,2,5,1,0,0,3,2,8,3,2,3,3,5,3,2
802,6,4,1,2,0,3,7,7,2,5,1,0,0,0,2,8,1,3,0,2,5,3,1
813,2,1,1,4,0,2,8,12,4,5,1,0,0,0,2,8,2,4,1,2,5,1,2
813,2,1,1,4,2,1,8,7,0,5,1,0,0,0,2,1,2,2,3,3,5,1,2
813,2,1,1,1,0,0,0,4,2,5,1,0,0,0,2,1,2,7,3,3,5,3,2
813,2,1,1,4,0,1,3,7,2,5,1,0,0,0,2,8,2,2,0,2,5,16,2
875,2,1,1,4,0,2,0,6,2,5,7,0,0,3,2,8,2,4,0,2,5,1,2
612,3,0,1,1,2,2,5,7,2,5,7,0,0,0,2,2,1,4,2,2,1,13,2
564,0,1,1,2,1,3,10,5,4,5,1,0,0,0,2,8,1,8,2,2,1,1,2
109,0,1,1,4,0,3,7,7,6,5,7,0,0,3,2,2,2,4,2,2,5,1,1
109,0,0,1,4,0,0,5,9,2,5,7,0,0,3,2,8,2,4,2,2,5,16,1
348,0,1,1,4,0,1,3,6,0,5,1,0,0,3,2,2,1,2,0,2,5,4,2
523,0,2,1,4,0,1,8,4,2,5,7,0,0,0,2,8,2,2,3,3,5,12,2
911,4,0,2,4,0,3,5,7,4,5,0,0,3,3,2,2,2,2,2,2,5,9,2
616,1,4,1,4,0,2,0,6,6,5,7,0,0,0,2,8,2,2,3,3,5,12,2
616,1,0,1,0,0,0,7,9,2,5,7,0,0,0,2,8,2,2,0,2,5,11,2
131,1,1,1,1,0,2,7,12,2,5,7,0,0,3,2,8,2,2,3,3,5,1,2
120,1,0,1,1,0,1,0,7,2,5,7,0,3,3,2,8,2,2,0,2,5,1,2
120,1,0,1,1,0,1,8,0,4,5,7,0,3,3,2,8,2,2,3,3,5,4,2
486,1,0,1,4,0,2,0,6,6,5,7,0,0,0,2,8,2,7,0,2,5,0,2
486,1,0,1,4,0,0,9,2,2,5,7,0,0,0,2,8,2,2,3,3,5,9,2
371,1,1,1,4,0,2,0,2,2,5,0,0,0,3,2,8,1,4,0,2,5,2,2
450,1,0,1,0,0,2,9,9,2,5,0,0,0,0,2,8,2,1,0,2,5,10,2
450,1,1,1,4,0,3,14,9,0,5,0,0,0,0,2,8,2,2,3,3,5,13,2
344,1,2,1,1,0,1,5,9,2,5,0,0,0,3,2,8,1,2,0,2,5,12,2
420,5,4,0,4,0,2,5,7,0,5,1,0,0,0,2,8,1,2,2,2,3,1,2
911,5,1,1,4,0,2,0,9,2,5,7,0,0,3,2,8,2,9,1,2,5,10,2
926,6,1,1,4,0,0,9,7,4,5,0,0,3,3,4,2,2,0,3,3,5,9,2
675,6,4,0,0,2,2,0,6,4,5,7,0,0,0,2,8,1,0,0,2,5,10,2
520,1,4,1,4,0,1,14,6,2,5,0,0,0,0,2,1,2,4,0,2,5,9,2
520,1,1,1,4,2,2,0,9,4,5,0,0,0,0,2,8,2,0,3,3,5,11,2
197,2,1,1,2,0,1,5,7,2,5,1,0,0,3,2,2,1,9,0,2,5,0,1
640,3,1,1,4,0,3,7,4,4,5,7,0,0,0,2,8,1,0,3,3,5,10,1
429,5,4,0,4,0,4,8,6,2,5,0,0,0,3,2,8,1,0,1,2,5,13,2
472,4,0,1,4,0,1,0,9,4,5,0,0,0,3,2,8,1,0,1,2,5,9,2
5,0,2,1,1,0,5,0,9,4,5,7,0,3,0,2,2,2,2,2,2,5,10,2
708,4,0,1,4,2,3,9,7,4,5,0,0,0,0,2,8,2,4,0,2,5,3,2
708,4,0,1,4,0,3,6,7,3,5,0,0,0,0,2,2,2,2,2,2,5,7,2
362,0,1,1,4,0,3,9,2,3,5,0,0,0,3,2,8,2,2,3,3,5,3,2
362,0,1,1,4,2,2,5,7,3,5,0,0,0,3,2,8,2,2,0,2,5,0,2
362,0,1,1,4,0,4,0,2,3,5,0,0,0,3,2,8,2,2,3,3,5,12,2
458,0,1,1,4,0,1,5,2,2,5,0,0,0,0,2,8,2,2,0,2,5,1,2
324,0,1,1,0,0,0,8,7,4,5,1,1,0,3,2,8,1,3,2,2,1,10,2
529,0,1,1,4,0,0,0,12,6,5,7,0,0,0,2,1,1,5,3,3,5,10,2
1009,2,1,1,4,0,0,0,9,4,5,1,0,0,3,2,8,2,2,0,2,5,0,2
259,2,2,1,4,0,3,7,6,4,5,1,0,0,3,2,8,1,2,0,2,5,12,2
579,3,4,1,4,0,3,0,9,4,5,1,0,0,0,2,8,1,2,1,2,5,0,1
579,3,4,1,4,0,2,10,7,1,3,1,0,0,0,2,8,1,2,3,3,5,12,1
579,3,4,1,4,0,1,10,9,2,5,1,0,0,0,2,8,1,2,0,2,5,9,1
653,2,1,1,4,0,4,0,9,4,5,1,0,0,0,2,8,2,2,3,3,5,18,2
653,2,0,1,4,0,0,9,9,2,5,1,0,0,0,2,8,2,2,1,2,5,10,2
614,4,1,1,4,0,2,9,7,6,5,0,0,0,0,2,8,2,2,2,2,1,10,2
614,4,4,1,4,0,4,5,7,4,5,0,0,0,0,2,8,2,2,0,2,5,10,2
160,1,1,1,1,0,2,0,7,1,5,7,0,0,3,2,8,2,2,3,3,5,0,2
160,1,0,1,4,0,1,8,3,4,5,7,0,0,3,2,2,2,4,0,2,5,12,2
47,1,4,1,4,0,2,8,9,4,5,7,0,0,3,2,8,2,2,3,3,5,2,2
47,1,1,1,1,0,2,5,9,1,5,7,0,0,3,2,2,2,3,0,2,5,16,2
956,1,0,1,4,0,3,0,9,4,5,7,0,0,3,2,8,2,4,3,3,5,13,2
956,1,0,1,4,0,0,14,7,2,5,7,0,0,3,2,8,2,2,2,2,5,0,2
894,5,1,1,2,2,0,7,6,0,5,5,0,0,3,2,8,2,2,0,2,5,10,2
894,5,0,1,4,0,1,0,9,2,5,5,0,0,3,2,8,2,2,3,3,5,9,2
89,5,1,1,2,0,3,11,7,0,5,7,0,0,3,2,2,2,2,3,3,5,10,2
416,4,1,1,4,0,2,8,9,2,1,0,0,0,3,2,8,2,7,2,2,1,0,2
416,4,0,1,1,2,2,10,2,2,5,0,0,0,3,2,8,2,2,3,3,5,3,2
916,6,0,1,1,0,2,0,7,2,5,0,0,0,3,2,2,2,2,0,2,5,3,2
916,6,4,1,2,2,2,8,9,2,5,0,0,0,3,2,2,2,2,3,3,5,11,2
921,5,0,1,4,0,2,0,7,4,5,1,0,3,3,4,8,1,2,0,2,5,7,2
921,4,0,1,4,2,0,5,9,4,5,7,0,0,3,2,8,2,9,1,2,5,10,2
921,4,4,1,4,0,1,0,9,2,5,7,0,0,3,2,8,2,2,2,2,5,0,2
425,6,4,1,4,2,2,5,7,2,5,1,0,0,3,2,8,1,2,1,2,5,12,2
59,2,1,1,4,2,3,5,7,2,5,1,0,0,3,2,8,2,2,3,3,5,10,2
59,2,0,1,2,0,2,5,7,4,5,1,0,0,3,2,6,2,2,3,3,5,11,2
872,1,1,1,2,2,1,10,7,0,5,7,0,0,3,2,8,2,2,0,2,5,11,2
872,1,0,1,4,0,2,0,9,2,5,7,0,0,3,2,2,2,3,3,3,5,12,2
957,0,1,1,1,0,1,7,1,4,5,1,0,0,3,2,1,1,2,3,3,5,3,1
181,0,3,1,1,0,2,7,7,6,5,5,0,0,3,3,8,1,2,1,2,5,1,1
195,0,0,1,4,0,0,7,6,4,5,1,0,0,3,2,8,2,9,0,2,5,0,2
195,0,1,1,4,0,2,0,7,4,5,1,0,0,3,2,8,2,2,3,3,5,9,2
559,0,1,1,1,0,3,5,6,1,5,0,0,0,0,2,8,2,2,3,3,5,4,2
973,2,4,1,1,0,4,9,6,4,5,1,0,0,3,2,8,2,2,0,2,5,4,2
973,2,1,1,4,0,1,5,7,4,5,1,0,0,3,2,8,2,2,3,3,5,11,2
156,2,1,1,1,2,0,9,7,0,5,0,0,0,3,2,2,1,2,1,2,5,0,2
559,2,2,1,4,2,2,5,6,3,5,1,0,0,0,2,6,3,3,0,2,5,1,2
559,2,4,1,4,0,1,7,9,6,5,1,0,0,0,2,8,3,2,3,3,5,3,2
559,2,1,1,4,0,1,5,1,4,5,1,0,0,0,2,1,3,2,3,3,5,10,2
790,3,4,1,4,0,3,11,9,6,5,0,0,0,0,2,8,2,2,1,2,5,5,2
580,3,0,1,4,0,1,5,7,6,5,0,0,0,0,2,1,2,3,0,2,5,1,2
580,3,0,1,4,0,0,7,7,6,5,0,0,0,0,2,1,2,2,1,2,5,3,2
580,3,1,1,4,0,1,7,7,1,5,0,0,0,0,2,8,2,4,0,2,5,9,2
425,1,1,1,4,0,2,0,7,2,5,7,0,0,3,2,8,1,4,3,3,5,18,2
173,4,0,1,4,0,0,5,7,6,5,7,0,0,3,2,8,2,2,0,2,5,1,2
173,4,4,1,1,0,0,8,12,4,5,7,0,0,3,2,8,2,2,0,2,5,3,2
267,1,0,1,4,0,1,0,6,2,5,0,0,0,3,2,8,2,2,3,3,5,12,2
20,5,1,1,4,0,4,7,6,2,5,7,0,0,0,2,8,2,4,3,3,5,0,2
997,1,1,1,1,2,2,14,12,4,5,1,0,0,3,2,8,1,1,3,3,5,10,2
724,5,0,1,1,0,3,7,6,2,5,7,0,0,0,2,8,2,2,0,2,5,3,2
1026,5,0,1,1,0,1,7,7,2,5,0,0,0,3,2,8,3,2,3,3,5,10,2
994,6,2,1,2,2,0,5,9,4,5,0,0,0,3,2,8,1,2,3,3,5,10,2
321,6,1,1,4,0,0,14,7,4,5,1,0,0,3,2,8,1,4,0,2,5,0,2
435,6,2,1,4,0,0,5,7,4,5,7,0,0,3,2,8,1,2,3,3,5,10,2
477,6,0,1,4,0,3,0,4,4,5,7,0,0,0,2,8,2,2,0,2,5,10,2
477,6,0,1,4,0,0,0,1,4,5,7,0,0,0,2,8,2,2,3,3,5,10,2
501,6,0,1,2,2,3,8,2,2,5,0,0,0,0,2,2,2,2,0,2,5,0,2
230,4,1,1,4,0,1,3,7,2,5,1,2,0,3,2,1,1,2,3,3,5,16,2
66,0,1,1,4,0,0,7,12,2,5,7,0,0,3,2,8,2,2,3,3,5,11,2
66,0,1,1,1,1,2,5,6,2,2,7,2,0,3,2,8,2,2,0,2,5,12,2
52,0,0,1,4,0,1,0,7,6,5,7,0,0,3,2,8,1,2,0,2,5,0,2
112,0,1,1,1,0,2,8,7,4,5,1,0,0,3,2,8,3,2,3,3,5,0,2
112,0,1,1,4,0,3,5,2,6,5,1,2,0,3,2,8,3,2,1,2,5,16,2
112,0,4,0,4,0,3,5,6,2,5,1,0,0,3,2,1,3,4,0,2,5,10,2
336,0,0,1,1,2,1,3,7,2,5,1,0,0,3,2,8,1,2,0,2,5,12,2
255,0,4,1,1,0,2,11,6,2,6,3,0,0,3,2,8,1,2,2,1,5,1,2
420,0,4,1,4,2,0,11,6,2,5,7,0,0,3,2,8,1,2,0,2,5,0,2
879,2,1,1,1,0,3,0,6,2,2,7,0,0,3,2,8,2,2,3,3,5,10,2
879,2,1,1,4,0,2,0,2,4,2,7,0,0,3,2,2,2,2,2,2,1,3,2
966,2,2,1,4,0,1,0,6,4,1,1,0,0,3,2,8,2,2,3,3,5,11,2
966,2,1,1,1,0,3,7,7,0,1,1,0,0,3,2,8,2,3,0,2,5,3,2
294,2,2,1,4,0,1,9,7,2,5,0,0,0,3,2,8,2,2,0,1,5,9,2
294,2,0,1,1,0,3,0,2,5,7,0,0,0,3,2,8,2,2,0,2,5,10,2
594,3,0,1,4,0,3,14,12,4,5,7,0,0,0,2,8,2,2,2,2,5,10,2
594,3,4,1,4,0,1,0,2,2,5,7,0,0,0,2,8,2,2,3,3,5,10,2
751,2,0,1,4,0,3,0,6,4,5,1,1,0,0,2,8,2,2,0,2,5,0,2
751,2,0,1,4,0,3,0,7,6,5,1,0,0,0,2,2,2,2,3,3,5,0,2
534,3,4,1,2,1,3,8,7,0,5,0,0,0,0,2,8,1,2,3,3,5,12,2
670,0,4,0,4,0,2,16,6,2,1,0,0,0,0,2,8,2,2,0,2,5,9,2
430,1,1,1,4,0,2,7,7,2,5,0,0,0,3,2,8,1,2,0,2,5,3,2
716,1,1,1,4,0,2,14,9,2,5,1,0,3,0,3,8,1,4,3,3,5,5,2
420,2,0,1,4,2,4,8,6,2,5,0,0,0,3,2,2,2,2,0,2,5,11,2
420,2,4,1,4,0,2,5,2,1,5,0,0,0,3,2,8,2,2,3,3,5,12,2
418,5,0,1,4,2,1,0,0,6,3,7,0,3,3,4,8,1,2,0,2,5,9,2
418,5,0,1,1,0,1,0,7,2,7,7,0,3,3,4,2,1,2,1,2,5,3,2
505,3,1,1,4,2,1,8,7,4,7,7,0,0,0,2,2,2,2,2,2,6,12,2
505,3,4,1,4,0,3,8,2,4,5,7,0,0,0,2,8,2,2,3,3,5,1,2
472,6,1,1,4,0,1,5,9,4,5,5,0,0,3,2,8,2,4,0,2,5,0,2
472,6,4,1,4,0,0,9,7,4,5,5,0,0,3,2,2,2,2,2,2,5,12,2
320,5,4,1,4,0,1,7,7,2,5,0,0,0,3,2,2,1,2,0,2,5,3,2
675,6,0,1,4,0,0,14,7,0,5,1,0,0,0,2,8,2,2,3,3,5,9,2
675,6,4,0,4,0,2,0,1,2,5,1,3,0,0,2,1,2,2,3,3,5,10,2
155,6,1,1,4,0,2,0,1,1,5,7,0,0,3,2,8,1,2,0,2,5,0,2
89,4,0,1,1,2,1,5,7,2,5,1,0,3,3,4,8,1,2,3,3,5,0,2
928,4,1,1,1,0,4,14,6,2,5,0,0,3,3,4,8,2,2,0,2,5,10,2
21,0,2,1,4,0,3,11,7,2,5,0,0,0,0,2,8,2,2,0,2,5,3,2
21,0,0,1,2,0,0,0,9,4,3,0,0,0,0,2,2,2,3,1,2,5,0,2
334,4,1,1,4,2,2,0,2,0,5,7,0,0,3,2,2,1,2,0,2,5,10,2
633,0,4,0,4,0,0,0,7,1,5,1,0,0,0,2,8,1,2,3,3,5,1,2
997,0,1,1,4,0,4,5,7,4,5,1,0,0,3,2,8,2,2,2,2,5,4,2
997,0,1,1,1,0,1,5,1,2,3,1,0,0,3,2,8,2,3,0,2,5,10,2
178,2,2,1,4,0,2,0,7,4,5,0,0,0,3,2,8,1,2,3,3,5,16,2
292,2,2,1,1,0,2,14,6,2,5,0,0,0,3,2,8,4,4,3,3,5,5,2
292,2,2,1,4,2,0,9,9,4,5,0,0,0,3,2,8,4,4,0,2,5,11,2
292,2,2,1,4,0,2,9,6,1,5,0,3,0,3,2,8,4,2,0,1,5,9,2
319,2,0,1,2,0,1,9,2,0,5,7,0,0,3,2,8,2,2,2,2,5,0,2
319,2,2,1,4,0,0,9,2,4,5,7,0,0,3,2,5,2,2,1,2,5,1,2
362,3,0,1,4,0,2,5,9,4,5,1,0,3,3,2,8,2,4,3,3,5,5,2
362,3,0,1,4,0,1,0,7,4,5,1,2,3,3,2,2,2,2,3,3,5,12,2
778,3,0,1,4,0,5,5,7,6,5,0,0,3,0,2,8,2,1,0,2,5,12,2
464,1,4,0,4,0,2,14,6,4,5,7,3,0,3,2,8,2,2,3,3,5,1,2
201,6,4,1,4,0,4,0,7,2,5,1,0,0,3,2,2,1,2,3,3,5,7,2
998,5,1,1,4,2,3,14,1,2,5,1,2,0,3,2,2,1,3,0,2,5,16,2
172,5,0,1,4,0,3,0,2,1,5,1,0,0,3,2,8,1,2,3,3,5,0,2
66,5,1,1,1,0,1,7,12,2,5,7,0,0,3,2,2,1,4,2,1,0,5,1
267,5,4,0,4,0,1,7,6,4,5,7,0,0,3,2,2,1,2,3,3,5,3,2
821,6,1,1,1,0,2,5,9,4,5,1,0,0,0,2,8,2,2,1,2,5,10,2
312,6,4,0,4,0,4,5,7,4,5,0,2,0,3,2,2,1,2,1,2,5,12,2
323,6,1,1,4,0,4,0,6,1,3,7,0,0,3,2,8,2,3,3,3,5,0,2
515,4,1,1,4,2,2,10,7,2,5,0,0,0,3,2,8,1,2,2,2,0,9,1
780,2,4,1,2,2,2,10,9,4,5,0,0,0,0,2,8,1,2,0,2,5,12,2
746,4,1,1,4,0,1,5,9,2,5,1,0,3,0,2,1,2,2,2,2,5,10,2
746,4,4,1,1,0,2,9,6,1,5,1,0,3,0,2,8,2,2,0,2,5,10,2
801,2,1,1,4,0,1,7,9,2,5,7,0,0,0,2,2,1,2,3,3,5,16,2
112,2,1,1,4,0,4,5,7,1,5,0,0,0,3,2,8,2,2,0,2,5,5,2
112,2,2,1,1,0,1,0,4,2,5,0,0,0,3,2,8,2,2,2,2,0,1,2
733,2,0,1,4,0,1,7,2,2,5,1,2,0,0,2,8,2,2,3,3,5,0,2
733,2,0,1,4,0,1,6,9,4,3,1,0,0,0,2,8,2,2,0,2,5,3,2
274,4,4,0,4,2,2,0,5,2,7,7,4,0,3,2,8,1,2,0,2,5,12,2
112,4,1,1,4,0,1,11,2,2,3,1,3,0,3,2,8,1,2,3,3,5,2,2
107,0,1,1,4,0,4,5,6,6,7,7,3,0,3,2,2,2,2,0,2,5,5,2
107,0,4,1,4,0,0,11,2,2,3,7,0,0,3,2,8,2,2,3,3,5,1,2
689,2,1,1,4,0,4,5,6,6,7,7,0,0,0,2,2,2,3,0,2,5,3,2
689,2,4,1,4,0,3,5,6,4,5,7,2,0,0,2,8,2,2,3,3,5,10,2
323,6,3,1,4,0,4,5,12,2,5,7,0,0,3,2,8,2,2,0,2,5,0,2
1030,5,1,1,4,0,0,9,6,6,7,7,0,0,3,2,1,2,2,3,3,5,10,2
1030,5,4,1,1,0,2,14,11,6,5,7,0,0,3,2,8,2,2,0,2,5,7,2
474,5,1,1,4,2,4,5,7,2,5,7,2,0,3,2,8,1,2,2,1,5,16,2
411,5,1,1,4,0,4,0,9,4,5,7,0,0,3,2,8,2,2,0,2,5,3,2
411,5,0,1,6,0,4,8,6,4,5,7,0,0,3,2,1,2,1,3,3,5,5,2
952,5,0,1,4,0,0,0,6,4,5,7,0,0,3,2,2,1,2,3,3,5,9,2
869,4,1,1,4,0,1,11,6,4,5,7,0,0,3,2,8,2,9,3,3,5,5,2
1016,5,4,1,4,0,2,14,7,4,5,7,0,0,3,2,8,1,2,1,2,5,10,2
988,4,0,1,4,0,3,9,7,2,5,7,2,0,3,2,2,2,2,2,2,2,9,1
1016,0,0,1,4,0,3,7,12,4,6,0,0,0,3,2,8,2,2,0,2,5,7,2
615,4,0,1,4,0,4,0,6,2,5,0,0,0,0,2,8,2,2,0,2,5,0,2
615,4,1,1,4,0,4,11,2,1,5,0,2,0,0,2,8,2,2,3,3,5,12,2
599,0,1,1,4,2,2,7,7,4,5,0,0,0,0,2,8,2,2,0,2,5,1,2
599,0,1,1,4,0,1,5,7,1,5,0,0,0,0,2,6,2,2,3,3,5,1,2