Time,Day_of_week,Age_band_of_driver,Sex_of_driver,Educational_level,Vehicle_driver_relation,Driving_experience,Type_of_vehicle,Area_accident_occured,Lanes_or_Medians,Road_allignment,Types_of_Junction,Road_surface_type,Road_surface_conditions,Light_conditions,Weather_conditions,Type_of_collision,Number_of_vehicles_involved,Vehicle_movement,Casualty_class,Casualty_severity,Pedestrian_movement,Cause_of_accident,Accident_severity
206,3,0,1,1,0,4,0,7,2,5,0,0,0,3,2,8,2,2,3,3,5,3,2
206,3,4,1,4,0,1,11,7,2,5,0,0,0,3,2,2,2,4,0,2,5,0,2
715,2,1,1,2,0,3,0,6,3,5,0,0,0,0,2,8,2,2,3,3,5,5,2
715,2,2,1,2,0,3,8,9,4,5,0,0,0,0,2,8,2,2,0,2,5,3,2
423,3,1,1,4,0,2,9,6,1,5,0,0,0,3,2,8,2,1,1,2,5,10,2
423,3,1,1,1,0,0,5,9,2,5,0,4,0,3,2,8,2,2,3,3,5,12,2
979,0,0,1,1,0,2,5,6,4,5,1,0,0,3,2,8,2,2,3,3,5,12,2
979,0,4,1,4,0,2,5,7,2,5,1,0,0,3,2,8,2,2,0,1,5,12,2
38,0,0,1,4,0,0,10,6,1,5,0,0,0,3,2,8,2,2,3,3,5,0,2
38,0,4,1,4,2,2,5,12,4,5,0,0,0,3,2,2,2,2,0,2,5,9,2
979,2,0,1,2,2,3,5,9,1,5,0,0,0,3,2,6,2,1,2,2,5,3,2
420,4,4,1,6,2,2,5,9,4,5,0,0,0,3,2,1,1,2,0,2,5,1,2
588,5,4,1,0,0,3,12,6,4,5,3,2,0,0,2,8,1,4,2,1,6,12,2
336,1,2,1,2,0,4,0,9,1,5,7,0,0,3,2,8,3,2,0,2,5,1,2
336,1,0,1,4,0,0,5,7,6,5,7,0,0,3,2,1,3,2,3,3,5,4,2
336,1,1,1,4,0,3,8,7,2,5,7,0,0,3,2,1,3,2,0,2,5,9,2
93,1,1,1,4,2,3,11,6,2,5,0,0,0,3,2,8,1,2,3,3,5,12,2
992,1,2,1,4,0,3,14,6,2,5,7,0,0,3,2,8,2,2,2,2,5,10,2
992,1,1,1,4,0,5,0,9,2,5,7,0,0,3,2,8,2,7,0,2,5,3,2
1009,5,4,0,4,0,0,9,7,2,5,7,0,0,3,2,8,1,4,3,3,5,0,1
606,5,4,0,3,2,0,0,7,4,5,7,0,0,0,2,8,2,2,0,2,5,12,2
606,5,4,1,4,2,4,0,6,2,5,7,0,0,0,2,2,2,2,3,3,5,12,2
514,5,1,1,4,2,0,0,6,2,5,0,0,0,3,2,8,1,2,0,2,5,10,2
272,5,2,1,4,2,1,5,2,4,5,0,0,0,3,2,8,1,2,3,3,5,4,2
225,5,1,1,5,2,2,0,7,1,5,1,0,0,3,2,8,2,2,3,3,5,3,2
225,5,4,1,5,2,3,0,6,4,5,1,0,0,3,2,8,2,2,0,2,5,3,2
348,5,4,0,4,2,1,9,6,2,5,7,0,0,3,2,8,2,2,3,3,5,1,2
348,5,1,1,1,2,3,15,9,2,5,7,0,0,3,2,8,2,2,0,2,5,3,2
248,5,4,1,6,2,2,0,7,4,5,7,2,0,3,2,8,1,2,0,2,5,0,2
935,6,1,1,4,2,4,14,6,4,5,0,0,0,3,2,8,1,9,2,2,5,5,1
935,6,1,1,4,2,1,0,7,4,5,0,0,0,3,2,8,1,4,0,2,5,3,1
206,6,0,1,1,0,1,5,7,6,3,0,0,0,3,2,8,2,4,3,3,5,10,2
206,6,0,1,4,0,1,0,6,1,3,0,0,0,3,2,8,2,2,0,2,5,3,2
716,6,1,1,4,0,1,9,9,2,5,0,0,0,0,2,8,1,2,3,3,5,4,2
714,6,1,1,4,0,2,0,7,2,5,0,0,0,0,2,8,2,4,3,3,5,16,2
714,6,1,1,4,0,2,0,9,4,5,0,0,0,0,2,2,2,4,0,2,5,10,2
714,6,4,1,4,0,3,5,2,2,5,0,0,0,0,2,8,2,2,3,3,5,3,2
420,1,1,1,1,0,2,0,9,2,5,5,0,0,0,2,8,1,7,0,2,5,12,2
63,2,1,1,4,0,2,6,6,1,5,1,3,3,3,4,8,2,4,2,2,5,12,2
384,0,0,1,4,2,2,0,4,2,5,3,0,0,3,2,8,2,2,1,2,5,10,2
389,3,1,1,4,0,2,0,2,2,5,7,0,0,3,2,8,2,2,1,2,5,9,2
389,3,1,1,4,0,4,11,9,4,3,7,0,0,3,2,8,2,2,0,2,5,10,2
510,6,1,1,4,0,2,0,6,4,5,7,0,0,3,2,8,2,2,0,2,5,11,2
946,0,0,1,4,0,3,7,5,2,7,7,0,0,3,2,8,2,2,3,3,5,9,2
946,0,2,1,2,0,3,14,2,2,3,7,0,0,3,2,8,2,2,0,2,5,0,2
1010,1,2,1,4,0,3,5,6,6,7,0,0,0,3,2,1,1,4,3,3,5,10,1
375,0,1,1,4,0,3,15,2,2,3,7,0,0,3,2,8,1,2,0,2,5,12,2
646,4,0,1,4,0,3,7,6,6,7,1,0,0,2,7,8,2,2,0,2,5,1,2
646,4,4,1,4,0,3,9,6,4,5,1,0,0,2,7,8,2,3,3,3,5,10,2
463,0,4,0,4,0,2,0,12,2,5,1,0,0,3,2,8,1,2,0,2,5,10,2
610,1,3,1,4,0,1,0,9,2,5,7,0,3,3,4,2,2,3,3,3,5,7,2
610,1,1,1,4,0,4,10,6,6,7,7,0,3,3,4,8,2,4,2,1,5,11,2
819,2,0,1,4,0,4,5,11,6,5,1,4,0,0,2,8,2,2,2,2,5,0,2
819,2,4,1,4,0,1,5,7,2,5,1,0,0,0,2,8,2,7,3,3,5,10,2
941,4,0,1,1,0,4,4,9,4,5,1,0,0,3,2,8,1,2,0,2,5,3,2
1019,4,4,0,4,0,4,6,6,4,5,4,0,0,3,2,8,2,4,0,2,5,10,2
175,2,0,1,6,0,4,0,6,4,5,1,0,0,3,2,2,1,8,3,3,5,3,2
130,0,0,1,4,0,4,7,6,4,5,1,0,0,3,2,8,1,4,0,2,5,9,1
292,0,0,1,1,0,3,15,6,2,5,3,0,0,3,7,8,2,4,2,2,5,16,2
292,0,0,1,1,0,3,0,7,4,5,3,0,0,3,7,8,2,2,3,3,5,3,2
292,0,0,1,1,0,4,3,7,2,5,3,0,0,3,7,6,2,2,1,2,5,3,2
362,6,4,1,2,0,1,3,7,2,5,0,0,0,3,2,8,2,2,2,1,5,9,2
362,6,2,1,4,0,1,5,9,1,5,0,0,0,3,2,8,2,2,3,3,5,3,2
753,2,4,1,0,0,3,5,12,4,6,1,0,3,0,2,2,2,2,1,1,5,4,2
753,2,0,1,4,0,1,4,9,4,6,1,0,3,0,2,8,2,2,2,2,5,0,2
315,5,4,1,4,0,1,0,6,2,5,1,0,0,3,2,8,2,2,3,3,5,10,2
294,5,1,1,4,0,2,7,7,4,5,7,4,0,3,2,2,2,2,3,3,5,1,1
294,5,3,1,4,0,4,0,7,1,5,7,0,0,3,2,2,2,2,0,2,5,5,1
551,5,2,1,4,0,4,0,7,2,5,1,0,0,1,2,8,2,2,2,2,5,1,1
440,2,1,1,4,0,4,0,6,4,5,0,0,0,3,2,2,2,2,0,2,5,9,2
440,2,1,1,4,0,0,11,6,3,5,0,1,0,3,2,2,2,4,3,3,5,10,2
440,2,1,1,2,0,0,5,6,1,5,0,0,0,3,2,8,2,1,0,2,5,9,2
440,2,1,1,4,0,2,5,9,2,5,0,0,0,3,2,8,2,2,2,2,5,10,2
440,2,0,1,4,0,4,14,6,4,5,0,0,0,3,2,2,2,2,3,3,5,4,2
440,2,0,1,2,0,3,7,7,2,5,0,0,0,3,2,8,2,2,0,2,5,4,2
440,2,0,1,1,2,2,0,6,1,5,0,2,0,3,2,8,2,2,0,2,5,9,2
292,4,4,0,1,0,4,8,12,4,5,5,0,0,3,2,8,2,9,3,3,5,9,2
292,4,0,1,4,0,2,6,9,1,5,5,0,0,3,2,6,2,0,3,3,5,16,2
385,5,1,1,1,2,2,0,6,4,5,5,0,3,3,4,8,1,0,0,2,5,3,2
524,4,0,2,4,0,1,8,9,4,5,1,0,0,3,2,8,1,0,1,2,5,0,2
630,4,0,1,4,0,3,6,6,4,5,1,0,0,0,2,1,1,0,0,1,5,5,0
565,4,1,1,4,0,2,14,6,2,5,3,0,0,0,2,8,2,4,3,3,5,10,2
565,4,0,1,2,0,0,5,9,4,5,3,0,0,0,2,8,2,0,0,2,5,9,2
341,4,1,1,1,0,2,15,7,2,5,1,0,0,3,3,8,1,9,3,3,5,0,2
375,0,4,0,1,0,1,0,4,4,5,7,0,0,3,2,8,2,0,3,3,5,1,1
375,0,1,1,4,0,4,3,6,2,5,7,0,0,3,2,2,2,0,0,2,5,10,1
279,4,4,1,4,0,4,0,1,2,5,0,0,0,3,2,8,2,0,2,2,5,2,2
279,4,2,1,4,0,2,9,9,2,5,0,3,0,3,2,8,2,0,3,3,5,1,2
237,4,2,1,4,2,2,4,9,4,5,1,0,0,3,2,8,2,0,0,2,5,12,1
237,4,0,1,1,0,0,8,2,4,3,1,0,0,3,2,8,2,4,0,2,5,10,1
71,3,1,1,4,2,0,0,7,4,5,1,0,0,3,2,2,2,4,3,3,5,1,2
744,2,0,1,4,0,3,4,2,3,5,7,0,0,0,2,6,2,2,3,3,5,0,2
881,6,2,1,1,2,1,3,7,3,5,7,0,0,0,2,8,1,2,0,2,5,3,2
375,4,2,1,4,0,2,0,2,3,5,1,0,0,3,2,8,3,2,3,3,5,1,2
375,4,0,1,4,0,4,15,2,2,5,1,0,0,3,2,8,3,2,0,2,5,12,2
375,4,1,1,4,0,2,15,7,4,5,1,0,0,3,2,8,3,7,3,3,5,10,2
93,2,1,1,2,0,3,3,7,4,5,7,0,0,3,2,8,1,3,3,3,5,11,2
972,6,0,1,4,0,2,4,12,6,5,5,0,3,3,4,1,2,5,0,2,5,11,2
972,6,0,1,1,0,0,4,9,4,5,5,0,3,3,4,6,2,2,0,2,5,12,2
971,5,1,1,1,0,0,16,6,4,5,0,0,3,3,4,6,2,2,1,2,5,0,2
971,5,1,1,4,2,0,3,9,4,5,0,0,3,3,4,8,2,7,3,3,5,10,2
701,1,0,1,0,2,0,3,7,1,3,1,0,0,0,2,8,2,2,0,2,5,12,2
701,1,4,0,4,2,2,10,9,2,5,1,0,0,0,2,8,2,2,3,3,5,10,2
300,1,4,0,4,0,2,0,9,4,5,7,0,0,3,2,4,1,4,3,3,5,10,1
136,2,2,1,1,0,2,0,9,2,5,7,0,0,3,2,8,2,0,0,2,5,1,2
136,2,0,1,2,2,4,8,7,6,5,7,4,0,3,2,2,2,9,3,3,5,0,2
133,2,0,1,4,0,2,14,7,1,5,1,0,0,3,2,8,2,2,1,2,5,17,2
646,1,4,1,4,0,3,0,9,4,5,0,0,0,0,2,1,2,2,0,2,5,9,2
267,6,1,1,4,0,2,0,9,1,5,1,0,0,3,2,8,1,2,3,3,5,5,2
267,6,1,1,4,2,3,3,9,4,5,1,0,0,3,2,8,1,2,3,3,5,9,2
956,6,1,1,4,0,2,10,7,2,5,3,0,3,3,4,8,2,2,0,2,5,1,2
956,6,0,1,4,0,0,10,6,2,5,3,0,3,3,4,6,2,2,0,2,5,15,2
280,2,0,1,4,0,0,4,7,6,5,3,0,0,3,2,2,2,1,3,3,5,5,1
280,2,0,1,4,0,0,4,6,0,5,3,0,0,3,2,8,2,1,0,2,5,3,1
341,1,0,1,2,0,1,8,9,2,5,7,0,0,3,2,8,1,1,3,3,5,10,2
341,1,0,1,2,2,3,0,6,0,1,7,0,0,3,2,2,1,3,2,2,1,12,2
173,2,2,1,1,0,1,0,6,0,5,0,0,0,3,2,8,1,2,0,2,5,15,1
90,6,2,1,4,0,3,0,7,0,5,7,4,3,3,4,8,2,2,3,3,5,5,2
90,6,2,1,2,0,1,3,6,2,5,7,0,3,3,4,8,2,12,0,2,5,1,2
446,6,2,1,4,0,0,0,6,1,5,0,0,3,1,2,6,2,4,0,2,5,1,2
400,4,0,1,4,2,2,14,7,4,5,7,0,0,3,2,1,1,2,3,3,5,1,2
482,6,3,1,4,0,3,7,9,2,1,7,0,0,3,2,8,2,2,0,2,5,10,1
482,6,3,1,4,0,0,13,2,2,5,7,0,0,3,2,8,2,2,0,2,5,15,1
427,1,1,1,4,0,0,5,7,2,5,5,0,0,0,2,1,1,5,3,3,5,10,2
366,0,1,1,4,0,1,8,9,2,5,5,0,0,3,2,1,1,2,2,2,6,3,2
635,3,3,1,2,0,0,4,7,4,5,7,4,3,0,4,8,2,2,3,3,5,10,2
635,3,0,1,4,0,0,5,9,4,5,7,0,3,0,4,8,2,2,0,1,5,10,2
713,6,0,1,1,0,3,6,9,2,5,1,0,0,0,2,8,1,9,0,2,5,10,2
713,6,0,1,1,0,3,0,7,2,5,1,0,0,0,2,8,1,2,0,2,5,10,2
842,6,1,1,4,0,3,0,7,4,5,1,0,3,0,4,2,2,1,0,2,5,12,2
842,6,4,0,4,0,0,14,7,0,5,1,0,3,0,4,8,2,3,0,2,5,0,2
1003,1,0,1,2,2,1,11,1,4,5,1,0,0,3,2,2,2,5,0,2,5,3,2
1007,6,4,1,4,0,1,11,7,6,5,7,0,3,3,4,8,2,2,3,3,5,0,2
1007,6,1,2,4,0,2,14,6,4,5,7,0,3,3,4,8,2,2,0,2,5,11,2
229,3,1,1,4,0,2,0,7,4,5,7,0,0,3,2,2,3,2,3,3,5,10,2
229,3,2,1,4,0,1,2,6,4,5,7,0,0,3,2,2,3,7,0,2,5,10,2
229,3,1,1,2,0,3,0,6,1,5,7,0,0,3,2,8,3,1,3,3,5,17,2
816,2,0,1,1,0,2,5,6,4,5,0,0,0,0,2,8,2,2,0,2,5,10,2
816,2,2,1,4,0,3,0,7,4,5,0,0,0,0,2,8,2,2,3,3,5,6,2
775,4,0,1,6,0,1,10,7,0,5,7,0,0,0,2,8,1,2,3,3,5,9,1
775,4,0,1,4,0,1,13,6,3,5,7,0,0,0,2,8,1,7,0,2,5,11,1
520,5,4,0,2,0,1,0,9,6,5,1,0,3,0,3,8,2,2,2,2,5,0,2
520,5,3,1,4,0,0,10,1,4,5,1,0,3,0,3,8,2,8,0,2,5,0,2
924,4,0,1,1,0,1,5,9,6,5,0,0,3,3,4,8,2,2,1,2,5,10,2
924,4,0,1,4,0,0,5,7,6,5,0,0,3,3,4,8,2,7,3,3,5,1,2
924,4,2,1,1,0,0,9,7,6,5,0,0,3,3,4,8,2,2,0,2,5,1,2
610,5,1,1,2,0,5,5,7,1,5,1,0,3,0,4,8,1,2,3,3,5,9,1
374,5,2,1,4,2,2,5,7,2,5,1,2,3,3,4,8,3,7,0,2,5,2,2
374,5,3,1,4,0,0,9,7,6,5,1,0,3,3,4,8,3,2,3,3,5,0,2
374,5,4,1,4,0,1,11,12,4,5,1,0,3,3,4,8,3,12,0,2,5,1,2
35,2,0,1,4,0,2,0,6,2,5,7,0,0,0,2,8,1,2,3,3,5,10,1
492,1,1,1,4,2,3,0,6,2,5,1,0,0,0,2,1,2,2,2,2,6,3,1
944,5,1,1,1,2,3,8,12,2,5,1,0,0,3,2,2,2,2,0,2,5,1,1
488,1,0,1,4,2,2,0,7,2,5,0,0,0,0,2,8,2,9,3,3,5,1,2
7,2,0,1,2,2,3,5,7,2,5,1,0,0,0,2,8,3,2,3,3,5,10,1
7,2,1,1,1,0,2,5,7,4,5,1,0,0,0,2,6,3,2,3,3,5,3,1
7,2,2,1,1,2,3,8,7,4,5,1,0,0,0,2,2,3,1,0,2,5,1,1
7,2,2,1,4,2,4,8,4,4,5,1,0,0,0,2,8,3,2,2,2,5,2,1
7,2,4,1,4,2,1,0,1,4,5,1,0,0,0,2,2,3,2,0,2,5,0,1
942,6,1,1,4,2,1,7,2,2,5,7,3,3,3,5,8,2,2,3,3,5,3,2
451,1,1,1,1,2,3,0,6,2,5,7,0,3,0,5,8,2,2,1,1,5,9,2
778,2,4,0,1,2,4,0,7,2,5,1,0,0,0,2,2,1,2,2,2,5,1,2
778,2,4,0,4,2,2,9,9,4,5,1,0,0,0,2,8,1,2,0,2,5,10,2
192,2,1,1,4,2,2,3,6,6,7,7,0,3,3,2,2,3,2,3,3,5,6,2
192,2,1,1,4,0,0,0,12,2,5,7,0,3,3,2,8,3,2,2,2,5,3,2
192,2,1,1,2,2,2,11,6,2,2,7,0,3,3,2,8,3,9,3,3,5,4,2
192,2,1,1,4,0,2,8,7,6,5,7,0,3,3,2,8,3,2,0,1,5,1,2
192,2,1,1,4,0,2,5,7,4,5,7,0,3,3,2,8,3,2,0,2,5,1,2
192,2,2,1,4,0,2,0,2,6,5,7,0,3,3,2,8,3,2,0,2,5,3,2
708,2,0,1,4,0,3,10,6,2,5,1,0,0,0,2,8,2,2,0,2,5,0,2
708,2,4,1,4,0,2,0,7,2,5,1,0,0,0,2,8,2,7,3,3,5,12,2
440,2,1,1,4,0,5,11,6,2,6,7,0,0,0,2,8,3,2,1,2,5,3,1
440,2,1,1,0,0,4,9,6,2,5,7,0,0,0,2,8,3,9,2,2,5,1,1
440,2,4,0,1,0,2,0,6,2,2,7,0,0,0,2,8,3,2,3,3,5,3,1
139,4,0,1,1,0,2,5,2,4,2,1,0,0,3,2,6,2,2,0,2,5,5,2
139,4,4,0,4,0,2,0,6,4,1,1,0,0,3,2,2,2,2,3,3,5,10,2
992,6,4,1,2,0,2,8,7,0,1,1,2,0,3,2,8,1,2,0,2,5,0,2
380,0,0,1,4,0,2,9,7,2,5,7,0,0,3,2,8,1,2,3,3,5,12,1
694,5,1,1,4,0,1,0,2,5,7,1,0,3,0,2,2,2,1,0,2,5,9,2
694,5,0,1,6,0,2,0,12,4,5,1,0,3,0,2,8,2,3,3,3,5,9,2
883,4,1,1,4,0,3,0,2,2,5,5,0,3,0,4,8,1,2,0,2,5,10,1
706,2,1,1,4,0,0,14,6,4,5,7,0,3,0,2,8,2,9,1,2,5,1,2
706,2,3,1,6,0,4,7,7,6,5,7,0,3,0,2,6,2,2,3,3,5,1,2
952,4,3,1,4,0,2,7,7,0,5,7,3,3,3,8,1,2,2,0,2,5,3,2
693,6,4,0,1,0,3,10,7,0,5,7,0,3,0,8,8,2,2,3,3,5,5,2
693,6,0,1,4,0,2,5,6,2,1,7,0,3,0,8,8,2,2,3,3,5,10,2
425,4,3,1,1,0,1,9,7,2,5,1,0,3,0,2,8,2,2,0,2,5,10,2
425,4,2,1,4,0,1,0,7,2,5,1,4,3,0,2,1,2,9,3,3,5,12,2
292,2,4,1,4,0,3,0,9,2,5,7,0,3,3,2,1,2,9,0,2,5,4,2
292,2,0,1,4,0,1,14,6,2,5,7,0,3,3,2,8,2,2,0,2,5,12,2
38,5,0,1,4,2,4,5,2,1,5,7,0,3,3,2,8,2,1,3,3,5,12,2
143,2,1,1,4,0,3,5,0,6,3,7,0,0,3,2,2,2,2,3,3,5,10,2
375,1,1,1,1,0,3,9,6,4,5,4,0,3,0,3,2,1,7,3,3,5,1,1
646,2,1,1,1,1,3,9,6,6,6,0,0,0,0,2,8,2,1,3,3,5,0,2
89,3,4,1,4,0,3,7,4,6,5,1,0,3,3,2,2,2,1,3,3,5,10,1
80,0,2,1,1,0,2,14,9,4,5,1,0,0,3,7,8,1,9,3,3,5,5,2
300,2,0,1,4,0,1,0,9,6,5,7,0,3,3,4,2,2,3,0,2,5,10,2
300,2,1,1,4,0,3,5,4,6,5,7,0,3,3,4,2,2,2,3,3,5,17,2
440,2,2,1,4,0,4,13,9,4,5,7,3,3,0,2,8,2,2,1,2,5,10,1
440,2,0,1,4,2,1,5,9,6,5,7,0,3,0,2,8,2,2,0,2,5,1,1
467,2,0,1,4,0,3,5,6,4,5,1,0,3,0,3,8,2,2,3,3,5,12,2
467,2,3,1,6,0,1,11,6,0,0,1,0,3,0,3,8,2,7,3,3,5,1,2
192,4,4,1,4,0,1,0,6,6,5,1,4,0,3,2,8,1,2,2,2,6,0,2
501,3,4,0,2,0,1,0,6,4,0,1,0,0,0,0,8,1,2,0,2,5,10,2
598,1,3,1,4,0,0,0,6,1,5,7,4,3,0,0,8,2,2,3,3,5,11,2
598,1,4,1,2,0,2,11,6,4,5,7,0,3,0,0,8,2,2,3,3,5,3,2
100,1,4,1,1,0,1,4,6,6,5,1,0,0,3,7,8,1,1,0,2,5,10,2
362,5,1,1,4,0,0,8,9,6,5,1,0,0,3,2,8,2,2,3,3,5,3,2
362,5,1,1,1,0,0,4,9,1,5,1,0,0,3,2,8,2,2,0,2,5,3,2
362,5,4,1,2,0,5,8,7,1,5,1,0,0,3,2,8,2,2,0,2,5,9,2
88,0,2,1,4,2,2,13,2,4,5,1,0,0,3,2,8,1,2,3,3,5,16,2
322,6,2,1,4,0,0,4,1,6,5,0,0,0,3,2,8,1,7,1,2,5,12,2
975,0,3,1,4,0,1,7,0,4,5,7,0,3,3,2,2,2,2,3,3,5,9,2
977,1,0,1,4,0,3,0,13,6,5,7,0,3,3,2,8,2,2,0,2,5,1,2
977,1,0,1,4,2,3,7,4,6,5,7,0,3,3,2,1,2,2,0,2,5,10,2
415,4,3,1,1,2,3,10,9,4,5,3,0,3,0,3,2,2,2,3,3,5,10,2
848,5,0,1,4,2,3,0,10,4,1,5,0,0,0,2,8,2,2,0,2,5,10,2
806,2,4,1,1,2,3,5,9,6,5,1,0,3,0,3,2,2,3,0,2,5,9,2
806,2,0,1,4,2,4,15,5,6,5,1,0,3,0,3,8,2,3,3,3,5,10,2
110,5,0,1,4,2,1,5,9,6,5,7,0,0,3,2,8,1,3,0,2,5,10,2
1002,5,2,1,4,2,1,5,2,6,5,0,0,3,3,2,2,2,4,0,2,5,3,2
1002,5,0,1,2,2,2,7,6,4,5,0,0,3,3,2,8,2,2,3,3,5,9,2
463,1,4,1,1,2,3,5,7,4,7,7,0,0,0,2,8,2,1,0,2,5,3,2
463,1,0,1,1,2,4,5,7,4,5,7,0,0,0,2,8,2,2,1,2,5,4,2
944,0,4,1,4,2,2,7,9,2,5,1,0,3,3,2,8,2,2,1,2,5,1,2
944,0,3,1,4,2,2,0,7,2,5,1,3,3,3,2,1,2,2,3,3,5,3,2
38,1,1,1,4,0,0,15,7,2,5,3,2,0,3,2,2,1,7,2,2,6,12,2
390,2,2,1,2,2,2,5,7,4,5,7,0,0,0,2,8,2,3,0,2,5,1,2
390,2,0,1,4,0,2,7,7,0,6,7,0,0,0,2,8,2,4,3,3,5,18,2
862,3,1,1,4,0,2,0,7,2,5,7,0,3,0,5,8,1,2,0,2,5,12,2
862,3,1,1,4,0,2,11,2,2,5,7,2,3,0,5,8,1,2,1,2,5,2,2
904,1,1,1,4,0,3,14,7,4,5,3,0,3,0,2,8,1,2,0,2,5,10,2
163,6,0,1,4,0,2,0,4,2,5,3,0,0,3,7,8,1,2,1,2,5,10,2
274,6,1,1,4,0,5,5,9,0,5,0,0,0,3,2,8,2,2,0,2,5,3,2
274,6,2,1,0,0,4,7,7,2,5,0,0,0,3,2,8,2,2,3,3,5,3,2
362,5,4,1,1,0,2,10,6,2,5,7,0,0,3,3,8,1,2,0,2,5,9,2
158,3,1,1,1,0,2,7,4,5,5,1,0,3,3,3,2,2,2,3,3,5,10,2
158,3,4,0,4,0,2,7,4,0,5,1,0,3,3,3,8,2,2,0,2,5,1,2
63,5,4,1,2,0,2,12,7,2,5,7,0,0,3,2,2,1,4,3,3,5,16,2
629,0,4,1,4,0,2,5,3,2,5,7,0,0,0,2,8,2,3,3,3,5,10,2
629,0,1,1,4,0,1,5,6,1,5,7,0,0,0,2,8,2,2,0,2,5,16,2
269,0,4,1,4,0,3,4,3,4,7,7,0,3,3,4,1,1,2,0,2,5,10,2
93,6,1,1,4,0,0,0,6,6,5,1,0,0,3,2,8,1,3,3,3,5,10,2
315,2,4,0,1,0,0,8,6,4,5,1,0,0,3,2,8,1,2,0,2,5,12,2
520,0,0,1,4,0,2,0,6,2,7,1,0,0,3,2,1,1,2,3,3,5,0,1
976,0,0,1,4,0,0,7,7,0,3,1,0,3,3,2,2,2,2,0,1,5,10,2
139,6,4,0,4,0,1,10,9,4,5,7,0,0,3,2,8,1,4,3,3,5,0,2
709,5,1,1,4,0,2,8,6,6,5,7,0,0,0,2,8,2,3,3,3,5,16,1
482,2,0,1,4,0,1,10,7,2,6,1,4,3,0,4,8,1,2,0,2,5,1,1
53,5,0,1,4,0,3,9,2,4,5,7,0,3,3,2,2,2,2,0,2,5,1,2
53,5,1,1,4,0,2,5,4,4,5,7,0,3,3,2,2,2,2,1,2,5,9,2
487,6,0,1,4,0,3,8,6,0,5,7,0,0,3,2,8,1,2,0,2,5,9,1
163,0,4,1,4,0,1,5,2,4,5,1,0,3,3,4,8,2,4,3,3,5,0,2
163,0,2,1,4,0,4,8,6,4,5,1,0,3,3,4,8,2,2,3,3,5,9,2
310,1,1,1,4,0,4,3,6,6,5,3,0,0,3,7,8,1,2,0,2,5,10,2
366,1,1,1,4,0,1,7,6,2,5,0,0,0,3,2,6,2,7,0,2,5,1,2
420,5,2,1,4,0,1,10,6,0,5,7,0,0,3,2,2,2,2,0,1,5,12,2
420,5,0,1,4,0,2,13,6,0,5,7,0,0,3,2,1,2,2,3,3,5,10,2
492,6,1,1,2,0,3,5,7,2,5,7,0,3,0,2,8,1,7,0,2,5,12,2
463,5,4,1,2,0,3,5,7,2,5,7,0,0,0,2,8,3,2,3,3,5,5,1
463,5,1,1,4,0,2,11,9,2,5,7,0,0,0,2,8,3,7,0,2,5,1,1
463,5,4,1,1,0,0,0,2,2,5,7,0,0,0,2,8,3,4,3,3,5,10,1
964,1,4,0,4,0,2,0,9,0,5,1,0,0,3,2,8,2,2,0,2,5,0,2
546,1,4,1,4,0,0,11,6,2,6,1,0,3,0,4,8,2,2,3,3,5,1,2
546,1,1,1,4,2,2,4,6,2,6,1,0,3,0,4,2,2,2,3,3,5,1,2
664,1,4,0,2,2,3,8,9,2,5,7,0,3,0,4,6,2,2,0,2,5,5,2
1001,5,4,1,6,2,2,8,7,2,5,1,0,0,3,2,1,2,2,0,2,5,0,2
1001,5,0,1,0,0,3,13,6,2,5,1,0,0,3,2,8,2,2,0,2,5,11,2
383,6,1,1,2,0,4,4,7,2,5,7,0,0,3,2,8,2,2,3,3,5,10,2
39,0,0,1,4,0,3,7,2,4,5,7,0,0,3,2,8,2,2,0,2,5,3,1
39,0,0,1,4,0,5,7,7,4,5,7,0,0,3,2,8,2,2,1,2,5,10,1
112,6,1,1,4,0,0,0,7,1,5,7,0,0,3,2,8,4,2,3,3,5,0,2
112,6,0,1,3,2,0,7,9,2,5,7,0,0,3,2,8,4,2,0,2,5,9,2
112,6,2,1,4,2,4,0,6,1,5,7,0,0,3,2,2,4,3,2,2,1,10,2
112,6,4,1,4,2,0,10,4,2,5,7,0,0,3,2,8,4,2,2,2,5,11,2
331,5,4,1,4,2,1,5,9,0,5,7,0,0,3,2,8,2,2,3,3,5,0,2
55,1,1,1,4,2,2,15,7,2,5,1,3,0,3,2,8,3,2,0,2,5,11,2
55,1,1,1,4,2,4,5,7,2,5,1,0,0,3,2,8,3,2,3,3,5,0,2
463,0,4,1,1,0,1,7,7,2,5,0,0,3,3,3,8,2,2,3,3,5,5,2
463,0,1,1,4,0,1,14,6,6,5,0,0,3,3,3,8,2,2,0,2,5,9,2