Time,Day_of_week,Age_band_of_driver,Sex_of_driver,Educational_level,Vehicle_driver_relation,Driving_experience,Type_of_vehicle,Area_accident_occured,Lanes_or_Medians,Road_allignment,Types_of_Junction,Road_surface_type,Road_surface_conditions,Light_conditions,Weather_conditions,Type_of_collision,Number_of_vehicles_involved,Vehicle_movement,Casualty_class,Casualty_severity,Pedestrian_movement,Cause_of_accident,Accident_severity
546,4,0,1,4,0,2,5,6,2,5,7,0,0,0,7,8,2,9,0,2,5,1,2
899,6,4,1,4,0,3,7,7,6,5,1,0,0,3,7,8,2,7,3,3,5,9,1
336,4,4,0,1,0,2,0,7,6,5,1,0,0,3,7,8,2,4,0,1,5,10,2
134,0,2,1,4,0,3,15,7,6,5,1,0,3,3,4,8,1,2,1,2,5,11,2
520,6,1,1,4,2,2,7,2,4,5,3,0,0,3,2,8,1,4,2,2,5,9,2
972,5,4,1,4,0,2,0,6,0,5,7,0,0,3,2,8,2,2,3,3,5,1,2
972,5,4,0,4,0,4,11,2,6,5,7,0,0,3,2,8,2,2,0,2,5,10,2
1009,5,2,1,4,0,2,5,12,6,3,7,0,3,3,3,8,2,9,0,1,5,9,2
1009,5,1,2,4,0,3,7,6,2,6,7,0,3,3,3,8,2,2,0,2,5,10,2
221,3,1,1,2,0,3,10,7,6,3,1,0,0,3,2,8,2,9,3,3,5,1,2
221,3,1,1,4,0,3,7,6,4,5,1,0,0,3,2,1,2,2,0,2,5,12,2
221,3,4,1,4,0,3,7,7,4,5,1,0,0,3,2,8,2,3,3,3,5,7,2
31,2,0,1,4,0,3,5,6,4,5,5,0,3,0,4,8,2,2,3,3,5,10,2
420,5,1,1,4,0,2,5,7,0,5,1,0,0,3,2,8,2,2,3,3,5,0,2
420,5,0,1,4,0,1,8,2,6,5,1,0,0,3,2,2,2,7,0,2,5,12,2
211,0,4,1,4,0,4,4,6,2,5,1,0,0,3,7,8,2,7,3,3,5,3,2
211,0,1,1,4,0,4,0,6,2,5,1,0,0,3,7,8,2,7,0,2,5,1,2
559,5,2,1,4,0,1,0,7,4,7,1,0,0,3,7,8,2,2,2,2,5,10,2
559,5,0,1,1,0,4,4,9,4,5,1,0,0,3,7,8,2,2,3,3,5,1,2
551,5,4,0,4,0,4,6,9,4,5,1,0,0,3,2,8,2,2,0,2,5,10,2
668,0,4,1,4,0,4,7,12,0,5,0,0,0,0,2,8,2,3,0,2,5,14,2
668,0,1,1,4,0,0,7,7,2,3,0,0,0,0,2,8,2,3,3,3,5,3,2
668,0,1,1,1,0,3,15,7,2,8,0,0,0,0,2,8,2,2,0,2,5,16,2
629,2,4,0,1,0,3,0,2,2,5,7,0,0,3,2,8,1,4,3,3,5,10,2
529,4,0,1,2,0,1,3,7,2,6,7,0,0,3,2,8,2,4,0,2,5,3,2
523,3,1,1,4,0,1,5,9,0,5,7,0,0,0,2,8,2,2,0,2,5,11,1
523,3,3,1,0,0,3,5,6,2,5,7,0,0,0,2,2,2,7,3,3,5,10,1
292,0,1,1,4,0,1,0,6,2,5,0,0,0,3,2,8,2,2,0,2,5,7,2
445,6,3,1,4,0,2,7,6,2,5,7,0,0,3,2,2,2,2,3,3,5,1,2
445,6,3,1,4,0,4,0,6,2,6,7,0,0,3,2,2,2,2,0,2,5,9,2
662,0,4,0,4,0,4,0,6,2,6,7,0,3,3,4,8,2,2,3,3,5,0,2
348,3,3,1,4,0,4,0,7,2,5,7,0,0,3,7,2,2,4,3,3,5,3,2
348,3,3,1,4,0,0,11,9,0,5,7,0,0,3,7,2,2,2,0,2,5,5,2
348,3,4,1,1,0,1,4,2,4,5,7,0,0,3,7,8,2,2,3,3,5,3,2
146,4,0,1,2,0,0,5,7,2,5,1,0,0,3,2,8,1,2,3,3,5,3,2
972,0,0,1,4,0,2,5,1,2,5,7,0,0,3,2,8,2,2,2,1,1,1,2
980,2,3,1,2,0,3,7,4,4,6,7,0,0,3,2,8,2,2,0,2,5,3,2
980,2,1,1,1,2,2,0,7,2,5,7,0,0,3,2,3,2,2,0,2,5,11,2
980,2,1,1,1,0,4,8,7,6,5,7,0,0,3,2,8,2,4,1,2,5,10,2
536,2,3,1,4,0,2,6,2,6,5,1,0,3,0,2,2,2,2,3,3,5,9,2
536,2,1,1,1,2,2,0,2,4,5,1,0,3,0,2,8,2,2,3,3,5,9,2
352,1,4,1,4,0,1,8,7,2,5,7,0,0,3,2,8,1,2,0,2,5,12,1
668,2,4,0,4,0,3,6,7,1,5,1,0,0,0,2,8,2,9,2,2,1,10,2
668,2,0,1,4,0,2,14,1,2,5,1,0,0,0,2,8,2,2,2,1,5,9,2
864,1,1,1,2,0,0,5,7,4,5,7,0,0,3,2,8,1,2,0,2,5,1,2
395,5,1,1,4,0,3,15,6,4,5,1,0,0,3,2,3,3,7,3,3,5,9,2
395,5,1,1,1,2,1,0,2,2,5,1,0,0,3,2,3,3,4,3,3,5,1,2
395,5,1,1,4,0,2,3,6,2,5,1,0,0,3,2,0,3,2,0,2,5,3,2
395,5,1,1,4,0,4,0,6,4,7,1,0,0,3,2,0,3,2,2,2,6,1,2
506,5,3,1,4,0,2,9,7,4,5,0,0,3,3,8,0,1,3,0,2,5,10,2
698,3,4,0,2,0,3,4,9,2,5,7,0,0,0,2,0,2,7,3,3,5,9,2
698,3,1,1,4,0,2,8,6,2,6,7,0,0,0,2,0,2,2,0,2,5,3,2
682,1,0,1,1,0,0,5,9,6,5,1,0,3,0,3,0,4,2,2,2,5,10,2
682,1,4,1,0,0,0,0,7,0,5,1,0,3,0,3,0,4,2,3,3,5,1,2
682,1,4,1,4,0,3,3,3,1,5,1,0,3,0,3,0,4,2,0,2,5,9,2
284,3,0,1,4,0,0,4,7,4,5,7,0,0,3,2,0,1,2,3,3,5,5,1
358,3,1,1,4,0,2,3,7,4,5,7,0,0,3,2,0,1,2,0,2,5,1,1
697,4,0,1,4,0,1,0,1,1,6,1,0,3,0,4,0,3,2,0,2,5,12,1
697,4,2,1,4,0,1,3,7,4,5,1,0,3,0,4,0,3,2,3,3,5,11,1
300,5,1,1,4,0,3,4,6,2,5,7,0,0,3,3,6,2,7,3,3,5,11,2
300,5,0,1,4,0,0,4,7,2,6,7,0,0,3,3,0,2,2,0,2,5,1,2
331,4,0,1,0,2,0,3,9,2,5,1,0,0,3,7,0,2,2,3,3,5,6,2
331,4,1,1,0,0,5,16,7,4,5,1,0,0,3,7,8,2,2,0,2,5,0,2
331,4,1,1,4,0,0,3,7,4,5,1,0,0,3,7,4,2,2,0,2,5,0,2
105,2,3,1,4,0,2,3,2,4,5,1,0,0,3,2,3,2,2,3,3,5,4,2
105,2,1,1,4,0,3,10,6,4,5,1,0,0,3,2,3,2,2,2,2,6,0,2
139,2,4,1,4,0,3,0,12,6,5,2,0,0,3,7,6,2,4,0,2,5,5,2
139,2,2,1,4,2,2,0,7,4,5,2,0,0,3,7,0,2,3,3,3,5,11,2
225,1,0,1,1,0,1,8,6,4,5,7,0,0,3,2,0,2,4,1,2,5,0,1
325,6,0,1,4,0,4,14,4,1,5,7,0,0,3,2,3,1,2,3,3,5,10,2
344,5,0,1,4,0,1,0,9,4,5,1,0,3,3,4,0,2,4,0,2,5,12,2
344,5,0,1,1,0,2,0,1,2,5,1,0,3,3,4,1,2,2,2,2,5,9,2
564,0,4,1,4,0,1,10,5,2,5,7,0,0,3,2,1,2,2,3,3,5,1,2
564,0,3,1,4,0,2,4,5,4,5,7,0,0,3,2,8,2,2,0,2,5,16,2
894,4,2,1,0,0,1,4,5,4,5,5,0,3,3,4,2,1,2,1,2,5,14,2
450,6,0,1,4,0,1,0,5,2,5,7,0,0,3,7,8,2,2,3,3,5,1,2
274,0,0,1,4,0,4,3,5,2,0,7,0,3,3,3,8,2,9,1,2,5,0,1
633,3,0,1,4,0,1,3,5,2,7,1,0,0,3,2,8,1,2,1,2,5,11,2
897,4,2,1,4,0,4,0,6,4,7,1,0,3,3,2,8,2,2,3,3,5,10,2
897,4,2,1,2,0,2,14,5,4,7,1,0,3,3,2,1,2,2,0,2,5,12,2
233,4,4,1,4,0,4,7,5,4,5,1,0,0,3,2,2,2,2,0,2,5,10,2
501,0,1,1,2,0,4,5,1,4,5,7,0,0,0,2,6,2,2,3,3,5,1,2
501,0,0,1,2,0,4,8,6,4,5,7,0,0,0,2,8,2,2,0,2,5,11,2
501,0,0,1,2,0,1,5,9,2,5,7,0,0,0,2,8,2,4,0,2,5,7,2
877,6,0,1,4,0,3,6,9,6,5,1,0,3,3,5,8,1,1,0,2,5,16,2
357,1,0,1,4,0,3,0,9,4,5,7,0,0,3,2,8,2,2,2,2,5,14,2
357,1,0,1,4,0,2,0,7,4,5,7,0,0,3,2,2,2,2,0,2,5,1,2
357,1,2,1,4,0,0,0,6,2,5,7,0,0,3,2,8,2,2,1,2,5,8,2
963,1,0,1,5,0,4,14,7,2,5,7,0,0,3,2,8,1,4,0,2,5,13,2
220,5,1,1,2,0,1,11,6,2,5,3,0,0,3,2,2,2,3,3,3,5,1,2
529,1,1,1,4,2,0,11,2,6,5,1,0,0,3,2,8,2,4,3,3,5,11,1
529,1,0,1,4,0,2,14,7,2,5,1,0,0,3,2,8,2,2,0,2,5,15,1
420,4,4,1,1,0,1,0,7,1,5,1,0,0,3,2,8,2,2,0,2,5,0,2
420,4,0,1,1,2,2,2,6,0,5,1,0,0,3,2,8,2,2,3,3,5,12,2
59,3,0,1,4,0,2,5,6,4,5,1,0,0,3,2,8,2,2,0,2,5,10,2
59,3,0,1,2,0,2,0,6,0,5,1,0,0,3,2,8,2,2,0,2,5,11,2
633,4,3,1,4,0,3,13,6,4,5,7,0,3,0,4,8,2,2,3,3,5,12,2
633,4,3,1,4,0,1,10,7,0,5,7,3,3,0,4,8,2,2,3,3,5,3,2
315,0,1,1,4,0,2,9,6,2,5,1,0,0,3,7,2,2,2,0,2,5,12,2
281,5,4,0,4,0,3,5,6,2,5,1,0,0,3,2,2,4,2,2,2,5,10,2
281,5,0,1,4,2,3,9,6,2,5,1,0,0,3,2,6,4,2,0,2,5,1,2
281,5,1,1,4,0,1,11,9,2,5,1,0,0,3,2,8,4,2,2,2,5,2,2
139,6,2,1,1,1,2,0,12,2,5,7,0,0,3,7,8,2,2,0,2,5,10,2
139,6,4,1,1,0,2,8,6,4,5,7,1,0,3,7,8,2,2,3,3,5,1,2
362,0,0,1,4,0,2,7,7,0,5,0,0,0,3,2,8,2,3,0,2,5,7,2
20,2,1,1,4,0,2,14,6,0,6,1,0,0,0,2,8,2,3,0,2,5,10,2
20,2,1,1,1,0,0,8,6,2,5,1,0,0,0,2,2,2,2,3,3,5,12,2
445,4,1,1,4,0,0,5,6,2,5,7,0,0,3,2,8,2,2,0,2,5,1,2
192,0,4,1,0,2,1,5,7,4,5,7,0,0,3,2,8,3,4,0,2,5,1,2
192,0,0,1,1,2,1,8,9,2,5,7,0,0,3,2,8,3,7,0,2,5,13,2
362,0,4,1,4,0,0,0,7,2,5,7,0,0,3,2,8,1,2,3,3,5,4,2
71,6,4,0,4,0,1,0,7,4,5,1,0,0,3,2,2,2,2,3,3,5,1,2
71,6,1,1,4,0,2,6,4,4,5,1,0,0,3,2,8,2,3,0,1,5,10,2
9,3,4,0,4,0,3,0,4,4,5,7,0,0,0,2,8,3,2,2,2,1,13,2
9,3,4,0,1,0,1,0,2,0,5,7,0,0,0,2,8,3,2,2,2,0,12,2
9,3,2,1,1,2,3,9,7,4,5,7,0,0,0,2,8,3,2,0,2,5,0,2
315,2,0,1,4,0,0,0,7,4,5,7,0,0,3,2,8,3,2,3,3,5,11,2
315,2,0,1,4,0,2,11,6,4,5,7,0,0,3,2,8,3,2,0,2,5,16,2
315,2,0,1,4,0,1,5,6,4,5,7,0,0,3,2,8,3,3,3,3,5,3,2
315,2,0,1,4,0,1,11,9,2,5,7,0,0,3,2,8,3,2,0,2,5,12,2
488,4,3,1,4,0,3,0,7,4,5,1,0,0,3,2,8,2,3,0,2,5,3,2
104,4,2,1,4,0,3,0,7,2,5,7,0,0,3,2,8,1,2,0,2,5,1,2
500,1,3,1,1,0,2,5,9,4,5,7,0,0,3,2,2,2,9,3,3,5,1,2
546,4,2,2,1,0,2,0,6,2,5,0,0,0,3,2,8,2,2,1,2,5,3,2
296,2,4,1,4,0,3,5,6,4,5,0,0,0,3,2,8,2,2,0,2,5,3,2
288,3,0,1,4,0,3,4,6,6,6,7,0,0,3,2,8,2,2,1,2,5,12,1
964,5,0,1,1,0,4,10,4,6,5,1,0,3,3,4,8,1,1,1,2,5,1,2
145,2,0,1,1,0,2,3,9,6,5,1,0,0,3,2,8,2,2,0,2,5,9,2
145,2,0,1,1,0,2,5,4,6,5,1,0,0,3,2,8,2,2,0,2,5,10,2
145,2,1,1,1,0,1,4,9,4,5,1,0,0,3,2,8,2,2,3,3,5,10,2
738,4,3,1,1,0,2,5,9,6,5,1,0,0,0,2,8,1,2,0,2,5,10,2
964,4,0,1,4,0,3,15,6,6,5,1,0,0,3,2,8,3,2,0,2,5,1,2
964,4,1,1,1,0,2,0,6,1,5,1,0,0,3,2,8,3,2,3,3,5,3,2
445,1,3,1,1,0,1,5,6,6,5,0,0,0,3,7,1,2,2,3,3,5,10,2
85,0,0,1,1,0,3,0,9,6,5,3,0,3,3,2,8,1,2,2,2,5,13,2
85,0,0,1,1,0,1,0,9,1,5,3,0,3,3,2,8,1,3,0,2,5,1,2
192,5,4,1,4,0,3,5,7,1,5,2,0,0,3,2,1,2,2,3,3,5,1,2
192,5,0,1,4,0,4,0,2,4,5,2,0,0,3,2,1,2,3,2,2,5,10,2
1009,0,4,1,4,0,1,0,1,6,5,7,0,0,3,2,1,1,3,2,2,5,10,2
300,6,4,1,1,0,2,0,4,4,5,1,0,0,3,2,2,2,2,0,2,5,17,2
303,2,0,1,4,0,0,0,0,4,5,7,0,3,3,2,8,2,2,0,2,5,12,0
303,2,1,1,4,0,2,0,9,3,5,7,1,3,3,2,1,2,4,3,3,5,9,0
310,5,3,1,4,0,1,9,9,4,5,7,0,0,3,2,2,1,2,0,2,5,10,1
109,3,2,1,4,0,2,4,9,6,5,7,0,0,3,2,8,2,5,3,3,5,12,2
49,1,1,1,4,2,4,14,10,4,1,7,0,0,3,2,8,2,7,3,3,5,3,2
49,1,2,1,2,0,4,12,10,4,1,7,3,0,3,2,8,2,2,2,2,5,10,2
708,2,4,1,4,0,4,0,9,4,1,7,0,3,0,4,8,2,3,0,2,5,1,2
269,0,1,1,4,0,1,0,9,6,5,1,0,0,3,2,8,2,2,2,2,5,10,2
269,0,4,0,4,0,1,7,5,6,5,1,0,0,3,2,8,2,4,0,2,5,3,2
698,0,4,1,4,0,2,15,9,6,5,0,0,0,0,2,8,2,3,0,2,5,10,2
698,0,1,1,1,0,2,0,2,6,5,0,0,0,0,2,8,2,2,3,3,5,12,2
274,5,2,1,4,0,2,0,6,2,7,7,0,0,3,2,8,1,3,3,3,5,11,2
272,2,1,1,4,2,2,9,6,2,0,7,0,3,3,4,8,2,2,0,2,5,12,2
692,2,0,1,4,0,2,0,7,4,5,0,0,0,2,2,1,2,2,3,3,5,18,2
692,2,0,1,4,0,4,5,9,2,5,0,0,0,2,2,2,2,2,0,2,5,4,2
969,1,0,1,1,0,1,11,7,4,6,1,0,0,3,2,8,2,2,0,2,5,4,2
984,0,4,0,1,0,2,9,7,4,5,1,0,0,3,2,8,1,2,2,2,1,11,2
63,0,4,2,4,0,2,9,7,0,6,1,0,3,3,4,8,2,2,3,3,5,3,2
492,0,1,1,4,0,3,0,7,4,5,1,0,0,3,2,8,2,2,0,2,5,3,2
416,6,1,1,4,2,3,5,4,2,5,5,2,0,3,2,8,1,2,0,2,5,1,2
194,5,0,1,4,0,6,9,9,0,5,1,0,0,3,2,8,2,3,3,3,5,3,2
194,5,0,1,4,0,2,4,7,2,5,1,0,0,3,2,8,2,3,0,2,5,3,2
194,5,0,1,4,0,1,0,6,2,5,1,0,0,3,2,8,2,2,3,3,5,3,2
194,5,0,1,1,0,2,0,4,5,5,1,0,0,3,2,8,2,2,2,2,5,1,2
415,6,2,1,4,0,1,0,4,0,5,0,0,0,3,7,1,2,2,2,2,5,1,2
415,6,3,1,2,2,2,1,7,2,5,0,0,0,3,7,1,2,2,0,2,5,3,2
315,6,1,1,4,0,3,9,3,2,5,1,0,0,3,2,2,1,2,3,3,5,16,2
621,2,4,1,4,0,1,4,6,1,5,1,0,0,3,2,1,2,2,0,2,5,1,2
920,4,1,1,1,0,0,0,6,6,5,7,0,0,3,2,8,2,2,0,2,5,1,1
920,4,0,1,4,0,3,4,7,2,0,7,0,0,3,2,2,2,2,0,2,5,1,1
920,4,0,1,4,2,2,8,6,2,7,7,0,0,3,2,8,2,2,1,2,5,13,1
247,1,1,1,0,0,2,4,7,0,3,7,0,0,3,2,8,2,7,0,2,5,4,2
247,1,4,1,4,0,2,14,6,4,6,7,0,0,3,2,8,2,2,3,3,5,16,2
947,3,0,1,4,0,3,7,9,4,5,7,0,0,3,7,8,1,7,0,2,5,12,2
344,1,2,1,4,0,0,7,7,2,5,3,0,0,3,2,8,2,2,3,3,5,9,2
344,1,1,1,4,0,1,4,6,0,5,3,0,0,3,2,8,2,7,3,3,5,13,2
206,0,2,1,4,0,3,11,6,6,5,7,0,0,3,2,8,2,2,0,2,5,11,1
206,0,2,1,4,0,0,5,7,2,6,7,0,0,3,2,8,2,7,3,3,5,1,1
163,0,0,1,0,0,2,11,2,4,5,1,0,0,3,2,2,1,4,3,3,5,1,2
178,6,3,1,4,0,3,0,6,4,5,1,0,0,3,2,8,1,3,1,2,5,9,2
449,2,1,1,4,2,1,10,6,2,5,7,0,0,3,2,8,2,2,2,2,5,10,2
139,2,2,1,4,0,3,11,6,0,5,0,0,0,3,2,8,2,4,3,3,5,12,2
293,0,2,1,4,0,2,0,7,2,5,7,0,0,3,2,8,2,2,1,2,5,13,2
293,0,3,1,4,0,1,4,7,2,5,7,0,0,3,2,1,2,9,0,2,5,10,2
220,0,0,1,4,0,0,10,9,2,5,1,0,0,3,2,1,2,2,3,3,5,3,2
220,0,4,1,4,0,2,10,2,2,5,1,0,0,3,2,8,2,3,0,2,5,10,2
522,5,0,1,1,0,2,3,9,0,5,3,0,0,3,2,8,2,2,2,2,6,10,1
522,5,0,1,0,2,2,5,6,2,6,3,0,0,3,2,8,2,4,2,2,6,9,1
650,0,1,1,4,0,1,4,6,2,6,7,0,0,0,2,8,2,2,3,3,5,11,2
650,0,0,1,4,0,1,5,9,2,5,7,0,0,0,2,8,2,2,0,2,5,0,2
849,3,0,1,4,0,1,9,2,6,5,1,0,3,3,4,8,1,2,0,2,5,10,2
155,2,0,1,4,0,0,15,6,2,5,0,0,0,3,2,8,2,2,3,3,5,10,2
158,5,4,0,2,2,1,0,7,2,5,1,0,0,3,2,8,2,2,0,2,5,9,2
878,3,4,1,2,0,0,0,7,4,5,1,0,3,3,4,8,2,5,0,2,5,3,2
878,3,1,1,0,0,0,5,7,1,5,1,0,3,3,4,8,2,2,3,3,5,7,2
682,5,1,1,4,0,3,0,9,2,5,0,0,0,0,2,8,2,2,2,1,1,3,2
682,5,0,1,2,0,0,0,6,1,5,0,0,0,0,2,8,2,2,2,2,6,0,2
395,6,2,1,4,0,1,0,4,2,5,1,0,0,3,2,8,2,10,2,2,6,12,2
395,6,2,1,0,1,1,15,9,0,5,1,0,0,3,2,8,2,2,3,3,5,1,2
835,6,0,1,2,0,0,0,2,6,5,7,0,3,3,3,2,2,2,0,2,5,10,2
603,3,1,1,4,0,0,0,0,4,5,2,0,0,3,2,8,2,2,0,2,5,12,2
603,3,0,1,0,0,3,9,7,2,5,2,0,0,3,2,8,2,3,0,2,5,0,2
721,0,3,1,0,0,1,10,7,2,5,1,0,3,0,4,2,1,2,3,3,5,12,2
202,6,0,1,1,0,0,14,7,2,5,7,0,3,3,4,2,2,2,3,3,5,18,2
612,4,1,1,1,0,2,0,6,2,5,1,0,0,3,2,8,3,2,3,3,5,10,2
612,4,1,1,4,0,1,0,6,4,5,1,0,0,3,2,2,3,10,0,1,5,0,2
315,6,1,1,4,0,2,7,7,6,5,1,0,0,3,2,8,2,2,3,3,5,12,2
315,6,1,1,2,0,1,15,7,6,5,1,0,0,3,2,8,2,2,0,2,5,2,2
81,4,1,1,4,0,0,0,7,4,5,0,0,0,3,2,8,2,2,0,2,5,16,2
81,4,2,1,4,0,0,14,7,6,5,0,0,0,3,2,8,2,2,2,1,0,13,2
81,4,2,1,4,0,2,0,9,4,5,0,0,0,3,2,8,2,2,3,3,5,0,2
989,4,0,1,3,0,6,9,2,4,5,7,0,0,3,2,8,2,2,0,2,5,11,2
980,3,0,1,4,0,0,0,2,6,5,1,0,3,3,2,8,1,9,2,2,6,10,2
274,1,1,1,4,0,1,5,7,2,5,1,0,3,3,7,2,2,1,2,2,6,9,2
701,2,3,1,4,2,2,11,12,6,3,7,0,0,0,2,8,2,3,3,3,5,13,1
323,1,0,1,4,0,3,9,7,6,3,5,0,0,3,2,2,1,9,3,3,5,9,2
866,6,4,0,4,0,0,9,6,4,5,1,0,0,3,2,2,2,2,1,1,5,10,1
866,6,1,1,4,0,1,0,7,4,5,1,0,0,3,2,8,2,2,2,2,0,0,1
271,0,2,1,4,0,1,0,6,4,5,1,0,0,3,2,8,2,2,0,2,5,11,2
271,0,4,1,1,0,2,5,7,0,5,1,0,0,3,2,8,2,2,3,3,5,0,2
391,2,1,1,1,0,0,4,6,2,5,1,0,0,3,2,8,2,8,3,3,5,3,2
1019,1,4,0,1,0,2,0,6,2,5,1,0,0,3,2,8,2,2,0,2,5,11,2
1019,1,0,1,1,0,2,0,7,4,7,1,0,0,3,2,2,2,3,0,2,5,7,2
278,3,4,1,4,0,0,0,9,4,5,1,0,0,3,7,2,2,1,3,3,5,10,2
278,3,4,1,4,0,2,1,9,4,5,1,0,0,3,7,2,2,2,0,2,5,0,2
19,6,4,1,4,0,1,4,7,6,5,7,0,3,0,4,8,2,9,3,3,5,10,2
19,6,3,1,4,0,4,0,7,2,3,7,0,3,0,4,1,2,3,3,3,5,12,2
19,6,3,1,4,0,2,4,7,2,8,7,0,3,0,4,1,2,2,3,3,5,3,2
686,0,1,1,2,0,1,14,9,0,5,7,0,0,0,2,8,4,2,3,3,5,3,2
686,0,0,1,4,0,3,7,6,4,5,7,0,0,0,2,8,4,2,3,3,5,4,2
168,1,2,1,4,0,4,4,6,2,5,1,0,0,3,2,8,2,2,0,2,5,11,2
239,6,1,1,1,0,1,0,6,2,5,1,0,0,3,2,8,2,2,3,3,5,1,2
239,6,0,1,4,0,1,5,6,2,6,1,0,0,3,2,8,2,2,3,3,5,3,2
357,0,3,1,4,0,0,7,6,2,6,7,0,3,3,4,2,2,4,0,1,5,10,2
357,0,4,1,4,0,1,5,6,2,5,7,0,3,3,4,6,2,4,3,3,5,7,2
435,1,1,1,4,0,1,0,7,2,5,0,0,0,3,2,8,2,2,0,1,5,5,2
435,1,0,1,4,0,3,8,9,0,5,0,0,0,3,2,8,2,2,3,3,5,1,2
435,1,0,1,2,0,4,5,2,4,5,0,0,0,3,2,8,2,1,0,2,5,3,2
517,5,2,1,4,0,1,10,7,2,5,7,0,0,3,2,8,2,2,3,3,5,9,0
517,5,1,1,2,0,3,3,1,2,5,7,0,0,3,2,8,2,2,2,2,6,18,0
993,4,2,1,2,0,2,0,4,4,6,7,0,0,3,2,2,2,2,0,2,5,3,2
993,4,0,1,4,0,3,7,7,2,5,7,0,0,3,2,8,2,2,3,3,5,12,2
984,0,1,1,4,0,1,3,2,6,5,7,0,3,3,4,8,2,2,0,2,5,0,2
965,6,2,1,1,0,1,9,2,4,5,7,0,0,3,2,8,2,2,2,2,6,17,2
965,6,0,1,1,1,2,9,7,2,5,7,0,0,3,2,8,2,4,0,1,5,10,2
7,3,1,1,4,0,2,7,7,1,5,1,0,0,0,2,8,2,2,2,1,2,3,2
7,3,0,1,2,2,2,7,1,2,5,1,0,0,0,2,8,2,2,1,2,5,10,2
367,6,0,1,4,0,3,7,7,4,5,1,0,3,3,4,8,3,2,3,3,5,0,2
367,6,1,1,4,0,4,9,6,4,5,1,0,3,3,4,1,3,2,0,2,5,11,2
367,6,1,1,4,1,4,5,2,2,5,1,0,3,3,4,8,3,2,0,2,5,10,2
445,5,1,1,4,0,3,7,6,2,5,1,0,0,3,2,2,2,7,2,2,6,10,2
445,5,4,1,2,2,2,9,6,4,7,1,0,0,3,2,8,2,4,3,3,5,0,2
300,6,4,1,1,2,2,7,7,4,5,1,0,0,3,2,2,2,2,0,2,5,10,2
300,6,0,1,4,0,1,4,9,2,5,1,0,0,3,2,8,2,2,2,2,1,0,2
300,6,0,1,4,0,1,7,6,2,6,1,0,0,3,2,8,2,2,2,2,1,10,2
300,6,0,1,0,0,2,7,9,6,5,1,0,0,3,2,1,2,2,2,2,6,10,2
300,6,0,1,4,2,1,7,9,2,5,1,0,0,3,2,8,2,2,2,2,1,10,2
274,0,0,1,4,0,1,0,3,1,5,0,0,0,3,7,8,2,2,0,2,5,1,2
274,0,0,1,4,0,2,7,7,4,5,0,0,0,3,7,8,2,2,3,3,5,9,2
881,6,0,1,4,0,1,5,7,4,5,1,0,0,3,2,1,1,2,2,2,6,1,1
188,6,4,0,1,0,0,10,1,1,6,0,0,0,3,2,8,2,3,2,1,6,10,2
188,6,2,1,4,2,0,8,7,4,5,0,0,0,3,2,8,2,9,3,3,5,13,2
676,3,2,1,4,0,1,5,7,4,5,0,0,0,0,2,8,2,4,3,3,5,13,2
676,3,3,1,4,0,0,9,6,2,5,0,0,0,0,2,2,2,4,0,2,5,1,2
4,2,0,1,1,0,3,7,7,2,6,7,0,0,0,2,8,1,2,0,2,5,11,2
576,3,3,1,4,0,1,5,9,2,5,1,0,3,0,2,8,1,2,3,3,5,12,2
261,2,4,0,4,0,1,8,7,4,5,3,0,0,3,2,8,3,4,3,3,5,0,2
261,2,1,1,4,0,1,7,7,4,5,3,0,0,3,2,8,3,4,0,2,5,0,2
261,2,2,1,4,0,1,5,2,4,5,3,0,0,3,2,2,3,2,3,3,5,16,2
242,5,4,1,1,0,1,12,6,4,5,1,0,0,3,2,8,2,7,0,2,5,10,2
242,5,1,1,4,0,1,0,12,6,5,1,0,0,3,2,8,2,4,2,2,6,12,2
907,4,0,1,1,0,2,0,7,4,5,1,0,3,3,2,8,4,9,2,2,1,1,2
907,4,4,1,1,0,1,14,6,4,5,1,0,3,3,2,8,4,2,3,3,5,0,2
907,4,4,1,4,0,3,7,9,6,3,1,0,3,3,2,8,4,2,0,2,5,10,2
907,4,4,1,4,0,3,5,4,1,5,1,0,3,3,2,8,4,2,0,2,5,3,2
538,6,4,1,2,0,3,5,7,4,5,7,0,3,3,8,8,2,2,3,3,5,11,2
538,6,0,1,4,0,2,3,9,4,5,7,0,3,3,8,8,2,2,0,2,5,3,2
624,5,1,1,4,2,1,14,1,2,5,1,0,0,3,2,8,2,2,3,3,5,9,2
624,5,2,1,1,0,0,9,6,6,5,1,0,0,3,2,8,2,2,0,2,5,10,2