Time,Day_of_week,Age_band_of_driver,Sex_of_driver,Educational_level,Vehicle_driver_relation,Driving_experience,Type_of_vehicle,Area_accident_occured,Lanes_or_Medians,Road_allignment,Types_of_Junction,Road_surface_type,Road_surface_conditions,Light_conditions,Weather_conditions,Type_of_collision,Number_of_vehicles_involved,Vehicle_movement,Casualty_class,Casualty_severity,Pedestrian_movement,Cause_of_accident,Accident_severity
281,6,3,1,4,0,1,0,5,2,5,0,0,0,3,2,8,3,2,0,2,5,10,2
281,6,1,1,4,0,2,9,5,2,5,0,0,0,3,2,2,3,2,2,2,6,10,2
234,3,0,1,1,2,2,0,5,4,5,1,0,0,3,2,2,1,2,3,3,5,0,2
534,1,4,1,2,1,3,5,5,6,3,5,0,0,0,2,1,2,2,1,2,5,9,2
534,1,3,1,4,0,3,5,12,6,3,5,0,0,0,2,8,2,3,2,1,6,1,2
192,5,4,1,4,0,0,8,5,2,5,7,0,0,3,3,8,1,2,0,2,5,12,2
713,1,3,1,4,0,1,0,5,2,0,1,0,3,0,4,8,2,4,2,2,6,3,1
991,3,2,1,4,0,2,0,5,2,7,1,0,0,3,2,8,2,2,0,2,5,3,2
991,3,2,1,4,0,1,4,6,4,7,1,0,0,3,2,8,2,7,3,3,5,5,2
163,5,4,1,4,0,3,1,5,4,7,7,0,0,3,2,8,3,2,3,3,5,11,2
163,5,1,1,1,0,2,0,5,4,7,7,0,0,3,2,8,3,4,0,2,5,12,2
163,5,3,1,4,0,2,5,5,4,5,7,0,0,3,2,8,3,4,1,2,5,3,2
127,6,2,1,0,0,0,4,6,4,5,1,0,0,3,4,2,1,4,3,3,5,9,1
29,5,1,1,1,0,3,4,1,4,5,1,0,3,0,2,1,1,8,2,2,3,3,1
501,3,0,1,1,0,2,0,6,4,5,7,0,0,3,2,8,2,4,0,2,5,12,2
966,1,4,1,1,0,1,0,9,2,5,1,0,0,3,7,2,1,4,0,2,5,0,2
702,5,0,1,4,0,2,10,9,6,5,1,0,0,0,2,8,1,2,3,3,5,12,0
702,5,0,1,4,0,0,9,9,4,5,1,0,0,0,2,8,1,2,3,3,5,3,0
921,0,4,1,4,0,2,7,7,4,5,7,0,0,3,2,8,2,2,0,2,5,9,2
921,0,1,1,4,0,2,0,6,2,5,7,0,0,3,2,8,2,2,3,3,5,10,2
435,5,0,1,0,0,2,0,7,2,5,1,0,0,3,2,8,1,2,0,1,5,0,1
296,0,1,1,4,0,3,10,7,6,5,3,0,0,3,2,8,1,2,2,2,6,0,1
621,5,4,1,1,0,1,10,6,2,5,0,0,0,3,2,8,2,2,0,2,5,10,2
621,5,0,1,4,0,2,0,2,6,5,0,0,0,3,2,8,2,2,3,3,5,0,2
621,5,0,1,4,0,2,8,7,1,5,0,0,0,3,2,2,2,2,0,2,5,0,2
298,4,4,1,4,0,0,0,6,4,5,5,0,0,3,2,1,3,2,0,2,5,10,2
262,3,1,1,0,2,2,5,6,0,5,7,0,0,3,2,8,2,4,3,3,5,4,2
297,5,2,1,4,2,2,7,6,4,5,7,0,0,3,2,8,2,1,3,3,5,16,1
766,3,4,1,4,0,3,0,7,0,5,1,0,0,0,2,8,4,2,3,3,5,11,2
766,3,1,1,4,0,4,0,7,2,5,1,0,0,0,2,8,4,2,1,2,5,9,2
300,5,3,1,4,0,1,7,6,2,5,7,0,0,3,2,8,1,0,3,3,5,1,2
649,0,3,1,1,0,5,14,2,4,5,3,0,0,0,2,8,2,0,3,3,5,12,2
40,4,0,1,4,0,3,7,6,2,5,7,0,0,3,2,8,2,0,1,2,5,12,2
40,4,0,1,4,2,3,8,9,2,5,7,0,0,3,2,8,2,4,2,2,6,0,2
743,0,0,1,4,0,3,14,12,2,5,7,0,0,0,2,8,2,0,3,3,5,1,2
743,0,0,1,4,0,3,5,6,4,5,7,0,0,0,2,8,2,9,3,3,5,1,2
743,0,0,1,4,2,2,0,7,4,5,7,0,0,0,2,8,2,0,3,3,5,0,2
510,6,0,1,4,0,1,0,7,0,5,7,0,0,3,2,2,2,0,0,2,5,7,1
112,0,4,1,0,0,0,16,6,0,6,7,0,0,3,2,8,2,0,2,2,0,0,2
420,3,4,1,4,0,3,0,6,1,5,1,0,0,3,7,8,2,4,0,2,5,10,2
420,3,2,1,4,0,3,0,6,2,5,1,3,0,3,7,8,2,2,3,3,5,12,2
52,3,4,1,4,0,1,5,7,4,5,1,0,0,3,2,1,2,2,3,3,5,0,2
515,3,3,1,4,0,4,5,7,2,5,1,0,3,3,2,1,1,2,0,2,5,10,1
515,3,3,1,4,0,0,0,9,2,5,1,0,3,3,2,8,1,2,0,2,5,9,1
515,3,3,1,4,0,2,5,7,2,5,1,0,3,3,2,2,1,7,3,3,5,12,1
515,3,3,1,4,0,4,5,7,2,5,1,0,3,3,2,8,1,3,3,3,5,12,1
689,0,4,0,1,0,2,5,7,2,5,7,0,0,0,2,8,2,5,0,2,5,10,2
689,0,4,1,4,0,1,5,7,4,5,7,0,0,0,2,2,2,2,0,2,5,10,2
956,0,4,1,4,0,2,0,4,4,5,3,0,0,3,2,8,1,2,3,3,5,16,2
425,6,4,2,1,0,2,0,4,4,5,1,1,0,3,2,8,1,2,3,3,5,5,2
174,5,4,1,4,0,3,0,2,0,5,1,0,3,3,4,8,2,2,0,2,5,1,2
174,5,2,1,4,0,0,10,7,4,5,1,0,3,3,4,8,2,2,0,2,5,0,2
306,2,0,1,2,0,4,0,7,4,5,1,0,0,3,2,1,1,2,3,3,5,3,1
867,1,1,1,1,0,3,10,6,4,5,0,0,3,0,4,6,2,2,0,2,5,9,2
867,1,1,2,2,2,0,10,6,4,5,0,0,3,0,4,8,2,2,3,3,5,9,2
969,4,1,1,4,0,1,0,9,2,5,3,0,0,3,2,8,2,2,3,3,5,1,2
969,4,3,1,2,2,1,0,6,4,5,3,0,0,3,2,2,2,2,0,2,5,2,2
922,4,0,1,2,0,3,5,7,4,5,7,0,0,3,2,8,2,4,3,3,5,5,2
922,4,0,1,4,0,0,7,7,2,5,7,0,0,3,2,6,2,2,0,2,5,1,2
419,6,2,1,1,0,0,8,9,4,5,7,0,0,3,2,2,1,3,1,2,5,3,2
698,0,4,1,2,0,0,4,6,2,5,7,0,0,0,7,8,2,4,0,2,5,10,2
698,0,0,1,0,0,2,6,9,6,5,7,0,0,0,7,8,2,2,1,2,5,0,2
324,4,1,1,4,0,2,4,2,2,5,1,0,0,3,2,8,1,2,3,3,5,10,2
734,5,0,1,1,2,2,4,9,2,5,3,0,0,0,2,8,2,2,0,2,5,7,1
734,5,0,1,1,0,2,0,12,6,5,3,0,0,0,2,8,2,2,1,2,5,16,1
325,2,0,1,2,2,2,0,3,6,3,1,0,0,3,2,1,2,2,0,2,5,3,2
325,2,1,1,4,0,2,7,7,4,5,1,0,0,3,2,8,2,2,3,3,5,5,2
1015,2,4,0,4,2,0,7,12,0,5,1,0,0,3,2,8,2,2,3,3,5,9,2
1015,2,1,1,4,0,1,0,7,6,5,1,0,0,3,2,2,2,2,0,2,5,17,2
430,4,1,1,4,2,2,15,4,4,5,1,0,0,3,2,8,2,4,1,1,5,5,2
430,4,2,1,4,2,3,7,2,2,5,1,0,0,3,2,8,2,7,0,2,5,1,2
405,0,1,1,2,0,2,15,6,2,5,1,0,0,3,2,8,2,4,3,3,5,0,2
405,0,1,1,2,2,1,4,7,2,5,1,0,0,3,2,2,2,4,1,2,5,10,2
405,0,1,1,4,0,2,0,6,0,5,1,0,0,3,2,8,2,7,0,2,5,10,2
216,3,1,1,1,0,1,7,6,0,5,7,0,0,3,2,8,1,2,3,3,5,12,1
855,6,2,1,1,0,2,0,6,0,5,5,0,3,0,4,8,2,2,2,1,0,9,2
855,6,1,1,4,0,0,0,9,0,5,5,0,3,0,4,8,2,2,2,2,1,9,2
633,3,3,1,4,0,2,0,6,0,5,7,0,0,0,2,8,2,2,0,2,5,7,1
725,2,0,1,1,0,4,7,7,1,5,1,0,0,0,2,2,1,2,0,2,5,12,1
725,2,0,1,4,0,1,8,6,0,5,1,0,0,0,2,8,1,2,3,3,5,1,1
453,4,0,1,1,2,0,8,6,2,5,1,0,0,3,2,8,2,2,0,1,5,1,2
1004,3,2,1,4,0,1,0,6,0,5,3,0,0,3,2,8,2,2,0,1,5,1,2
36,4,0,1,2,0,1,10,6,2,5,1,0,0,0,2,8,1,2,0,2,5,5,1
36,4,0,1,4,0,3,5,6,4,5,1,0,0,0,2,8,1,9,3,3,5,3,1
935,4,4,1,4,0,1,10,7,4,5,1,0,0,3,2,2,2,2,2,2,7,10,2
935,4,3,1,4,0,0,7,7,4,5,1,0,0,3,2,6,2,2,1,1,5,12,2
546,4,4,1,4,0,1,5,1,4,5,7,0,3,0,2,8,2,2,0,2,5,12,2
546,4,1,1,4,0,2,5,2,4,5,7,0,3,0,2,8,2,2,3,3,5,12,2
392,0,2,1,4,0,0,3,1,6,5,0,0,0,3,2,8,2,2,0,2,5,0,2
392,0,1,1,1,0,0,8,12,6,5,0,0,0,3,2,8,2,2,3,3,5,9,2
392,0,1,1,4,0,1,8,2,0,5,0,0,0,3,2,8,2,3,2,2,6,3,2
168,2,1,1,4,0,4,5,9,1,3,1,0,0,3,2,8,2,2,2,2,0,1,2
168,2,4,0,4,0,3,0,7,1,5,1,0,0,3,2,8,2,2,2,2,4,12,2
583,3,1,1,1,2,2,7,7,4,5,0,0,0,0,2,2,2,2,3,3,5,1,2
583,3,0,1,4,0,0,7,2,6,3,0,0,0,0,2,8,2,2,3,3,5,9,2
323,4,3,1,2,2,2,8,6,4,5,1,0,3,3,3,8,2,4,1,2,5,10,2
292,6,4,1,1,0,1,0,6,0,5,7,0,3,3,2,1,2,2,0,2,5,3,2
375,1,4,1,2,2,0,7,7,0,5,7,0,3,3,2,8,2,2,0,2,5,12,2
375,1,0,1,4,0,0,9,4,2,5,7,0,3,3,2,8,2,4,0,2,5,10,2
130,0,4,1,4,0,0,14,9,6,5,7,0,0,3,7,6,2,2,3,3,5,4,2
130,0,4,1,4,0,3,5,7,2,5,7,0,0,3,7,8,2,1,0,2,5,3,2
416,3,3,1,4,0,0,5,7,1,5,7,0,3,0,4,8,2,2,3,3,5,3,2
416,3,1,1,2,2,3,5,7,1,5,7,0,3,0,4,1,2,2,0,2,5,1,2
463,5,2,1,4,0,3,0,7,4,5,7,1,3,0,2,8,2,2,0,2,5,3,2
463,5,0,1,4,0,0,5,7,2,5,7,0,3,0,2,8,2,2,3,3,5,0,2
128,1,2,1,2,0,1,9,6,2,5,1,0,0,3,2,1,2,2,0,2,5,3,1
128,1,1,1,4,0,1,0,6,2,5,1,0,0,3,2,8,2,3,3,3,5,5,1
624,5,4,1,4,0,0,14,7,2,5,1,3,3,0,4,1,1,2,2,2,8,3,2
89,1,4,1,1,0,2,0,7,1,5,7,0,0,3,2,8,2,4,0,1,5,10,2
89,1,1,1,4,0,2,5,6,2,5,7,0,0,3,2,8,2,2,3,3,5,3,2
89,1,1,1,4,0,0,7,6,4,5,7,0,0,3,2,8,2,2,3,3,5,4,2
939,2,1,1,1,1,2,8,7,2,5,0,0,0,3,2,8,2,2,0,2,5,16,2
463,2,4,0,4,0,3,0,7,4,5,3,0,0,3,2,8,2,3,2,2,0,12,2
49,2,4,1,1,2,1,0,6,4,5,1,0,3,3,3,2,2,2,3,3,5,12,2
49,2,1,1,1,0,2,5,7,4,5,1,2,3,3,3,8,2,2,0,2,5,12,2
587,3,0,1,4,0,1,5,6,2,5,7,0,3,0,2,1,3,2,2,1,1,0,1
587,3,4,1,1,0,3,0,7,2,3,7,2,3,0,2,1,3,2,0,2,5,0,1
327,5,1,1,4,0,1,5,2,6,5,7,0,0,3,2,8,2,2,3,3,5,11,2
327,5,1,1,1,0,3,14,4,4,5,7,0,0,3,2,8,2,2,0,2,5,9,2
594,4,0,1,4,0,3,8,7,4,5,3,2,3,0,2,2,2,2,2,2,1,0,2
594,4,1,1,4,0,1,0,7,2,5,3,0,3,0,2,8,2,4,0,2,5,10,2
52,4,1,1,4,0,3,0,6,4,7,1,0,3,3,8,8,2,2,3,3,5,12,1
95,4,0,1,4,0,4,7,1,4,3,1,0,3,3,3,8,1,2,3,3,5,10,1
229,0,2,1,4,2,3,0,7,2,3,0,0,0,3,2,2,2,2,1,2,5,10,2
229,0,2,1,2,1,3,10,2,2,5,0,0,0,3,2,8,2,2,2,2,1,7,2
1024,4,3,1,4,0,2,10,9,4,5,7,0,3,3,2,8,2,2,3,3,5,11,2
936,6,0,1,4,0,2,9,7,2,5,2,0,3,3,2,8,2,2,3,3,5,10,1
936,6,2,1,4,0,2,9,6,4,5,2,0,3,3,2,2,2,2,0,2,5,3,1
956,5,0,1,4,2,4,5,6,6,5,7,0,0,3,2,8,2,2,0,2,5,10,1
956,5,1,1,4,0,2,0,7,1,0,7,0,0,3,2,8,2,2,3,3,5,1,1
944,0,1,1,1,0,1,8,9,4,5,0,1,3,3,2,8,2,2,0,2,5,16,2
944,0,2,1,4,2,1,8,1,1,5,0,0,3,3,2,8,2,2,3,3,5,3,2
751,1,4,0,1,0,1,5,2,4,5,7,0,3,0,4,8,1,2,0,2,5,9,2
94,0,2,1,4,2,1,0,7,1,5,3,0,0,3,2,8,1,2,3,3,5,10,1
812,3,0,1,4,0,3,14,7,4,5,1,0,3,0,3,8,1,2,0,2,5,16,2
708,5,4,1,4,0,1,6,7,2,5,7,0,0,3,2,8,2,2,3,3,5,3,2
708,5,0,1,4,0,1,7,12,6,5,7,0,0,3,2,2,2,2,0,2,5,9,2
441,0,1,1,4,0,0,0,2,2,5,1,0,0,0,2,8,2,4,0,2,5,3,2
441,0,1,1,4,0,2,0,7,6,5,1,0,0,0,2,8,2,2,3,3,5,4,2
317,6,0,1,1,2,1,11,6,4,5,0,0,0,3,0,8,2,2,0,0,5,10,2
317,6,2,1,1,0,4,0,6,2,5,0,0,0,3,0,8,2,2,3,3,5,10,2
916,4,0,1,4,0,3,0,3,4,5,1,0,3,2,4,8,2,2,0,2,5,5,2
629,1,4,1,2,0,0,7,7,4,5,0,0,3,0,4,1,2,2,1,2,5,1,2
629,1,1,1,4,2,2,5,7,2,5,0,0,3,0,4,8,2,4,3,3,5,0,2
629,1,1,1,4,0,0,8,7,4,5,0,0,3,0,4,8,2,2,0,2,5,9,2
629,1,1,1,4,0,3,10,7,0,5,0,0,3,0,4,2,2,2,0,2,5,10,2
504,6,0,1,4,0,4,0,7,2,6,1,0,3,0,3,8,3,2,0,2,5,1,2
504,6,2,1,1,0,1,8,3,2,5,1,3,3,0,3,8,3,2,1,2,5,9,2
504,6,1,1,4,0,2,0,7,2,5,1,0,3,0,3,8,3,2,0,2,5,10,2
481,5,2,1,1,0,2,5,7,1,5,0,0,3,0,6,1,1,2,3,3,5,4,1
80,3,4,1,4,2,0,0,7,2,6,3,0,0,3,2,2,2,2,0,2,5,4,2
80,3,1,1,4,0,2,5,6,2,5,3,0,0,3,2,1,2,2,3,3,5,9,2
192,2,1,1,2,0,1,5,7,2,5,7,0,3,3,2,8,3,3,1,2,5,16,2
192,2,1,1,4,0,0,10,9,2,5,7,0,3,3,2,8,3,2,1,2,5,3,2
192,2,1,1,4,0,2,0,7,4,5,7,0,3,3,2,8,3,2,1,2,5,0,2
201,0,1,1,4,0,1,7,9,0,5,1,0,3,3,2,8,2,2,3,3,5,5,2
201,0,0,1,4,0,5,7,6,2,5,1,0,3,3,2,2,2,2,3,3,5,10,2
201,0,0,1,4,0,3,7,6,2,6,1,0,3,3,2,2,2,3,0,2,5,9,2
500,0,3,1,4,0,3,0,6,0,5,1,0,3,0,4,8,2,2,3,3,5,0,2
500,0,0,1,4,0,2,7,1,2,5,1,0,3,0,4,8,2,4,0,2,5,1,2
624,5,4,1,2,0,1,5,7,2,5,7,0,3,2,2,8,3,4,0,2,5,10,1
624,5,0,1,2,2,1,9,7,6,5,7,3,3,2,2,8,3,2,0,2,5,2,1
624,5,0,1,4,0,4,5,7,2,5,7,0,3,2,2,8,3,2,3,3,5,1,1
315,4,1,1,4,2,3,9,7,0,5,1,0,0,3,2,8,1,2,0,2,5,12,2
529,2,2,1,4,0,3,5,7,4,7,3,0,3,0,2,8,2,2,0,2,5,10,2
529,2,3,1,1,0,1,7,6,2,5,3,0,3,0,2,8,2,4,3,3,5,18,2
463,2,4,0,4,0,1,5,6,2,5,7,2,3,0,2,8,2,2,2,1,6,10,2
370,4,3,1,1,0,2,11,9,0,5,3,0,0,3,2,5,2,2,0,2,5,10,2
355,4,1,1,1,0,4,7,2,0,5,7,3,0,3,2,2,2,2,0,2,5,3,2
355,4,2,1,4,0,4,7,6,4,5,7,0,0,3,2,8,2,2,3,3,5,1,2
143,5,4,0,4,2,2,5,9,6,3,7,0,3,3,4,8,1,2,3,3,5,10,2
125,3,0,1,2,2,2,8,12,6,5,1,2,0,3,2,8,4,3,0,2,5,11,2
125,3,2,1,4,0,2,0,6,2,5,1,0,0,3,2,8,4,2,3,3,5,11,2
125,3,4,1,1,0,2,7,7,2,5,1,0,0,3,2,2,4,2,3,3,5,0,2
445,6,4,1,4,0,1,0,6,2,7,1,0,0,0,2,2,2,2,3,3,5,0,2
445,6,1,2,4,0,4,14,6,2,5,1,0,0,0,2,8,2,2,0,2,5,10,2
233,0,1,1,1,0,1,7,7,4,5,1,2,3,3,2,2,1,2,3,3,5,12,2
977,6,4,1,4,0,1,12,4,2,5,0,0,3,3,2,8,1,3,3,3,5,10,2
964,1,4,1,4,0,2,7,7,4,5,1,0,0,3,2,2,2,2,3,3,5,0,2
209,4,4,0,4,0,4,14,6,6,5,5,0,0,3,2,8,2,2,0,2,5,9,2
215,6,1,1,4,0,0,5,9,6,5,4,0,0,3,2,8,2,2,2,2,6,5,2
215,6,0,1,4,0,4,0,1,2,5,4,0,0,3,2,8,2,2,2,2,6,9,2
215,6,0,1,4,0,3,0,7,6,5,4,0,0,3,2,1,2,2,2,2,6,1,2
165,4,3,1,4,0,4,8,2,4,5,3,2,3,3,6,8,2,2,3,3,5,15,2
165,4,1,1,4,0,1,15,7,1,5,3,0,3,3,6,2,2,2,0,1,5,5,2
976,4,1,1,1,0,2,0,2,4,5,0,0,3,3,3,8,3,2,3,3,5,10,2
947,0,4,1,4,0,4,3,6,0,5,0,4,0,3,2,8,2,2,3,3,5,15,2
947,0,1,1,6,0,4,9,2,2,5,0,3,0,3,2,8,2,2,0,2,5,5,2
486,4,4,1,4,0,0,8,7,4,7,1,3,0,3,3,8,2,2,3,3,5,1,2
930,0,4,1,4,0,1,7,2,4,5,1,0,0,3,6,8,1,3,0,2,5,1,2
488,2,0,1,4,2,4,5,4,2,6,7,2,0,0,7,8,2,2,0,2,5,1,1
488,2,0,1,6,0,2,0,6,4,5,7,0,0,0,7,2,2,2,3,3,5,9,1
873,6,1,1,6,0,2,8,12,4,5,1,0,0,0,2,8,2,2,0,2,5,10,1
873,6,2,1,4,0,2,5,7,4,5,1,0,0,0,2,2,2,2,3,3,5,15,1
405,5,4,1,4,0,1,5,2,1,5,1,0,0,3,2,8,2,2,0,2,5,10,2
405,5,0,1,4,0,3,3,6,4,5,1,2,0,3,2,8,2,2,0,1,5,3,2
689,6,3,1,4,0,3,11,7,6,5,1,0,0,0,7,1,2,1,2,2,7,10,1
668,4,4,0,4,0,1,0,7,2,5,3,0,3,0,2,8,2,2,2,2,6,10,1
668,4,0,1,4,0,4,0,7,1,5,3,0,3,0,2,8,2,2,0,2,5,1,1
543,1,0,1,4,0,4,0,2,2,6,0,0,0,0,7,8,2,9,3,3,5,10,2
543,1,1,1,4,2,2,7,9,2,5,0,0,0,0,7,1,2,3,0,2,5,12,2
84,4,4,1,4,0,1,9,6,2,6,1,0,0,3,2,2,2,2,0,2,5,0,2
894,6,0,1,4,0,1,14,6,2,6,1,0,0,3,2,8,2,2,0,2,5,3,2
940,1,1,1,1,0,2,8,12,2,5,0,0,0,3,2,2,2,2,3,3,5,10,2
1001,5,4,1,4,0,2,16,2,0,6,1,2,0,3,2,2,2,2,0,2,5,6,2
1001,5,0,1,4,0,0,8,12,4,5,1,0,0,3,2,8,2,2,0,1,5,9,2
1001,5,0,1,4,2,2,7,9,0,5,1,0,0,3,2,8,2,2,3,3,5,11,2
1001,5,0,1,2,2,3,14,6,2,5,1,0,0,3,2,8,2,2,3,3,5,0,2
553,2,4,0,6,2,2,5,2,2,5,1,0,0,0,7,8,1,4,2,1,2,7,2
701,5,0,1,0,0,3,5,9,4,5,7,0,0,0,2,6,2,2,3,3,5,10,2
701,5,2,1,2,0,4,0,6,6,5,7,0,0,0,2,8,2,2,2,1,6,1,2
206,3,4,0,4,0,0,0,9,1,5,7,0,0,3,2,2,2,1,1,2,5,1,2
206,3,0,1,4,0,3,8,7,2,5,7,4,0,3,2,1,2,2,0,2,5,9,2
974,6,1,1,4,2,3,8,7,2,5,1,0,3,3,2,8,1,2,2,2,6,2,2
357,0,0,1,4,0,3,5,9,2,5,1,0,3,3,2,8,2,2,2,2,1,0,2
357,0,0,1,4,0,5,9,4,4,5,1,0,3,3,2,8,2,2,3,3,5,1,2
357,0,4,1,4,0,0,7,7,4,3,1,0,3,3,2,8,2,2,0,2,5,10,2
357,0,4,1,3,2,0,14,6,4,5,1,0,3,3,2,8,2,1,3,3,5,1,2
124,1,2,1,4,2,4,0,7,2,7,7,0,3,3,0,8,1,2,0,2,5,1,2
368,4,3,1,4,2,0,0,7,4,5,7,0,3,0,3,8,3,2,2,2,6,10,1
368,4,1,1,4,2,1,5,7,2,5,7,2,3,0,3,2,3,4,3,3,5,1,1
368,4,3,1,5,2,2,14,7,0,5,7,0,3,0,3,6,3,2,0,2,5,3,1
534,4,0,1,5,2,3,5,6,4,5,7,0,0,0,7,8,2,2,0,2,5,3,2
534,4,0,1,4,2,1,11,7,2,5,7,0,0,0,7,1,2,2,2,2,6,1,2
773,2,4,1,6,2,2,0,7,2,5,7,0,2,0,6,8,2,2,0,2,5,1,2
959,5,1,1,4,2,4,5,6,1,5,7,0,0,3,2,8,2,2,2,2,6,17,2
911,4,4,1,4,2,1,5,2,6,5,7,0,0,3,3,8,2,2,2,1,6,3,2
911,4,1,1,1,0,1,0,6,0,5,7,0,0,3,3,8,2,2,2,2,1,1,2
703,2,1,1,4,0,1,14,6,6,5,1,0,0,0,2,8,4,2,3,3,5,2,2
703,2,4,1,4,0,1,9,6,2,5,1,0,0,0,2,8,4,2,0,2,5,0,2
703,2,4,1,4,0,2,9,6,1,5,1,0,0,0,2,2,4,2,3,3,5,3,2
703,2,4,1,4,0,2,0,9,4,5,1,0,0,0,2,8,4,2,0,2,5,10,2
935,6,0,1,4,0,3,9,9,6,5,1,0,3,3,4,8,2,2,0,2,5,9,2
935,6,0,1,1,0,2,9,9,4,5,1,2,3,3,4,8,2,2,1,2,5,11,2
492,5,1,1,4,0,2,5,6,0,5,3,0,2,0,6,8,1,3,1,2,5,9,2
112,0,1,1,4,0,4,14,12,0,5,3,0,0,3,2,8,2,2,3,3,5,3,2
176,2,4,1,4,0,2,0,9,1,5,1,0,0,3,2,8,2,4,0,2,5,1,2
189,3,2,1,4,0,3,14,7,4,5,1,0,3,3,2,8,1,2,3,3,5,3,2
63,6,4,1,2,0,3,0,6,2,5,0,0,0,3,2,8,1,7,0,2,5,0,2
959,6,0,1,4,0,3,7,7,2,5,7,3,0,3,2,8,2,4,0,2,5,12,2
959,6,1,1,4,0,3,7,12,4,5,7,0,0,3,2,2,2,9,3,3,5,3,2
909,4,1,1,4,0,3,0,7,0,5,7,0,0,3,2,8,1,2,1,2,5,1,1
18,4,1,1,4,0,3,5,4,2,5,7,0,0,0,2,8,1,2,0,2,5,3,2
708,5,1,1,4,0,2,5,7,2,5,4,0,0,0,2,8,2,2,3,3,5,5,2
708,5,1,1,4,0,1,5,6,2,5,4,0,0,0,2,8,2,2,0,1,5,10,2
425,2,0,1,4,0,4,0,7,2,5,7,0,0,0,2,1,2,2,3,3,5,0,1
425,2,1,1,4,0,4,0,7,2,5,7,0,0,0,2,8,2,2,3,3,5,12,1
250,6,4,0,4,0,1,10,5,4,5,7,0,0,3,2,8,1,2,2,2,3,9,2
177,1,1,1,1,0,4,10,7,6,5,7,0,0,3,0,8,2,2,2,2,1,9,1
177,1,0,1,4,0,4,5,9,2,5,7,0,0,3,0,8,2,2,3,3,5,10,1
965,6,1,1,4,0,4,5,4,2,5,7,0,0,3,7,8,2,3,0,2,5,3,2
965,6,0,1,4,0,0,0,7,4,5,7,0,0,3,7,1,2,2,2,2,6,5,2
420,5,4,1,1,0,3,7,6,4,5,1,0,0,3,3,8,1,3,2,2,6,10,1
559,3,1,1,1,0,3,6,6,6,5,1,0,3,0,2,8,2,4,0,2,5,10,2
559,3,0,1,1,0,4,0,9,2,5,1,4,3,0,2,8,2,2,3,3,5,12,2
606,0,0,1,4,0,1,5,12,2,5,0,0,0,0,2,2,4,2,3,3,5,12,2
606,0,1,1,0,0,3,0,7,2,5,0,0,0,0,2,8,4,4,0,2,5,12,2
606,0,0,1,4,0,1,11,0,4,5,0,0,0,0,2,8,4,4,3,3,5,12,2
300,2,4,1,4,0,1,5,6,6,5,1,0,0,3,2,8,1,4,0,2,5,10,2
153,1,2,1,2,0,0,11,2,2,5,7,0,3,3,2,8,1,8,3,3,5,9,2
58,6,2,1,4,0,2,5,2,2,5,0,0,0,3,2,8,3,4,0,1,5,1,2
58,6,0,1,4,0,4,5,9,0,5,0,4,0,3,2,8,3,4,2,2,5,3,2
58,6,4,1,4,0,4,5,9,2,5,0,0,0,3,2,8,3,4,0,2,5,0,2
390,4,4,1,4,0,4,9,9,2,5,1,0,0,3,2,8,2,2,2,2,1,1,2
390,4,1,1,4,0,0,14,7,0,5,1,0,0,3,2,8,2,2,3,3,5,5,2
213,5,0,1,1,0,1,5,7,2,5,7,0,0,3,2,8,2,2,0,2,5,10,2
213,5,1,1,2,0,0,0,9,2,5,7,0,0,3,2,8,2,2,2,2,5,17,2
800,0,3,1,4,0,2,8,7,6,5,1,0,0,0,2,6,4,2,1,2,5,10,1
800,0,4,0,4,0,4,0,2,4,5,1,0,0,0,2,8,4,2,3,3,5,1,1
800,0,4,0,1,2,2,11,6,4,5,1,4,0,0,2,2,4,2,2,2,6,1,1
292,1,0,1,1,0,4,14,6,2,5,7,0,3,3,4,8,3,2,3,3,5,0,2
292,1,0,1,1,2,2,5,7,2,5,7,0,3,3,4,8,3,7,2,1,5,11,2
784,5,4,1,4,0,1,14,4,4,5,1,0,0,0,2,2,1,2,3,3,5,3,2
784,5,4,1,4,0,3,5,6,2,5,1,1,0,0,2,2,1,4,0,2,5,10,2
160,2,1,1,2,0,0,5,9,2,5,7,0,0,3,2,8,2,1,0,2,5,3,2
264,6,4,1,1,0,2,7,9,4,5,7,0,0,3,2,2,1,2,3,3,5,9,2
639,0,4,0,1,0,1,14,2,4,3,1,0,0,0,2,2,2,2,0,2,5,16,2
639,0,0,1,4,0,4,0,9,4,5,1,0,0,0,2,8,2,2,0,2,5,12,2
393,3,4,0,4,0,2,7,7,4,5,1,0,0,3,2,8,2,9,0,2,5,0,2
393,3,1,1,4,2,2,5,7,3,5,1,0,0,3,2,2,2,0,3,3,5,12,2