Time,Day_of_week,Age_band_of_driver,Sex_of_driver,Educational_level,Vehicle_driver_relation,Driving_experience,Type_of_vehicle,Area_accident_occured,Lanes_or_Medians,Road_allignment,Types_of_Junction,Road_surface_type,Road_surface_conditions,Light_conditions,Weather_conditions,Type_of_collision,Number_of_vehicles_involved,Vehicle_movement,Casualty_class,Casualty_severity,Pedestrian_movement,Cause_of_accident,Accident_severity
467,3,4,0,4,0,1,0,7,2,6,1,0,0,3,2,2,2,2,1,2,5,18,2
348,2,3,1,4,0,2,0,9,2,5,7,0,0,3,2,8,2,2,3,3,5,1,2
348,2,4,1,4,0,0,0,9,6,5,7,0,0,3,2,8,2,2,0,2,5,3,2
969,6,0,1,1,0,0,0,9,4,5,7,0,0,3,2,8,2,9,3,3,5,12,2
969,6,1,1,4,0,1,5,7,4,5,7,0,0,3,2,8,2,2,2,2,5,9,2
295,6,2,1,4,0,3,7,6,2,5,2,0,3,3,4,1,2,2,1,2,5,0,2
295,6,1,1,4,0,4,8,7,2,5,2,0,3,3,4,8,2,2,2,2,5,17,2
295,6,1,1,4,0,3,8,7,6,5,2,0,3,3,4,8,2,2,2,2,5,10,2
220,2,0,2,1,2,2,0,6,2,5,1,0,0,3,2,8,2,2,3,3,5,3,2
220,2,0,1,1,0,3,3,2,6,5,1,0,0,3,2,8,2,3,0,2,5,10,2
220,2,4,0,4,0,0,0,7,2,5,1,0,0,3,2,8,2,2,0,2,5,0,2
150,6,0,1,2,2,2,5,6,0,5,1,0,3,3,4,8,3,9,3,3,5,10,2
150,6,0,1,1,0,1,10,6,1,6,1,0,3,3,4,8,3,2,0,2,5,10,2
447,4,2,1,4,0,0,3,6,4,5,1,0,0,3,2,8,1,2,3,3,5,10,2
447,4,2,1,4,0,3,8,7,0,5,1,0,0,3,2,2,1,3,0,2,5,10,2
447,4,2,1,4,0,0,5,7,2,5,1,0,0,3,2,8,1,2,1,2,5,0,2
208,2,1,1,4,0,0,7,6,2,5,7,0,0,3,2,8,3,2,0,2,5,1,2
515,2,0,1,2,0,1,7,2,4,5,7,0,0,0,2,8,3,2,0,1,5,16,2
515,2,4,1,4,0,1,0,6,2,5,7,0,0,0,2,8,3,4,3,3,5,13,2
359,2,2,1,4,0,0,8,9,2,5,0,0,3,3,3,2,2,4,1,2,5,13,2
359,2,1,1,1,0,2,0,12,2,5,0,0,3,3,3,8,2,2,2,2,5,1,2
62,6,1,1,4,0,2,9,6,4,5,5,0,3,3,2,8,2,2,3,3,5,11,2
62,6,2,1,4,0,0,0,7,4,5,5,0,3,3,2,8,2,2,0,2,5,12,2
84,3,0,1,1,1,2,7,7,0,5,1,0,0,3,2,8,2,2,0,2,5,0,2
84,3,0,1,4,0,1,9,7,0,5,1,0,0,3,2,6,2,4,3,3,5,0,2
84,3,0,1,1,0,2,14,7,2,5,1,1,0,3,2,8,2,2,0,2,5,16,2
644,3,0,1,4,0,3,5,6,0,6,7,0,0,0,2,8,3,1,3,3,5,10,2
644,3,0,1,4,0,3,5,6,2,5,7,0,0,0,2,2,3,2,0,2,5,12,2
220,5,4,1,4,2,0,5,6,1,5,7,3,0,3,2,8,2,2,1,2,5,10,2
903,4,4,1,4,0,1,0,7,4,5,4,0,0,3,2,8,2,3,0,2,5,3,2
687,4,1,1,1,0,3,14,7,2,5,1,0,0,0,2,8,2,2,3,3,5,9,2
687,4,4,0,4,0,1,0,9,2,5,1,0,0,0,2,2,2,4,1,2,5,10,2
179,0,0,1,1,0,3,5,7,2,5,7,0,3,3,4,2,1,2,1,2,5,10,2
561,0,0,1,4,0,3,7,7,2,5,7,0,3,0,2,8,4,2,1,2,5,10,2
561,0,0,1,4,0,1,8,7,2,5,7,0,3,0,2,8,4,2,1,2,5,0,2
561,0,4,0,4,0,4,0,4,4,5,7,0,3,0,2,8,4,3,0,2,5,1,2
426,5,2,1,2,1,3,0,7,4,5,1,0,0,3,2,8,2,2,0,2,5,9,2
426,5,1,1,4,0,2,5,7,4,5,1,2,0,3,2,2,2,2,3,3,5,3,2
430,0,1,1,4,2,4,5,4,4,5,1,0,0,3,7,8,3,2,3,3,5,12,2
430,0,1,1,4,0,2,0,6,4,5,1,2,0,3,7,8,3,2,2,2,5,3,2
908,6,1,1,1,0,1,5,7,4,5,1,0,3,3,4,3,3,2,2,2,1,9,2
908,6,1,1,4,2,1,14,7,2,5,1,0,3,3,4,3,3,2,0,2,5,3,2
908,6,1,1,1,0,1,8,9,4,5,1,2,3,3,4,0,3,2,2,2,5,12,2
315,6,4,1,4,2,1,0,6,2,5,1,0,0,3,2,0,1,4,3,3,5,1,1
869,4,1,1,4,0,3,0,9,6,5,0,0,0,0,2,0,2,2,0,2,5,0,2
276,3,1,1,4,0,0,7,2,2,5,7,0,0,3,2,0,3,2,3,3,5,3,2
276,3,1,1,4,0,1,0,9,2,5,7,0,0,3,2,0,3,2,1,2,5,9,2
276,3,2,1,4,0,0,10,12,6,5,7,0,0,3,2,0,3,2,2,2,5,16,2
276,3,2,1,4,0,2,10,3,6,3,7,0,0,3,2,0,3,2,3,3,5,0,2
276,3,0,1,4,0,2,0,7,4,5,7,0,0,3,2,0,3,3,0,2,5,1,2
276,3,4,1,1,2,1,9,12,0,5,7,0,0,3,2,0,3,2,3,3,5,16,2
899,6,0,1,1,0,4,9,7,6,5,7,0,3,3,2,0,1,2,0,2,5,14,1
264,2,0,1,4,0,3,0,2,2,5,3,0,3,3,3,5,2,2,2,2,5,12,2
264,2,4,0,2,0,0,8,6,2,5,3,1,3,3,3,6,2,2,0,2,5,1,2
564,1,4,0,4,2,2,8,7,2,5,1,0,3,0,4,0,2,2,3,3,5,9,2
564,1,0,1,4,0,0,5,6,0,5,1,0,3,0,4,6,2,2,0,2,5,0,2
564,1,0,1,4,0,3,0,6,0,5,1,0,3,0,4,0,2,2,3,3,5,11,2
54,5,4,1,4,0,4,14,6,0,5,1,0,0,3,2,0,2,2,2,2,5,10,2
54,5,0,1,1,0,1,6,9,0,5,1,0,0,3,2,8,2,2,1,2,5,12,2
132,2,0,1,1,0,2,7,7,4,5,1,0,0,3,2,3,1,2,2,2,5,10,2
873,5,1,1,4,0,2,0,7,1,5,3,0,0,3,2,6,2,2,2,2,5,1,2
577,6,4,1,2,0,1,11,6,2,5,7,0,3,0,2,0,2,2,3,3,5,9,2
171,4,4,1,4,0,1,0,6,0,5,0,0,0,3,2,0,2,2,3,3,5,14,2
171,4,1,1,4,0,5,7,6,2,5,0,0,0,3,2,0,2,2,2,2,6,1,2
171,4,1,1,4,0,3,5,6,4,5,0,0,0,3,2,1,2,4,0,2,5,8,2
375,4,1,1,4,0,3,8,7,4,5,1,0,3,3,4,8,2,2,3,3,5,13,0
375,4,1,1,4,0,2,10,7,4,5,1,0,3,3,4,8,2,2,2,2,1,0,0
375,4,2,1,2,0,1,0,1,4,5,1,0,3,3,4,1,2,2,2,2,5,1,0
445,6,4,0,2,2,1,8,2,4,5,1,3,0,3,7,8,2,2,2,2,5,11,2
445,6,0,1,4,0,4,0,1,6,5,1,0,0,3,7,2,2,2,0,2,5,15,2
842,5,1,1,4,2,3,5,12,6,5,1,0,3,0,3,8,2,2,3,3,5,0,1
842,5,4,0,4,0,3,0,2,0,5,1,0,3,0,3,8,2,2,2,2,5,12,1
877,6,0,1,4,0,1,5,9,1,3,3,0,3,0,2,6,2,2,3,3,5,10,0
1032,5,2,1,5,0,3,5,7,1,5,1,0,0,3,0,8,2,3,0,2,5,11,2
1032,5,4,1,1,0,2,10,7,4,5,1,0,0,3,0,8,2,2,3,3,5,10,2
274,2,3,1,4,0,4,0,4,1,5,0,0,3,3,2,8,2,2,2,1,5,12,2
274,2,0,1,1,0,4,7,2,6,3,0,0,3,3,2,1,2,2,2,2,5,13,2
453,4,0,1,4,0,4,7,6,6,5,7,0,3,0,3,8,2,2,0,2,5,3,2
453,4,1,1,4,0,2,7,6,4,5,7,0,3,0,3,2,2,3,3,3,5,0,2
453,4,1,1,4,2,2,0,6,0,5,7,0,3,0,3,8,2,2,2,2,1,3,2
453,4,1,1,2,2,2,7,7,2,5,7,0,3,0,3,6,2,4,0,2,5,0,2
527,0,0,1,4,0,2,5,6,4,5,1,0,3,0,2,8,1,4,3,3,5,12,2
202,1,2,1,4,0,1,9,7,0,5,1,3,0,3,2,8,3,2,3,3,5,10,2
202,1,1,1,1,0,2,5,4,2,5,1,0,0,3,2,8,3,2,0,2,5,1,2
202,1,4,1,4,0,1,9,9,6,5,1,0,0,3,2,8,3,2,2,2,0,1,2
176,1,0,1,4,0,4,5,7,2,5,4,0,0,3,2,8,2,2,0,2,5,2,2
176,1,3,1,1,0,1,7,7,1,5,4,0,0,3,2,2,2,4,3,3,5,10,2
973,1,1,1,4,0,1,5,7,1,5,1,2,0,3,7,8,2,2,2,2,6,1,2
489,3,0,1,4,0,2,11,7,2,5,1,0,0,0,2,2,1,2,3,3,5,7,2
163,0,4,1,4,2,2,7,6,2,5,1,0,0,3,2,8,2,2,3,3,5,10,2
163,0,3,1,4,0,4,5,7,1,5,1,0,0,3,2,8,2,2,0,2,5,16,2
342,2,1,1,4,0,0,8,6,2,5,7,2,0,3,2,2,1,3,3,3,5,11,1
926,1,0,1,4,0,4,0,6,4,5,7,0,0,3,2,8,2,2,3,3,5,10,2
926,1,1,1,4,0,4,7,7,2,5,7,0,0,3,2,8,2,2,2,1,5,3,2
472,4,4,1,4,0,1,0,9,2,5,3,0,0,0,3,8,1,2,0,2,5,1,2
875,2,1,1,4,0,0,14,7,4,5,1,0,3,2,4,8,1,2,3,3,5,16,1
617,4,0,1,1,0,2,7,6,4,5,7,2,3,0,4,8,3,2,2,2,1,13,2
617,4,3,1,4,0,4,12,7,4,5,7,0,3,0,4,8,3,3,0,2,5,2,2
100,4,2,1,4,0,0,7,7,4,5,1,0,3,3,4,2,2,2,3,3,5,1,2
964,0,4,1,4,2,4,5,7,2,3,7,0,3,3,3,6,1,2,0,2,5,12,2
463,0,1,1,6,0,2,14,2,6,5,1,0,0,0,2,8,2,2,3,3,5,0,2
463,0,4,1,6,0,2,5,4,4,5,1,0,0,0,2,8,2,2,1,2,5,11,2
1016,1,0,1,4,0,2,0,7,4,5,1,0,0,3,3,8,2,2,0,2,5,16,2
1016,1,1,1,4,0,1,0,7,2,5,1,0,0,3,3,8,2,2,3,3,5,3,2
393,6,4,0,4,0,3,8,6,4,7,1,2,0,3,2,8,2,2,3,3,5,12,2
393,6,1,1,4,0,2,15,7,1,5,1,0,0,3,2,8,2,2,0,2,5,11,2
375,4,4,1,4,0,1,0,7,2,3,1,0,0,3,2,8,1,2,0,2,5,3,2
445,0,0,1,4,0,4,3,9,4,5,1,4,0,0,2,8,2,2,0,2,5,1,2
998,5,4,1,4,0,1,8,7,2,5,1,3,0,3,2,8,2,2,2,2,5,17,2
805,1,0,1,4,0,1,7,6,6,5,7,0,3,0,4,1,1,3,3,3,5,10,2
348,5,4,1,4,0,2,5,7,1,0,1,2,0,3,2,8,2,2,0,2,5,3,2
348,5,3,1,2,0,3,0,9,4,5,1,0,0,3,2,8,2,2,3,3,5,0,2
314,3,1,1,2,0,3,8,1,1,5,1,0,0,3,2,8,2,2,0,1,5,12,2
314,3,1,1,4,0,2,5,2,4,5,1,0,0,3,2,8,2,2,3,3,5,1,2
930,1,0,1,1,0,0,5,7,1,5,1,0,3,3,3,8,2,2,0,2,5,10,2
930,1,3,1,1,0,2,3,7,4,5,1,2,3,3,3,8,2,2,0,2,5,9,2
215,1,2,1,4,0,2,11,7,2,5,7,0,3,3,2,2,2,2,3,3,5,16,2
215,1,2,1,4,0,0,11,9,6,5,7,0,3,3,2,8,2,1,0,2,5,0,2
411,4,0,1,4,2,2,0,12,6,5,1,0,3,0,4,8,1,2,3,3,5,1,2
568,6,1,1,2,2,3,0,2,2,5,1,0,3,0,7,8,2,2,3,3,5,16,2
435,0,4,1,6,2,2,7,7,2,5,7,0,0,0,7,8,2,3,2,2,0,13,2
435,0,0,1,0,0,3,9,6,4,5,7,0,0,0,7,8,2,2,0,1,5,12,2
966,6,2,1,2,0,4,0,6,2,5,7,0,3,3,2,8,2,3,2,2,0,1,2
966,6,3,1,4,0,0,14,7,4,5,7,0,3,3,2,8,2,2,3,3,5,9,2
19,2,0,1,4,2,3,0,7,4,5,1,2,0,0,2,8,2,2,0,2,5,11,2
247,3,0,1,3,2,0,8,7,2,6,3,0,3,3,4,8,4,2,0,2,5,10,2
247,3,3,1,4,2,4,16,3,2,5,3,2,3,3,4,8,4,2,3,3,5,9,2
247,3,0,1,4,2,0,8,7,2,5,3,0,3,3,4,8,4,2,3,3,5,1,2
247,3,2,1,4,2,1,7,7,1,5,3,0,3,3,4,2,4,2,0,2,5,11,2
224,0,1,1,5,2,2,14,7,2,6,3,0,3,3,2,8,2,2,1,2,5,9,1
224,0,3,1,5,2,3,8,6,2,5,3,0,3,3,2,8,2,4,0,2,5,7,1
947,5,4,1,4,2,1,5,9,2,5,1,0,0,3,2,8,1,4,0,2,5,16,2
482,1,2,1,1,2,3,5,7,2,5,7,0,0,0,2,8,2,2,1,2,5,14,2
482,1,1,1,6,2,2,0,9,2,5,7,0,0,0,2,2,2,2,3,3,5,1,2
127,5,0,1,4,2,2,8,9,0,5,0,4,0,3,2,8,2,2,1,2,5,13,2
862,6,4,0,4,2,4,8,6,2,5,1,0,0,3,2,8,2,2,1,2,5,0,1
862,6,0,1,4,2,1,5,6,2,6,1,0,0,3,2,8,2,2,3,3,5,1,1
242,6,1,1,1,0,1,9,6,0,5,4,0,0,3,7,8,2,2,3,3,5,11,1
242,6,0,1,4,0,1,7,1,2,5,4,0,0,3,7,1,2,2,0,2,5,15,1
1009,6,4,1,4,0,1,14,7,2,5,7,0,0,3,7,8,2,1,0,2,5,0,2
1009,6,0,1,4,0,2,0,7,6,5,7,0,0,3,7,8,2,2,2,2,5,12,2
192,0,2,1,4,0,2,0,7,2,5,7,0,3,3,4,2,2,2,3,3,5,1,2
192,0,4,0,4,0,3,5,7,0,5,7,2,3,3,4,8,2,4,1,2,5,10,2
585,3,2,1,1,0,2,14,7,4,7,1,0,0,0,2,8,2,2,0,2,5,11,2
585,3,1,1,4,0,2,5,6,2,5,1,0,0,0,2,1,2,2,3,3,5,10,2
585,3,1,1,4,0,3,11,6,2,5,1,0,0,0,2,8,2,2,0,2,5,12,2
139,5,4,1,4,2,2,0,9,0,5,1,0,0,3,2,1,2,2,2,2,5,3,2
139,5,1,1,4,0,2,0,1,2,5,1,0,0,3,2,1,2,7,3,3,5,0,2
247,3,1,1,4,0,2,5,7,2,5,5,0,0,3,2,8,3,2,2,1,5,12,2
247,3,2,1,4,0,2,0,9,6,3,5,0,0,3,2,8,3,2,0,2,5,10,2
247,3,1,1,4,0,3,14,12,6,5,5,0,0,3,2,8,3,2,1,2,5,1,2
247,3,1,1,2,0,3,9,6,2,5,5,0,0,3,2,8,3,2,1,2,5,1,2
149,5,1,1,4,0,3,9,7,6,5,0,0,0,3,2,8,1,2,3,3,5,2,2
420,5,4,1,4,0,3,0,7,2,5,1,0,0,3,7,8,1,2,3,3,5,10,2
274,2,0,1,4,0,3,9,6,2,7,7,0,0,3,2,1,3,2,0,2,5,1,2
274,2,0,1,4,0,3,9,6,2,5,7,2,0,3,2,2,3,2,0,2,5,0,2
274,2,0,1,4,0,2,5,7,4,5,7,0,0,3,2,8,3,3,3,3,5,7,2
348,2,4,1,4,0,4,5,4,2,5,1,0,0,3,7,8,1,9,0,1,5,13,1
350,3,1,1,4,0,1,0,7,4,5,1,0,0,3,2,9,2,4,3,3,5,12,2
853,6,1,1,1,0,4,14,7,2,5,1,0,0,3,2,8,2,2,0,2,5,16,1
308,1,0,1,6,0,4,14,9,6,5,5,0,3,3,2,8,3,2,2,2,6,3,2
522,4,2,1,4,0,4,0,1,2,5,7,0,3,3,4,8,2,7,0,2,5,1,2
522,4,0,1,4,0,0,7,7,6,5,7,3,3,3,4,8,2,4,3,3,5,16,2
326,3,0,1,1,0,3,7,2,4,5,1,0,0,3,2,8,1,9,2,2,5,13,1
326,3,0,1,1,0,3,0,7,1,5,1,0,0,3,2,8,1,2,3,3,5,4,1
490,5,0,1,1,0,4,5,7,2,5,7,0,0,3,2,1,2,2,0,2,5,2,2
490,5,2,1,2,0,1,5,2,4,5,7,0,0,3,2,2,2,2,0,1,5,19,2
316,1,3,1,4,0,1,5,6,2,6,7,0,0,3,2,2,1,2,3,3,5,1,2
701,3,0,1,0,0,3,0,6,0,5,1,0,0,0,2,8,4,2,2,1,5,10,2
701,3,4,1,4,0,1,0,2,2,5,1,0,0,0,2,8,4,2,3,3,5,13,2
701,3,0,1,4,0,1,10,7,4,7,1,0,0,0,2,8,4,2,0,2,5,12,2
701,3,4,1,2,0,0,10,7,4,5,1,0,0,0,2,8,4,2,3,3,5,0,2
940,1,3,1,4,0,2,5,2,4,5,3,0,0,3,7,8,2,2,3,3,5,11,2
940,1,0,1,4,0,4,5,4,2,6,3,0,0,3,7,2,2,4,0,2,5,16,2
940,1,0,1,4,0,4,9,6,4,5,3,0,0,3,7,8,2,2,3,3,5,3,2
899,4,4,1,4,0,4,5,7,4,5,0,0,0,3,7,8,2,3,0,2,5,11,2
899,4,2,1,4,0,0,0,2,1,5,0,0,0,3,7,8,2,2,3,3,5,1,2
995,2,0,1,1,0,1,7,6,4,5,1,0,0,3,2,8,2,3,0,2,5,3,2
995,2,2,1,2,0,0,6,7,6,3,1,0,0,3,2,8,2,4,3,3,5,1,2
458,4,1,1,4,0,2,0,7,6,5,1,4,0,3,2,1,3,2,0,1,5,1,2
458,4,1,1,4,0,4,0,7,2,5,1,0,0,3,2,1,3,7,3,3,5,0,2
458,4,2,1,2,0,3,5,7,1,5,1,0,0,3,2,2,3,2,0,2,5,17,2
606,3,0,1,1,2,2,0,2,2,6,1,0,0,0,7,1,2,4,1,2,5,3,2
606,3,1,1,1,0,4,11,9,2,5,1,0,0,0,7,8,2,4,0,2,5,10,2
323,4,4,1,4,0,2,5,6,2,6,1,0,0,3,2,8,2,4,3,3,5,3,2
323,4,1,1,1,2,2,11,7,2,5,1,0,0,3,2,8,2,8,0,1,5,0,2
323,4,1,1,4,0,1,5,6,2,6,1,0,0,3,2,2,2,4,3,3,5,12,2
323,4,1,1,4,0,3,5,7,2,5,1,4,0,3,2,2,2,4,3,3,5,1,2
323,4,1,1,4,0,2,5,2,4,5,1,0,0,3,2,8,2,4,0,2,5,10,2
323,4,1,1,2,0,0,9,6,2,5,1,0,0,3,2,8,2,2,2,2,5,9,2
218,3,2,1,1,0,2,9,7,2,5,7,0,3,3,4,8,2,2,3,3,5,9,2
218,3,1,1,1,0,1,14,7,2,5,7,0,3,3,4,8,2,2,3,3,5,10,2
612,4,4,1,4,0,4,5,12,2,5,1,0,0,0,2,8,2,2,0,2,5,10,2
612,4,0,1,4,0,4,0,2,0,6,1,0,0,0,2,8,2,2,3,3,5,10,2
348,0,1,1,4,0,2,8,12,4,5,1,0,0,3,2,8,1,2,1,2,5,11,2
348,0,1,1,4,2,2,0,9,0,5,1,0,0,3,2,8,1,2,3,3,5,3,2
947,0,0,1,1,0,3,14,2,2,5,7,0,0,3,0,2,1,2,3,3,5,3,1
672,5,1,1,4,0,3,14,9,1,5,1,0,0,2,2,8,2,2,1,2,5,13,2
672,5,0,1,1,2,1,5,7,2,5,1,1,0,2,2,8,2,4,1,2,5,1,2
201,6,1,1,4,0,4,5,9,2,5,1,0,0,3,2,8,2,1,1,2,5,10,2
201,6,1,1,4,0,2,7,4,4,5,1,0,0,3,2,8,2,2,0,2,5,10,2
308,4,1,1,2,0,3,14,7,4,3,7,0,0,3,2,8,1,2,3,3,5,17,2
546,5,4,1,4,0,2,0,6,4,5,7,0,0,0,2,8,2,2,3,3,5,2,1
546,5,1,1,1,0,0,11,7,2,7,7,2,0,0,2,8,2,2,0,2,5,12,1
450,6,1,1,1,0,0,5,7,2,5,7,0,0,3,2,1,2,0,2,1,5,12,2
344,0,0,1,4,2,0,0,7,0,5,1,0,0,3,2,8,1,0,0,2,5,13,2
911,1,0,1,0,2,0,11,6,4,5,1,0,3,3,4,8,2,0,3,3,5,13,2
274,4,2,1,1,0,2,8,7,2,5,7,0,3,3,4,8,2,0,0,2,5,9,2
468,2,1,1,2,2,4,9,7,6,3,7,0,0,3,2,8,2,9,1,2,5,12,2
468,2,0,1,4,0,3,5,6,4,5,7,0,0,3,2,8,2,0,3,3,5,3,2
623,3,3,1,4,0,2,5,6,1,5,7,0,3,0,2,8,2,0,3,3,5,10,2
623,3,3,1,4,0,4,5,2,6,5,7,0,3,0,2,8,2,0,0,2,5,13,2
623,3,3,1,4,0,3,10,6,0,5,7,3,3,0,2,8,2,0,2,2,1,1,2
623,3,4,1,4,0,2,5,6,6,5,7,0,3,0,2,8,2,0,3,3,5,10,2
216,4,1,1,4,2,3,5,6,2,5,7,0,0,3,2,8,1,4,0,2,5,3,2
701,4,2,1,4,0,2,6,6,1,5,1,0,0,2,2,8,1,2,2,2,5,10,2
380,0,4,1,4,0,0,5,9,4,5,1,0,0,3,2,8,2,2,0,2,5,12,2
380,0,0,1,4,0,0,12,9,6,5,1,0,0,3,2,8,2,4,3,3,5,1,2
949,2,1,1,4,0,0,0,9,4,5,1,0,0,3,2,8,2,2,3,3,5,11,2
949,2,0,1,2,0,1,5,6,0,5,1,0,0,3,2,8,2,2,0,2,5,12,2
348,5,2,1,2,2,3,8,9,2,3,1,0,0,3,2,8,2,2,3,3,5,0,2
348,5,3,1,1,0,1,11,7,2,5,1,0,0,3,2,8,2,2,0,2,5,18,2
767,2,0,1,4,0,3,14,7,2,5,3,0,0,0,3,8,2,2,3,3,5,4,2
607,3,0,1,4,1,5,9,12,0,5,3,0,3,3,2,2,2,3,3,3,5,4,2
607,3,3,1,4,0,0,0,12,0,5,3,0,3,3,2,2,2,5,0,2,5,3,2
755,4,4,0,4,2,2,0,12,4,5,7,0,0,2,2,8,2,2,3,3,5,11,2
755,4,1,1,4,0,0,0,9,1,5,7,0,0,2,2,8,2,2,0,2,5,3,2
112,6,4,1,4,0,3,5,7,4,5,7,0,0,3,2,8,2,2,3,3,5,1,2
112,6,1,1,4,0,0,0,6,2,5,7,0,0,3,2,8,2,7,0,2,5,9,2
996,5,0,1,4,0,0,0,7,2,5,1,0,0,3,0,2,2,2,2,2,5,3,2
996,5,2,1,4,0,1,9,12,4,5,1,0,0,3,0,8,2,2,1,2,5,1,2
962,5,0,1,2,0,0,15,7,0,5,1,0,0,3,2,2,1,2,2,2,5,3,2
192,4,0,1,4,0,0,0,4,2,5,1,0,0,3,2,2,2,2,0,2,5,3,2
192,4,2,1,1,0,3,9,7,2,5,1,4,0,3,2,1,2,7,1,2,5,3,2
930,4,0,1,1,0,3,14,7,2,5,1,0,0,3,2,2,2,2,3,3,5,1,2
204,6,1,1,4,0,3,0,7,2,5,1,0,0,3,2,8,2,4,3,3,5,3,2
204,6,4,0,4,0,0,5,5,4,5,1,0,0,3,2,8,2,0,0,2,5,16,2
454,5,0,1,4,0,2,0,7,6,5,1,0,0,3,2,8,2,9,3,3,5,1,2
454,5,1,1,2,2,1,9,9,2,5,1,0,0,3,2,8,2,2,0,2,5,10,2
340,1,1,1,4,0,1,0,6,2,5,1,0,0,3,2,8,4,2,3,3,5,13,2
340,1,1,1,4,0,2,0,6,0,5,1,0,0,3,2,8,4,2,0,2,5,1,2
340,1,0,1,4,0,1,0,4,2,5,1,0,0,3,2,8,4,2,2,2,5,16,2
336,5,4,1,2,0,3,6,7,4,5,1,0,0,3,2,2,2,2,1,1,5,13,2
336,5,0,1,4,0,3,0,6,6,5,1,0,0,3,2,8,2,2,0,2,5,16,2
336,5,0,1,6,0,1,0,9,2,5,1,4,0,3,2,8,2,1,0,2,5,12,2
323,1,2,1,2,0,1,11,12,2,5,1,0,0,3,2,2,2,1,3,3,5,13,2
227,0,1,1,2,0,2,0,0,4,5,7,0,0,3,7,8,2,2,2,2,2,11,2
838,1,2,1,1,0,1,0,6,6,5,1,0,0,3,2,8,2,2,0,2,5,1,2
838,1,3,1,4,0,0,7,2,2,5,1,0,0,3,2,8,2,12,1,2,5,1,2
956,5,4,1,1,0,0,14,2,2,5,1,0,0,3,7,8,2,2,3,3,5,1,2
956,5,1,1,2,0,5,5,9,0,5,1,0,0,3,7,8,2,2,0,2,5,4,2
651,2,1,1,4,2,2,15,9,2,5,7,0,0,0,2,8,2,2,3,3,5,0,2
651,2,4,0,4,0,0,7,9,0,5,7,4,0,0,2,2,2,7,2,2,5,9,2
339,1,1,1,4,0,1,9,9,2,5,3,0,0,3,2,2,2,2,3,3,5,2,2
339,1,3,1,4,0,2,0,7,0,5,3,0,0,3,2,2,2,2,0,1,5,9,2
283,2,0,1,4,0,1,5,7,6,5,1,0,3,3,4,8,2,9,3,3,5,12,1
872,4,1,1,4,0,3,5,2,4,5,7,0,0,3,2,8,2,2,0,2,5,1,2
872,4,1,1,4,2,3,4,7,4,5,7,2,0,3,2,1,2,2,1,2,5,13,2
492,1,2,1,1,2,3,5,6,2,5,7,0,0,3,2,8,2,2,0,2,5,3,2
370,5,3,1,4,2,2,0,7,2,5,7,0,0,3,2,8,2,2,3,3,5,9,2
370,5,1,1,4,2,3,7,4,4,5,7,0,0,3,2,8,2,2,0,2,5,10,2
797,5,1,1,2,2,3,7,6,2,5,1,0,3,2,8,8,2,2,1,2,5,9,2
797,5,4,1,1,0,2,0,9,2,5,1,0,3,2,8,8,2,1,3,3,5,0,2
453,0,0,1,1,2,3,3,9,4,5,7,0,0,3,2,8,2,1,0,2,5,10,2
453,0,1,1,4,2,4,3,2,4,3,7,0,0,3,2,8,2,3,0,2,5,13,2
862,6,0,1,4,2,1,5,9,4,5,3,0,0,3,2,8,2,2,3,3,5,10,2
950,0,0,1,2,2,2,4,7,4,5,1,0,0,3,2,6,2,12,0,2,5,9,1
300,3,1,1,1,2,3,7,7,3,5,1,0,3,3,4,8,2,2,3,3,5,11,2
300,3,0,1,1,2,4,0,2,3,5,1,0,3,3,4,8,2,2,0,2,5,3,2
614,3,3,1,4,2,2,0,2,2,5,0,2,0,3,2,8,2,2,3,3,5,7,2
614,3,1,1,4,2,2,0,7,4,5,0,0,0,3,2,2,2,2,0,1,5,3,2
624,1,1,1,4,0,0,11,12,6,5,1,0,0,3,2,8,2,2,0,2,5,12,2
324,1,1,1,2,2,2,4,9,4,5,3,0,0,3,2,2,1,2,0,2,5,1,2
463,2,0,1,4,0,2,5,7,2,5,1,0,0,3,2,8,2,2,3,3,5,1,2
463,2,2,1,4,0,2,5,6,4,5,1,0,0,3,2,8,2,9,0,2,5,10,2
463,5,3,0,4,0,2,14,9,4,5,1,0,0,3,7,8,1,2,1,2,5,10,1
425,4,1,1,4,0,3,7,7,1,3,1,0,0,3,2,8,2,2,3,3,5,0,2
425,4,4,1,4,0,2,0,9,2,5,1,0,0,3,2,8,2,1,0,2,5,1,2
155,0,4,1,4,0,5,8,9,4,5,1,0,0,3,2,8,2,3,3,3,5,12,2