Time,Day_of_week,Age_band_of_driver,Sex_of_driver,Educational_level,Vehicle_driver_relation,Driving_experience,Type_of_vehicle,Area_accident_occured,Lanes_or_Medians,Road_allignment,Types_of_Junction,Road_surface_type,Road_surface_conditions,Light_conditions,Weather_conditions,Type_of_collision,Number_of_vehicles_involved,Vehicle_movement,Casualty_class,Casualty_severity,Pedestrian_movement,Cause_of_accident,Accident_severity
155,0,3,1,0,0,4,6,9,2,5,1,2,0,3,2,1,2,1,0,2,5,0,2
463,0,1,1,1,0,2,0,7,6,5,3,0,0,3,2,8,3,5,3,3,5,12,2
463,0,2,1,1,0,2,8,7,4,5,3,0,0,3,2,2,3,2,0,2,5,9,2
463,0,2,1,4,0,2,6,7,1,5,3,0,0,3,2,8,3,2,3,3,5,18,2
463,0,2,1,2,0,2,14,3,4,5,3,0,0,3,2,2,3,2,3,3,5,10,2
583,3,1,1,4,0,2,5,9,4,5,7,0,3,0,4,8,1,7,0,2,5,10,2
890,4,0,1,4,0,1,15,9,1,5,1,0,0,3,2,8,2,1,2,2,6,10,2
890,4,1,1,6,0,2,0,9,4,5,1,0,0,3,2,1,2,2,1,2,5,0,2
950,5,1,1,4,0,3,3,7,2,5,0,0,3,3,4,8,2,2,3,3,5,12,2
950,5,4,1,4,0,0,0,6,2,5,0,3,3,3,4,8,2,2,0,2,5,2,2
430,5,0,1,6,0,4,9,7,6,5,0,0,3,3,4,8,2,7,3,3,5,16,2
430,5,2,1,1,0,0,4,6,0,5,0,0,3,3,4,8,2,2,0,2,5,13,2
945,6,2,1,4,0,2,8,9,2,5,1,0,3,3,3,1,1,8,2,2,1,0,1
499,4,3,1,1,0,3,5,6,0,1,3,0,0,3,2,8,2,5,2,2,5,11,1
499,4,3,1,4,0,2,7,6,0,5,3,0,0,3,2,8,2,2,3,3,5,0,1
499,4,3,1,1,0,1,0,7,0,5,3,0,0,3,2,8,2,7,0,2,5,10,1
89,6,4,1,4,0,1,3,6,2,5,1,0,0,3,2,8,1,2,2,2,1,9,1
1009,3,1,1,4,0,1,3,6,1,5,1,0,0,3,2,8,2,7,0,2,5,13,2
278,1,4,0,4,2,4,0,7,4,5,1,0,0,3,2,8,2,2,0,2,5,10,2
467,6,2,1,4,0,3,15,9,2,1,7,0,0,3,2,8,3,2,3,3,5,10,2
467,6,3,1,4,0,1,3,2,2,5,7,0,0,3,2,2,3,2,2,2,5,0,2
467,6,3,1,1,0,3,4,7,2,5,7,0,0,3,2,8,3,2,0,1,5,0,2
467,6,2,1,1,0,3,4,9,2,5,7,0,0,3,2,8,3,2,3,3,5,11,2
187,6,0,1,1,1,3,3,7,4,5,7,0,0,3,2,8,2,1,0,1,5,0,2
187,6,1,1,4,0,3,16,9,4,5,7,0,0,3,2,8,2,2,3,3,5,3,2
24,5,4,1,4,0,4,3,9,2,5,1,0,0,0,2,8,3,2,0,2,5,3,1
24,5,1,1,1,0,2,3,7,2,5,1,0,0,0,2,8,3,2,3,3,5,11,1
24,5,0,1,4,0,1,10,7,2,5,1,0,0,0,2,8,3,7,2,2,5,7,1
333,3,4,0,4,0,3,0,7,4,5,7,2,1,3,4,8,2,9,0,1,5,10,2
333,3,0,1,4,0,4,0,7,0,5,7,0,1,3,4,8,2,2,2,2,5,0,2
580,3,0,1,4,2,1,8,9,2,5,7,0,0,0,2,8,1,2,3,3,5,12,1
584,3,0,1,6,0,1,14,7,6,5,1,0,0,2,2,2,2,2,3,3,5,11,2
646,3,3,1,2,0,1,0,7,4,5,1,0,0,2,2,2,2,2,3,3,5,12,2
646,3,3,1,4,0,0,0,6,4,5,1,0,0,2,2,1,2,2,0,2,5,3,2
395,6,0,1,2,0,2,3,6,1,5,1,3,0,3,2,8,2,2,3,3,5,1,2
395,6,1,1,1,0,1,10,6,4,5,1,0,0,3,2,8,2,2,0,1,5,0,2
395,6,1,1,4,0,0,10,7,4,5,1,0,0,3,2,1,2,2,2,2,6,9,2
283,5,0,1,1,0,0,4,7,0,5,1,0,0,3,2,8,2,2,0,2,5,3,2
283,5,0,1,2,0,5,4,6,3,5,1,4,0,3,2,8,2,2,3,3,5,4,2
760,0,4,0,4,2,2,8,9,6,5,7,0,0,0,7,8,2,2,3,3,5,4,2
760,0,3,1,4,0,0,0,1,4,5,7,0,0,0,7,8,2,2,2,2,6,11,2
472,2,1,1,4,0,1,0,7,6,5,1,0,0,3,2,8,2,2,3,3,5,0,1
472,2,4,1,4,0,2,0,9,6,5,1,0,0,3,2,8,2,7,0,1,5,1,1
865,6,1,1,4,0,1,0,7,1,5,1,0,0,3,2,8,2,2,3,3,5,7,2
865,6,1,1,4,0,3,14,7,2,5,1,0,0,3,2,8,2,2,0,2,5,5,2
206,1,0,1,1,2,3,13,6,2,5,1,0,0,3,2,8,2,7,2,2,5,9,2
274,1,2,1,4,2,2,8,6,2,5,1,0,0,3,2,8,2,9,0,2,5,1,2
617,6,1,1,2,2,3,5,12,4,5,7,3,0,3,2,8,2,2,3,3,5,12,1
858,5,1,1,1,0,2,0,6,2,5,0,0,0,3,7,8,2,2,3,3,5,0,2
288,2,2,1,1,2,3,0,12,2,5,7,0,0,3,2,2,2,2,3,3,5,17,2
147,2,0,1,4,2,1,14,7,2,5,1,0,0,3,2,2,1,3,2,1,6,3,0
472,5,4,1,2,2,2,11,7,2,5,1,0,0,3,2,1,2,9,3,3,5,0,2
274,6,4,1,1,2,3,0,7,4,5,1,0,0,3,2,8,2,2,2,2,5,10,2
274,6,2,1,1,2,4,2,4,4,5,1,0,0,3,2,1,2,2,0,2,5,0,2
274,6,2,1,4,2,2,0,1,4,5,1,0,0,3,2,8,2,2,3,3,5,10,2
331,2,4,0,4,2,2,5,2,2,5,7,0,0,3,2,8,2,2,0,2,5,0,2
364,6,0,1,4,0,0,10,7,2,5,1,0,3,3,4,8,2,9,0,2,5,10,2
364,6,1,1,2,2,2,13,6,4,5,1,0,3,3,4,8,2,2,2,2,5,10,2
478,4,1,1,4,0,2,0,6,2,5,1,0,0,3,2,8,2,1,1,2,5,0,2
478,4,1,1,4,0,2,10,7,2,5,1,0,0,3,2,8,2,1,1,2,5,1,2
143,4,1,1,4,0,3,5,6,6,7,0,0,0,3,2,8,2,5,3,3,5,1,2
150,2,2,1,4,0,2,5,9,6,5,7,0,0,3,2,8,2,7,2,2,5,10,2
150,2,1,1,4,0,5,9,12,2,5,7,0,0,3,2,8,2,2,3,3,5,16,2
150,2,1,1,0,0,4,5,6,2,2,7,0,0,3,2,8,2,1,0,2,5,13,2
900,4,0,1,1,0,2,5,7,6,5,0,0,0,3,2,6,1,1,3,3,5,13,2
454,0,1,1,1,0,2,9,7,4,5,7,0,0,3,2,2,2,7,0,2,5,1,2
454,0,1,1,4,0,2,11,2,6,5,7,0,0,3,2,8,2,9,0,1,5,11,2
119,2,1,1,2,0,2,0,6,2,5,1,0,0,3,2,8,2,3,3,3,5,12,2
119,2,1,1,4,0,2,8,7,2,5,1,2,0,3,2,8,2,2,0,2,5,0,2
645,2,2,1,4,0,1,14,6,2,6,0,0,0,0,2,1,1,2,3,3,5,0,1
501,0,4,1,6,0,2,7,6,2,5,7,0,0,3,2,1,2,2,2,2,6,16,2
501,0,0,1,4,0,0,0,2,4,2,7,0,0,3,2,8,2,7,1,2,5,12,2
422,0,4,1,6,0,4,14,6,4,1,0,0,0,3,3,1,2,2,0,2,5,1,2
422,0,2,1,1,0,0,8,7,0,1,0,0,0,3,3,1,2,2,3,3,5,0,2
798,2,0,1,4,0,2,5,7,2,5,1,0,0,0,2,1,1,2,1,1,5,10,2
509,0,0,1,4,0,0,0,2,5,7,1,0,0,3,2,8,2,2,0,2,5,3,2
495,2,0,1,4,0,1,5,2,2,5,1,0,0,3,2,8,2,2,2,2,5,3,2
495,2,1,1,4,2,4,5,6,4,5,1,3,0,3,2,8,2,2,0,2,5,9,2
1024,3,1,1,6,0,2,5,7,6,5,1,0,0,3,2,2,2,2,3,3,5,10,2
1024,3,2,1,6,0,2,8,2,2,4,1,2,0,3,2,8,2,2,3,3,5,10,2
79,6,3,1,4,0,2,8,7,0,5,3,0,0,3,2,8,2,7,0,2,5,10,2
79,6,0,1,4,0,1,0,7,0,5,3,0,0,3,2,8,2,3,3,3,5,0,2
163,2,1,1,4,0,3,7,6,2,1,1,0,0,3,2,8,1,2,0,2,5,0,2
983,4,1,1,4,0,3,0,7,2,5,7,0,0,3,2,6,2,2,0,2,5,1,2
71,1,4,1,4,0,1,6,9,2,5,1,0,0,3,2,8,1,2,3,3,5,12,2
336,4,0,1,4,0,4,0,6,2,5,1,0,0,3,7,8,1,2,3,3,5,9,2
348,4,0,1,4,0,4,0,2,1,5,1,0,0,3,2,8,2,2,2,2,5,3,2
716,0,1,1,4,0,1,3,0,6,3,1,0,0,0,2,8,1,2,0,2,5,5,2
104,1,2,1,4,0,1,0,7,4,7,1,0,0,3,2,2,2,2,3,3,5,12,1
104,1,2,1,4,0,2,11,2,4,5,1,0,0,3,2,8,2,2,2,2,5,3,1
613,3,1,1,2,0,3,8,9,4,5,1,0,0,0,2,8,2,2,0,1,5,9,2
613,3,1,1,2,0,3,5,7,4,5,1,0,0,0,2,8,2,2,1,2,5,3,2
613,3,1,1,4,0,2,0,7,2,5,1,0,0,0,2,1,2,2,0,2,5,12,2
860,0,4,1,1,0,0,10,7,0,5,1,0,0,3,2,8,2,3,1,2,5,1,2
860,0,1,1,1,0,2,0,1,2,5,1,0,0,3,2,8,2,3,0,1,5,0,2
300,2,1,1,4,0,2,11,1,1,5,1,0,0,3,3,8,2,3,3,3,5,12,2
300,2,3,1,4,0,0,9,7,2,5,1,0,0,3,3,8,2,4,0,2,5,3,2
27,4,4,0,4,2,2,0,6,2,5,1,0,0,0,2,8,1,2,2,2,6,9,2
831,1,0,1,2,2,3,5,9,2,5,0,0,3,0,4,2,2,11,0,2,5,10,2
684,5,1,1,6,2,2,8,9,4,3,7,0,3,0,4,8,1,1,3,3,5,0,1
492,6,4,1,0,0,3,9,2,0,5,7,2,0,0,2,8,2,2,1,2,5,10,2
492,6,3,1,2,0,4,0,7,1,5,7,0,0,0,2,8,2,2,3,3,5,0,2
907,5,1,1,4,0,0,0,6,2,7,1,0,0,3,2,8,2,2,0,2,5,3,2
907,5,4,0,4,0,3,0,7,4,5,1,4,0,3,2,8,2,9,2,1,5,0,2
348,4,2,1,4,2,3,14,1,2,3,4,0,0,3,2,8,2,7,0,2,5,10,2
348,4,0,1,4,0,3,7,7,4,5,4,0,0,3,2,8,2,3,3,3,5,1,2
311,6,0,1,4,0,5,7,6,2,5,1,0,0,3,2,8,2,4,2,2,6,10,1
311,6,2,1,4,0,0,7,9,4,5,1,0,0,3,2,8,2,2,2,2,0,4,1
311,6,2,1,3,2,0,10,6,1,5,1,0,0,3,2,8,2,2,3,3,5,10,1
331,4,2,1,4,2,4,5,6,2,5,1,0,0,3,2,5,2,2,0,2,5,16,2
331,4,2,1,4,2,0,9,2,0,5,1,0,0,3,2,8,2,2,3,3,5,5,2
691,2,1,1,4,2,1,0,2,4,5,1,0,0,0,2,2,2,2,0,2,5,11,1
691,2,0,1,5,2,2,0,9,4,5,1,0,0,0,2,8,2,2,2,2,5,9,1
691,2,0,1,5,2,3,14,7,4,5,1,0,0,0,2,8,2,2,0,2,5,1,1
940,0,1,1,4,2,1,5,7,6,5,3,0,0,3,2,8,3,2,3,3,5,0,2
940,0,1,1,6,2,2,5,9,4,5,3,0,0,3,2,8,3,4,3,3,5,5,2
101,3,0,1,4,2,2,9,9,4,5,1,0,0,3,2,2,2,2,3,3,5,12,0
101,3,0,1,4,2,4,7,7,2,5,1,0,0,3,2,2,2,3,2,2,5,0,0
101,3,0,1,4,2,1,9,7,2,5,1,0,0,3,2,8,2,2,0,2,5,1,0
101,3,0,1,1,0,1,7,1,2,5,1,0,0,3,2,2,2,3,2,2,6,1,0
629,1,3,1,4,0,1,14,12,2,5,7,0,0,0,2,8,2,2,3,3,5,0,2
629,1,3,1,4,0,2,0,6,4,5,7,3,0,0,2,8,2,2,3,3,5,7,2
1007,6,0,1,4,0,3,13,9,4,5,0,0,0,3,2,8,2,2,3,3,5,0,1
150,6,2,1,1,0,2,5,7,4,5,1,0,0,3,2,8,2,4,0,2,5,5,2
150,6,2,1,4,0,2,5,7,6,3,1,0,0,3,2,8,2,2,2,2,5,3,2
288,1,4,1,4,0,3,11,6,1,3,1,0,3,3,4,8,2,3,0,2,5,9,2
1006,5,4,1,4,2,2,0,7,2,5,1,0,0,3,2,8,2,3,0,2,5,12,2
1006,5,1,1,4,0,2,0,9,4,5,1,0,0,3,2,1,2,2,3,3,5,17,2
264,4,0,1,4,0,4,11,2,2,5,1,0,3,3,4,8,2,2,1,2,5,0,2
435,3,0,1,4,0,2,8,6,1,5,3,0,0,3,2,8,2,2,2,1,6,9,2
435,3,0,1,4,0,2,4,9,2,5,3,0,0,3,2,8,2,4,0,1,5,12,2
625,2,0,1,4,0,3,8,7,1,5,1,0,0,0,2,8,1,2,3,3,5,12,2
423,6,1,1,2,0,3,13,4,2,5,3,0,0,0,2,8,2,2,2,2,6,10,2
423,6,1,1,4,0,3,4,2,2,5,3,0,0,0,2,8,2,2,2,2,1,10,2
970,6,4,1,4,0,2,7,6,4,5,1,0,0,3,2,8,1,2,3,3,5,0,2
404,2,2,1,4,0,1,7,5,2,7,1,3,3,0,3,2,1,7,0,2,5,3,1
668,1,3,1,4,0,4,0,2,2,3,1,0,0,0,2,8,2,2,3,3,5,9,2
668,1,3,1,4,0,4,7,6,6,7,1,0,0,0,2,2,2,7,0,2,5,9,2
668,1,4,1,4,0,1,0,2,2,3,1,0,0,0,2,8,2,4,3,3,5,1,2
472,5,3,1,4,0,4,5,11,6,5,0,0,3,0,0,8,2,2,3,3,5,10,2
206,0,0,1,1,0,3,5,9,4,5,0,0,3,3,2,2,2,2,0,2,5,10,2
420,5,0,1,1,0,4,5,6,4,5,7,0,3,0,2,8,4,2,0,2,5,7,2
925,6,3,1,4,0,1,5,6,2,5,3,0,3,3,2,8,2,2,3,3,5,17,2
925,6,0,1,2,0,0,5,7,4,5,3,0,3,3,2,2,2,2,0,2,5,5,2
176,6,0,1,4,0,2,7,7,2,5,1,0,0,3,2,2,1,3,1,2,5,1,1
430,6,1,1,4,0,4,0,7,2,5,7,0,3,3,3,8,2,2,3,3,5,0,1
916,1,4,0,4,0,0,7,6,2,5,1,0,0,3,3,8,2,9,3,3,5,9,2
916,1,0,1,1,0,1,0,2,1,5,1,0,0,3,3,6,2,2,0,2,5,9,2
964,6,4,0,2,0,0,11,7,4,5,1,0,0,3,2,8,1,2,1,2,5,7,2
916,4,0,1,4,0,2,14,7,1,5,0,0,0,3,2,2,1,2,3,3,5,0,2
340,6,0,1,4,0,4,0,7,2,5,7,0,0,3,2,1,2,2,3,3,5,0,2
340,6,1,1,2,0,3,5,7,2,5,7,0,0,3,2,8,2,2,0,2,5,12,2
340,6,1,1,1,2,2,7,6,4,5,7,0,0,3,2,8,2,2,2,2,0,1,2
340,6,1,1,1,0,4,10,6,3,5,7,0,0,3,2,8,2,2,3,3,5,1,2
405,5,4,1,4,0,2,7,9,4,5,1,0,3,0,2,8,2,2,0,2,5,3,2
405,5,0,1,1,2,2,7,6,1,5,1,0,3,0,2,8,2,2,3,3,5,0,2
458,3,1,1,4,0,1,12,9,2,5,7,0,0,0,2,8,1,9,0,2,5,1,1
97,2,0,1,4,0,2,5,7,2,5,0,0,3,3,4,2,2,7,0,2,5,3,2
97,2,1,1,2,0,0,8,6,1,5,0,0,3,3,4,6,2,4,2,2,1,10,2
463,5,4,1,4,0,3,4,12,4,5,4,0,0,0,2,8,2,2,2,2,5,12,2
463,5,3,1,1,2,1,0,9,1,5,4,0,0,0,2,1,2,2,2,2,5,12,2
463,5,3,1,4,0,2,0,6,4,5,4,0,0,0,2,8,2,9,3,3,5,12,2
463,5,3,1,4,0,4,8,9,4,5,4,0,0,0,2,8,2,4,0,1,5,0,2
463,5,3,1,4,0,2,0,6,4,5,4,0,0,0,2,1,2,2,0,2,5,9,2
463,5,3,1,2,0,3,7,9,1,5,4,0,0,0,2,1,2,2,3,3,5,3,2
327,0,4,1,4,0,2,5,7,6,5,3,0,0,3,2,8,2,4,3,3,5,5,2
327,0,0,1,1,0,0,10,7,2,5,3,0,0,3,2,8,2,2,0,2,5,1,2
492,4,1,1,0,0,0,14,6,2,5,7,0,0,0,2,8,2,2,2,2,5,1,2
492,4,1,1,4,0,3,7,9,2,5,7,0,0,0,2,8,2,9,0,2,5,4,2
237,6,4,1,4,0,0,8,7,2,5,7,0,0,3,2,2,2,2,2,2,2,9,1
237,6,3,1,4,0,2,10,7,4,5,7,0,0,3,2,8,2,3,0,2,5,12,1
477,5,0,1,4,0,1,8,2,4,5,1,0,0,0,2,8,2,2,3,3,5,0,2
336,0,1,1,4,0,1,5,7,1,5,1,0,0,3,2,8,2,7,0,2,5,12,2
336,0,0,1,4,0,3,8,6,4,5,1,0,0,3,2,8,2,7,3,3,5,12,2
264,5,4,1,4,0,0,3,6,2,5,7,0,3,3,3,8,2,7,1,2,5,10,2
691,1,4,1,0,0,5,7,7,4,5,0,0,2,0,6,8,2,2,3,3,5,3,1
691,1,1,1,4,0,2,10,6,2,5,0,0,2,0,6,8,2,2,0,2,5,1,1
415,5,4,0,4,0,3,13,6,4,5,7,0,0,0,2,8,2,3,0,2,5,3,2
415,5,1,1,4,0,3,5,7,4,5,7,0,0,0,2,8,2,2,3,3,5,0,2
984,6,3,1,4,2,2,5,7,6,3,1,0,3,3,2,8,2,3,0,2,5,3,2
984,6,1,1,1,0,1,11,6,1,3,1,0,3,3,2,8,2,3,3,3,5,3,2
805,3,0,1,4,0,1,0,9,2,5,0,0,0,0,3,2,2,2,2,2,5,5,2
805,3,0,1,4,0,4,0,7,2,5,0,0,0,0,3,8,2,4,2,2,1,3,2
310,3,0,1,4,0,1,0,9,4,5,1,0,3,3,8,8,2,2,3,3,5,10,1
310,3,0,1,4,0,1,11,2,2,5,1,0,3,3,8,8,2,4,0,2,5,3,1
310,3,0,1,1,0,2,4,9,2,5,1,0,3,3,8,8,2,2,2,2,5,4,1
310,3,4,1,4,0,3,8,6,1,5,1,0,3,3,8,1,2,7,2,2,1,16,1
963,6,3,1,4,0,1,8,7,1,5,7,0,0,3,2,8,2,2,2,2,1,3,1
239,6,4,1,4,0,2,13,4,2,5,1,0,0,3,2,8,2,2,1,2,5,12,2
239,6,1,1,0,0,1,4,2,2,5,1,0,0,3,2,8,2,2,1,2,5,12,2
584,2,0,1,4,0,3,7,6,4,5,1,0,0,0,0,8,3,4,3,3,5,9,2
584,2,0,1,4,0,4,7,5,2,7,1,0,0,0,0,1,3,2,0,2,5,10,2
584,2,4,1,4,0,1,0,2,2,3,1,0,0,0,0,8,3,2,3,3,5,0,2
828,2,0,1,4,0,4,7,6,6,7,1,0,3,0,4,8,1,2,0,2,5,0,2
964,6,4,1,2,0,2,0,2,2,3,1,0,0,3,2,8,1,2,2,2,5,11,2
458,5,2,1,0,0,0,10,6,6,7,1,0,0,0,2,8,2,7,0,2,5,9,2
458,5,0,1,4,0,4,5,6,4,5,1,0,0,0,2,2,2,2,0,2,5,0,2
264,2,1,1,2,0,4,0,9,2,5,1,0,0,3,2,8,3,4,3,3,5,12,2
890,5,0,1,4,0,3,5,9,4,5,1,0,0,0,2,8,2,9,3,3,5,7,2
557,2,1,1,4,0,3,15,6,4,5,1,0,0,0,2,8,1,2,0,2,5,11,1
916,5,1,1,4,0,2,5,6,4,5,1,0,3,3,2,2,2,2,0,2,5,0,1
916,5,0,1,4,0,0,5,9,4,5,1,0,3,3,2,8,2,7,3,3,5,10,1
278,6,4,1,5,0,4,7,6,4,5,1,0,0,3,2,8,2,4,0,2,5,3,2
278,6,1,1,4,0,4,14,6,4,5,1,0,0,3,2,8,2,2,3,3,5,10,2
363,2,4,1,4,2,0,5,6,2,5,1,0,3,3,2,6,2,3,0,2,5,16,2
772,4,4,1,4,0,2,5,7,4,5,7,0,0,0,2,8,1,7,3,3,5,3,2
458,6,1,1,1,0,1,7,7,2,5,7,0,3,0,2,8,2,2,2,2,5,9,2
458,6,0,1,1,2,2,0,7,2,5,7,0,3,0,2,2,2,2,3,3,5,10,2
492,4,1,1,4,0,2,15,12,4,6,4,0,3,0,4,8,2,2,2,2,6,3,2
1028,4,0,1,2,0,2,5,9,4,6,7,0,0,3,3,8,1,2,3,3,5,3,2
405,5,3,1,4,0,3,0,2,1,5,1,0,3,3,4,2,1,2,3,3,5,3,2
996,0,3,1,4,0,1,14,7,1,5,7,0,0,3,2,8,2,2,2,2,5,0,2
236,1,2,1,1,0,2,7,6,4,5,1,0,3,3,4,8,2,7,0,2,5,1,2
236,1,1,1,4,0,2,10,6,3,5,1,0,3,3,4,8,2,2,0,2,5,5,2
134,2,0,1,4,0,3,7,9,4,5,0,0,0,3,2,8,2,2,3,3,5,1,2
134,2,1,1,4,0,1,7,6,1,5,0,0,0,3,2,2,2,2,3,3,5,0,2
520,0,3,1,4,2,3,12,9,2,5,1,0,3,0,2,8,3,2,0,2,5,9,2
520,0,3,1,4,0,1,5,6,4,5,1,0,3,0,2,8,3,2,2,2,5,10,2
520,0,2,1,1,1,2,5,7,2,5,1,0,3,0,2,8,3,2,3,3,5,1,2
520,0,4,0,1,0,2,8,6,1,5,1,0,3,0,2,6,3,4,0,2,5,9,2
699,6,2,1,4,0,2,0,9,1,5,1,0,3,0,2,8,3,4,2,2,5,4,1
699,6,4,0,1,0,3,0,6,4,5,1,0,3,0,2,1,3,2,2,2,5,4,1
405,6,2,1,4,0,2,6,6,4,5,1,0,0,0,2,8,2,2,0,2,5,9,2
405,6,1,1,1,0,0,5,6,2,5,1,0,0,0,2,8,2,4,3,3,5,16,2
515,4,2,1,2,2,1,7,4,4,5,7,0,0,3,2,8,3,2,0,2,5,5,2
385,0,2,1,4,0,0,7,6,2,5,0,0,0,3,2,8,1,2,3,3,5,10,2
915,5,4,1,4,0,0,15,1,2,5,1,0,0,3,2,8,3,2,0,2,5,9,2
915,5,0,1,0,2,1,0,9,2,5,1,0,0,3,2,8,3,2,3,3,5,0,2
211,0,2,1,1,2,1,3,2,4,3,7,0,0,3,2,8,2,3,0,2,5,10,2
211,0,2,1,4,0,0,5,9,4,5,7,0,0,3,2,2,2,2,1,2,5,2,2
352,0,1,1,4,0,4,4,7,4,5,1,0,0,3,2,6,2,9,3,3,5,12,2
438,2,1,1,4,0,1,0,7,3,5,7,0,3,0,4,8,1,2,3,3,5,10,2
569,5,0,1,4,0,2,15,2,3,5,1,0,3,0,3,8,2,2,1,2,5,18,2
569,5,0,1,4,0,3,7,7,3,5,1,0,3,0,3,8,2,2,3,3,5,10,2
911,4,2,1,1,0,1,0,2,3,5,7,0,0,3,2,8,1,2,0,2,5,1,2
906,0,0,1,1,2,3,0,2,2,5,7,0,3,3,4,8,2,2,0,2,5,10,2
906,0,1,1,4,0,0,0,7,4,5,7,0,3,3,4,1,2,2,2,2,5,0,2
201,2,0,1,4,0,2,0,7,4,5,7,0,0,3,2,6,3,2,0,2,5,3,2
201,2,1,1,4,0,1,11,12,6,5,7,0,0,3,2,8,3,2,3,3,5,1,2
201,2,1,1,4,0,1,5,7,2,5,7,0,0,3,2,8,3,4,3,3,5,10,2
676,2,4,1,4,0,1,5,6,4,5,3,0,0,0,7,8,2,1,0,2,5,11,2
676,2,0,1,4,0,3,14,9,4,5,3,0,0,0,7,8,2,2,2,2,5,11,2
685,1,4,1,4,0,3,7,7,1,3,5,0,3,3,3,4,2,2,2,2,7,12,2
685,1,3,1,1,0,2,0,9,2,5,5,0,3,3,3,8,2,2,0,2,5,0,2
456,6,3,1,1,0,2,0,7,6,5,1,0,0,3,2,8,2,3,2,2,6,12,2
456,6,1,1,4,0,2,8,7,4,5,1,0,0,3,2,8,2,4,0,2,5,10,2
82,2,2,1,4,0,3,6,7,1,5,7,0,0,3,2,1,2,2,3,3,5,10,2
82,2,1,1,4,0,2,14,3,4,5,7,0,0,3,2,8,2,2,3,3,5,1,2
410,1,4,1,4,0,3,5,9,4,5,7,0,0,3,2,8,2,2,0,2,5,0,1
930,5,0,1,1,0,2,0,9,4,5,1,0,0,3,2,6,2,2,0,2,5,17,2
930,5,0,1,1,0,0,3,7,2,5,1,0,0,3,2,2,2,2,3,3,5,12,2
979,4,4,1,1,0,2,0,6,2,5,1,0,0,3,2,8,2,2,0,2,5,9,2
979,4,0,1,1,0,2,9,7,6,5,1,0,0,3,2,8,2,2,3,3,5,5,2
380,5,1,1,1,0,1,4,6,0,5,1,0,0,3,2,2,3,2,0,2,5,9,2
380,5,4,1,1,0,2,8,9,2,5,1,0,0,3,2,8,3,2,0,2,5,1,2
548,6,0,1,4,0,3,7,6,0,5,1,0,3,0,2,8,3,2,0,2,5,5,2
548,6,2,1,4,0,3,0,7,0,5,1,0,3,0,2,6,3,2,3,3,5,3,2
548,6,0,1,1,0,4,3,6,2,5,1,0,3,0,2,6,3,2,0,2,5,10,2
964,5,0,1,1,0,1,0,7,4,5,1,0,3,3,2,8,2,2,2,2,5,5,2
964,5,2,1,1,0,1,15,9,2,1,1,0,3,3,2,1,2,2,0,2,5,1,2
653,1,3,1,4,0,3,3,2,2,5,0,0,0,0,2,1,2,2,0,2,5,1,2
653,1,3,1,4,0,4,4,7,2,5,0,0,0,0,2,8,2,9,3,3,5,1,2
653,1,1,1,4,0,1,4,9,2,5,0,0,0,0,2,8,2,3,2,2,1,9,2
895,0,0,1,1,0,2,3,7,4,5,7,0,0,3,2,8,2,2,1,2,5,10,2
895,0,1,1,1,0,2,16,9,4,5,7,0,0,3,2,2,2,2,3,3,5,15,2
182,0,4,0,1,0,0,3,9,2,5,0,0,0,3,2,8,1,3,0,2,5,10,2
425,0,2,1,4,0,0,10,7,2,5,7,0,0,0,2,8,2,3,2,2,6,10,2
80,4,0,1,1,2,0,0,7,0,5,0,0,0,3,2,8,2,2,2,2,5,10,2
131,3,1,1,4,0,2,8,9,2,5,3,0,3,3,2,8,2,2,3,3,5,1,1
679,2,1,1,4,0,1,14,7,6,5,7,0,3,0,2,8,1,4,1,2,5,12,1
536,1,0,1,4,2,4,0,7,4,5,7,0,3,0,4,2,2,7,0,2,5,9,1
314,0,1,1,2,0,4,0,6,4,5,1,0,0,3,2,2,1,2,3,3,5,3,2
216,1,1,1,4,0,4,10,6,4,5,0,0,0,3,2,8,4,2,0,2,5,11,2
216,1,1,1,4,0,1,10,7,4,5,0,0,0,3,2,8,4,2,3,3,5,10,2
216,1,1,1,4,0,1,4,7,0,5,0,0,0,3,2,8,4,3,0,2,5,10,2
274,4,4,1,4,0,2,4,6,3,5,1,0,0,3,2,8,1,2,0,1,5,17,2
570,2,1,1,1,0,2,8,9,6,5,7,0,3,0,4,8,1,2,3,3,5,10,1
463,1,0,1,4,0,2,0,7,6,5,7,0,3,0,4,8,2,2,0,2,5,9,2
463,1,0,1,4,2,2,0,9,6,5,7,0,3,0,4,8,2,2,1,2,5,11,2