Time,Day_of_week,Age_band_of_driver,Sex_of_driver,Educational_level,Vehicle_driver_relation,Driving_experience,Type_of_vehicle,Area_accident_occured,Lanes_or_Medians,Road_allignment,Types_of_Junction,Road_surface_type,Road_surface_conditions,Light_conditions,Weather_conditions,Type_of_collision,Number_of_vehicles_involved,Vehicle_movement,Casualty_class,Casualty_severity,Pedestrian_movement,Cause_of_accident,Accident_severity
216,5,2,1,3,0,1,3,7,6,5,7,0,0,3,2,8,1,3,3,3,5,0,2
287,5,2,1,4,0,2,3,7,6,5,7,0,0,3,2,5,2,2,0,2,5,0,2
287,5,1,1,4,0,4,0,7,1,5,7,0,0,3,2,8,2,2,3,3,5,7,2
418,3,2,1,4,0,0,14,7,2,5,1,0,3,3,4,2,1,3,0,2,5,10,1
76,0,1,1,1,0,1,7,12,4,5,1,0,0,3,2,8,2,2,3,3,5,1,2
76,0,2,1,1,0,2,13,6,2,5,1,0,0,3,2,8,2,9,0,2,5,9,2
538,1,1,1,4,0,2,5,6,2,5,1,0,3,0,2,8,2,9,3,3,5,2,2
580,0,4,0,4,0,3,5,12,4,5,7,0,0,0,7,2,2,2,3,3,5,10,2
580,0,1,1,4,2,3,6,6,2,5,7,1,0,0,7,2,2,2,0,1,5,1,2
484,6,4,1,4,0,6,0,6,2,5,1,0,0,3,2,8,2,2,3,3,5,1,2
484,6,1,1,4,0,2,0,12,2,5,1,0,0,3,2,2,2,2,0,2,5,10,2
80,1,4,1,1,0,2,14,7,2,5,7,0,0,3,2,8,2,3,0,2,5,3,2
386,5,4,1,2,2,2,11,7,2,5,7,0,0,3,2,2,2,2,2,2,5,1,2
386,5,0,1,4,0,3,11,9,4,5,7,0,0,3,2,8,2,2,2,2,5,17,2
288,4,3,1,4,0,1,14,7,4,5,7,0,0,3,2,8,2,2,2,2,5,1,2
288,4,0,1,1,0,1,0,7,4,5,7,0,0,3,2,8,2,2,0,2,5,9,2
400,0,2,1,2,2,3,2,4,4,5,1,0,3,0,2,8,2,2,3,3,5,10,2
400,0,0,1,1,0,0,0,1,4,5,1,0,3,0,2,8,2,2,2,2,5,17,2
283,2,0,1,4,0,3,5,2,2,5,7,0,3,3,2,8,2,2,2,2,5,3,2
93,0,1,1,4,2,2,10,7,2,5,4,0,0,3,2,8,3,2,3,3,5,2,2
93,0,1,1,0,0,2,13,6,4,5,4,0,0,3,2,2,3,2,2,1,6,0,2
93,0,4,0,4,0,2,0,6,2,5,4,0,0,3,2,8,3,2,2,2,1,3,2
428,4,3,1,4,0,3,10,7,2,5,4,0,0,0,2,8,2,2,3,3,5,10,2
996,5,1,1,4,0,1,5,6,6,7,7,0,0,3,2,8,2,2,3,3,5,11,2
996,5,1,1,4,0,4,5,9,6,5,7,0,0,3,2,8,2,3,0,2,5,9,2
173,6,1,1,4,0,3,9,12,2,5,7,0,3,3,4,8,2,3,1,2,5,9,2
173,6,2,1,4,0,0,5,6,2,2,7,0,3,3,4,8,2,2,0,2,5,16,2
815,2,4,0,0,0,2,5,7,6,5,7,0,0,0,2,8,2,2,3,3,5,0,2
815,2,1,1,4,0,2,9,7,4,5,7,0,0,0,2,8,2,2,0,2,5,1,2
455,2,0,1,1,2,4,11,2,6,5,5,0,0,0,2,2,3,2,3,3,5,16,2
455,2,1,1,4,0,3,8,7,2,5,5,0,0,0,2,2,3,2,1,2,5,13,2
748,3,1,1,4,0,0,7,6,2,5,1,0,0,0,2,8,2,4,0,2,5,1,1
357,1,3,1,4,0,3,14,6,4,1,7,0,0,3,2,8,2,5,3,3,5,11,2
357,1,1,1,4,2,1,8,7,0,1,7,0,0,3,2,8,2,7,0,2,5,10,2
357,1,1,1,4,0,2,5,7,2,5,7,0,0,3,2,8,2,2,3,3,5,12,2
357,1,1,1,4,0,1,0,2,5,7,7,0,0,3,2,1,2,4,3,3,5,10,2
29,4,2,1,4,0,1,5,6,4,5,1,0,3,2,3,8,2,4,1,2,5,1,2
786,2,0,1,4,0,1,0,7,0,5,1,0,0,0,2,8,2,3,3,3,5,16,2
700,2,0,1,4,0,1,7,6,2,1,3,0,0,0,2,8,3,2,0,2,5,14,2
700,2,4,1,4,0,0,0,7,2,5,3,0,0,0,2,2,3,2,0,2,5,8,2
700,2,4,1,4,2,1,0,9,2,5,3,0,0,0,2,8,3,2,3,3,5,13,2
700,2,4,1,2,2,1,11,6,2,5,3,0,0,0,2,8,3,3,2,2,6,0,2
617,4,0,1,0,0,0,0,6,4,5,7,0,3,0,2,8,2,2,3,3,5,12,2
405,6,4,1,2,0,0,5,6,6,6,1,0,0,3,2,1,2,2,0,2,5,10,2
926,4,1,1,2,0,3,0,9,4,5,1,0,0,3,2,8,2,3,2,2,5,12,2
926,4,1,1,1,0,2,11,9,6,5,1,0,0,3,2,8,2,2,0,2,5,13,2
974,1,4,1,2,0,0,5,4,6,5,1,0,0,3,2,8,1,2,3,3,5,3,2
474,0,3,1,2,0,2,0,9,4,5,1,0,0,3,2,8,2,2,2,2,1,0,2
474,0,1,1,2,0,1,4,9,6,5,1,0,0,3,2,8,2,2,2,2,5,3,2
66,2,4,1,4,0,0,10,6,4,5,7,0,0,3,2,2,2,2,2,2,8,0,2
66,2,2,1,0,0,3,10,6,0,0,7,0,0,3,2,6,2,2,2,2,7,12,2
743,3,3,2,1,0,2,3,6,4,0,1,0,0,0,2,1,2,2,0,2,5,1,2
226,6,1,1,1,0,0,5,6,1,5,1,0,0,3,2,8,4,2,3,3,5,1,2
226,6,4,2,1,0,2,9,9,6,5,1,0,0,3,2,1,4,2,0,2,5,1,2
559,4,3,1,4,0,2,15,7,1,5,3,0,0,3,2,8,2,2,0,2,5,7,2
864,0,1,1,4,0,0,0,1,6,5,3,0,0,3,2,8,2,2,0,2,5,13,2
405,2,2,1,3,0,6,0,9,6,8,1,0,0,3,7,8,1,2,3,3,5,16,2
89,3,4,1,4,0,2,0,6,0,5,1,0,0,3,2,8,2,7,2,2,8,11,2
89,3,0,1,4,0,0,5,0,4,5,1,0,0,3,2,8,2,4,3,3,5,10,2
89,3,0,1,4,0,1,0,13,6,5,1,0,0,3,2,8,2,2,0,2,5,1,2
89,3,0,1,4,0,3,0,4,6,5,1,0,0,3,2,8,2,2,1,2,5,3,2
426,4,0,1,4,2,2,0,9,3,5,7,0,0,3,2,8,4,2,1,2,5,1,2
426,4,1,1,2,0,0,15,9,4,5,7,0,0,3,2,8,4,3,0,2,5,16,2
698,0,4,0,4,0,1,0,10,4,1,1,0,0,0,2,8,1,2,1,2,5,2,2
969,5,4,1,4,0,3,8,10,4,1,7,0,0,3,2,8,1,2,2,2,5,19,2
984,0,4,0,1,0,0,10,5,6,5,7,0,0,3,2,8,1,9,1,2,5,12,2
434,6,1,1,1,0,2,4,9,6,5,3,0,0,3,2,2,1,2,0,2,5,0,2
973,6,3,1,1,0,2,14,2,6,5,1,0,3,3,2,8,2,3,1,2,5,11,2
973,6,0,1,4,0,0,12,6,4,5,1,0,3,3,2,8,2,3,3,3,5,16,2
395,2,4,1,4,0,2,14,6,2,7,1,0,0,3,2,8,2,2,0,2,5,3,2
395,2,3,1,4,0,2,0,6,2,0,1,0,0,3,2,8,2,4,3,3,5,12,2
633,3,4,1,4,0,1,0,7,4,7,7,0,0,3,2,1,2,2,3,3,5,11,2
633,3,0,1,4,0,0,7,7,4,5,7,0,0,3,2,8,2,2,0,2,5,1,2
63,1,0,1,4,0,2,15,9,2,5,1,0,0,3,2,8,1,2,0,2,5,3,1
559,5,4,1,4,0,4,0,7,2,5,1,0,3,1,8,8,1,2,3,3,5,1,2
984,5,0,1,4,0,2,14,7,4,6,7,0,3,3,2,8,3,2,0,2,5,1,2
984,5,2,1,4,2,2,0,7,2,5,7,0,3,3,2,8,3,2,3,3,5,0,2
463,3,3,1,2,0,1,0,7,2,5,7,0,0,3,2,8,2,4,0,2,5,10,2
786,3,0,1,0,0,2,5,2,2,5,1,0,3,0,2,1,1,2,3,3,5,3,1
143,1,2,1,4,0,4,11,4,2,5,0,0,3,3,8,8,2,2,2,2,5,12,2
149,2,0,1,1,0,1,9,7,2,5,1,0,0,3,2,8,2,2,2,2,5,10,1
149,2,1,1,4,0,1,9,6,2,5,1,0,0,3,2,2,2,10,0,2,5,9,1
149,2,1,1,4,0,0,0,4,5,5,1,0,0,3,2,8,2,2,3,3,5,9,1
872,5,0,1,4,0,1,0,7,2,5,1,0,0,3,2,8,2,2,3,3,5,10,2
336,0,0,1,4,0,3,5,3,2,5,1,0,0,3,2,8,2,2,0,2,5,10,2
336,0,2,1,2,0,4,9,6,1,5,1,0,0,3,2,8,2,9,3,3,5,11,2
861,0,2,1,4,0,1,4,2,4,5,1,0,3,0,2,8,2,2,3,3,5,3,2
861,0,1,1,2,0,3,0,3,4,7,1,0,3,0,2,8,2,2,0,2,5,1,2
948,5,3,1,4,0,3,0,6,6,5,7,0,3,3,4,2,3,3,0,2,5,0,2
948,5,0,1,2,0,2,0,7,2,0,7,0,3,3,4,8,3,2,0,2,5,3,2
948,5,0,1,4,0,3,1,6,4,5,7,0,3,3,4,8,3,3,0,1,5,3,2
220,3,4,0,4,0,0,9,6,2,7,7,0,0,3,7,8,1,2,0,2,5,10,2
1009,4,4,0,4,0,1,4,7,0,3,1,0,0,3,2,8,2,2,3,3,5,13,2
367,1,0,1,4,0,2,0,7,2,5,1,0,3,3,2,8,2,10,3,3,5,10,1
367,1,1,1,2,2,2,4,6,0,5,1,0,3,3,2,2,2,2,3,3,5,10,1
435,4,1,1,4,0,3,5,6,4,7,7,0,0,3,2,8,1,2,0,2,5,17,1
863,0,1,1,4,0,4,8,6,6,5,1,0,3,0,2,8,3,2,0,2,5,2,2
863,0,2,1,4,1,4,4,7,2,6,1,2,3,0,2,8,3,2,2,2,5,12,2
863,0,1,1,4,0,3,14,2,4,5,1,0,3,0,2,2,3,2,3,3,5,11,2
863,0,0,1,2,2,2,7,4,4,5,1,0,3,0,2,2,3,2,0,2,5,12,2
863,0,1,1,1,2,2,7,6,0,5,1,0,3,0,2,8,3,8,2,2,5,13,2
969,4,4,0,4,0,1,4,2,4,5,1,0,3,3,4,8,2,9,0,2,5,13,2
604,2,1,1,0,0,2,0,6,6,5,7,0,0,0,2,2,2,3,2,2,1,10,2
604,2,1,1,4,2,1,5,9,2,5,7,0,0,0,2,8,2,3,2,2,5,9,2
607,2,0,1,4,0,1,5,9,4,5,1,0,0,3,2,8,3,9,3,3,5,3,1
607,2,0,1,4,0,2,0,6,0,5,1,0,0,3,2,2,3,2,3,3,5,10,1
607,2,0,1,4,0,1,8,6,0,5,1,0,0,3,2,8,3,2,2,2,5,13,1
607,2,0,1,1,0,0,5,7,2,5,1,0,0,3,2,8,3,10,3,3,5,1,1
607,2,4,1,4,2,0,3,9,2,5,1,0,0,3,2,6,3,2,3,3,5,3,1
607,2,4,1,4,0,1,0,2,2,5,1,0,0,3,2,8,3,10,0,2,5,10,1
137,2,0,1,4,0,0,0,2,0,5,7,0,0,3,2,8,2,8,0,2,5,12,2
137,2,2,1,1,0,3,7,9,0,5,7,0,0,3,2,1,2,2,3,3,5,1,2
348,1,3,1,4,0,1,3,6,2,6,1,0,0,3,2,8,2,1,0,2,5,12,2
380,1,1,1,4,0,1,9,9,2,5,4,0,0,3,2,8,2,2,1,2,5,0,2
380,1,4,1,4,0,1,9,2,6,5,4,0,0,3,2,8,2,2,3,3,5,18,2
534,3,3,1,1,0,1,7,7,2,5,1,0,3,3,2,2,2,9,0,2,5,4,2
534,3,1,1,4,0,1,7,6,2,5,1,0,3,3,2,8,2,3,3,3,5,3,2
534,3,1,1,1,0,2,7,7,2,5,1,0,3,3,2,8,2,2,0,2,5,4,2
954,5,0,1,1,0,1,9,7,2,5,1,0,0,3,2,8,2,3,0,2,5,3,2
649,2,1,1,2,0,3,9,2,4,5,1,0,0,0,7,8,2,2,0,2,5,1,2
173,0,3,1,4,2,1,4,7,1,5,1,0,0,3,2,8,2,2,0,2,5,3,1
194,6,1,1,4,0,1,7,6,1,5,2,0,0,3,2,8,2,2,0,2,5,3,2
194,6,3,1,4,0,2,7,4,2,5,2,0,0,3,2,8,2,2,0,2,5,3,2
89,2,4,1,1,2,2,0,6,5,5,1,0,0,3,2,8,2,2,3,3,5,1,2
515,0,4,1,4,0,3,5,2,6,5,1,0,3,3,2,1,2,4,3,3,5,3,2
472,1,3,1,4,0,1,8,0,4,5,1,0,0,3,2,6,3,2,0,2,5,10,2
472,1,3,1,4,0,2,5,7,2,5,1,0,0,3,2,8,3,1,1,2,5,13,2
472,1,1,1,4,0,1,9,7,2,5,1,0,0,3,2,8,3,2,1,2,5,1,2
918,0,2,1,1,0,2,5,7,2,5,7,0,0,3,2,4,2,2,0,2,5,16,2
433,1,4,0,4,0,2,8,6,6,5,4,0,0,3,2,8,2,2,3,3,5,13,2
353,2,1,1,1,0,3,5,6,2,5,7,0,0,3,2,8,2,1,3,3,5,16,2
353,2,1,1,1,0,2,12,6,4,5,7,0,0,3,2,8,2,2,3,3,5,12,2
286,1,1,1,1,0,1,0,7,6,5,7,0,0,3,2,8,1,2,0,2,5,9,2
405,1,4,1,1,0,1,0,7,6,5,1,0,3,3,4,1,2,4,2,2,5,13,2
405,1,0,1,4,0,2,14,7,4,5,1,0,3,3,4,8,2,2,0,2,5,12,2
956,6,4,1,4,0,0,7,7,6,5,1,0,0,3,2,8,2,2,1,2,5,11,2
956,6,0,1,4,0,2,5,9,4,5,1,0,0,3,2,8,2,2,3,3,5,1,2
932,0,2,1,4,0,2,5,2,4,5,7,0,0,3,2,6,1,2,0,2,5,1,2
163,0,2,1,0,0,2,3,6,0,5,1,0,0,3,2,2,1,2,3,3,5,1,2
63,3,0,1,4,0,3,14,2,6,5,7,0,3,3,4,8,2,7,0,2,5,4,1
63,3,1,1,1,0,1,9,7,2,5,7,0,3,3,4,8,2,4,0,1,5,0,1
960,0,1,1,4,0,2,5,6,2,6,1,0,0,3,2,8,3,2,3,3,5,9,2
817,1,1,1,4,0,0,5,7,4,5,7,0,3,0,2,6,2,2,0,2,5,12,2
965,0,0,1,0,2,2,8,7,2,5,1,0,3,3,4,1,1,2,3,3,5,1,2
860,0,4,1,4,0,1,7,6,4,5,7,0,3,3,4,8,2,2,0,2,5,13,2
860,0,1,1,4,2,2,0,7,0,5,7,0,3,3,4,8,2,2,0,2,5,10,2
242,3,0,1,2,0,1,0,2,6,5,1,0,0,3,2,8,2,3,2,1,5,3,2
242,3,1,1,4,0,3,4,6,2,5,1,0,0,3,2,1,2,3,2,1,5,10,2
112,5,0,1,4,0,4,1,6,2,5,1,0,0,3,2,1,2,9,2,2,1,9,2
112,5,4,1,4,0,4,0,7,4,7,1,0,0,3,2,8,2,4,3,3,5,10,2
752,2,0,1,4,0,1,4,9,4,5,1,0,0,0,2,8,1,2,2,2,5,11,2
405,2,0,1,1,0,5,0,7,6,5,0,0,0,3,2,8,3,4,2,2,5,10,2
405,2,4,1,4,2,3,0,12,0,5,0,0,0,3,2,8,3,2,3,3,5,10,2
247,2,4,1,4,0,3,10,7,2,3,7,0,0,3,2,8,1,7,0,2,5,11,2
337,2,1,1,4,0,3,9,7,2,8,1,0,0,3,2,2,1,4,3,3,5,9,2
555,0,2,1,4,2,2,7,2,2,5,3,0,0,3,2,8,2,9,0,2,5,11,2
930,1,0,1,4,0,1,0,7,2,6,7,0,0,3,2,2,2,2,3,3,5,11,2
430,6,1,1,0,0,0,10,6,2,5,1,0,0,3,2,8,2,2,3,3,5,7,2
430,6,0,1,4,0,0,0,6,4,5,1,0,0,3,2,8,2,2,0,2,5,3,2
920,6,0,1,4,0,3,5,6,2,5,4,0,0,3,2,8,3,2,1,2,5,1,1
920,6,1,1,4,0,3,0,6,2,6,4,0,0,3,2,8,3,2,3,3,5,1,1
920,6,3,1,4,0,2,0,6,2,6,4,0,0,3,2,8,3,4,0,2,5,10,1
509,1,0,1,4,0,1,5,6,2,5,0,0,0,3,2,8,4,2,3,3,5,10,2
509,1,0,1,4,0,0,7,9,0,5,0,0,0,3,2,8,4,3,2,2,5,1,2
509,1,0,1,4,0,2,0,2,4,5,0,0,0,3,2,8,4,2,0,2,5,12,2
509,1,0,1,4,0,4,0,7,2,5,0,0,0,3,2,8,4,3,3,3,5,0,2
509,1,4,1,1,0,2,0,1,2,5,0,0,0,3,2,8,4,4,1,2,5,12,2
944,1,4,1,4,0,2,5,4,4,6,0,0,0,3,2,8,2,7,3,3,5,18,2
944,1,1,1,1,0,2,7,7,2,5,0,0,0,3,2,8,2,2,0,2,5,10,2
241,5,4,0,4,0,3,8,7,6,5,1,0,0,3,2,8,1,4,1,2,5,10,2
671,0,0,1,4,0,0,14,2,6,5,1,0,0,0,2,8,1,4,3,3,5,10,2
671,0,0,1,2,0,4,7,2,4,5,1,0,0,0,2,2,1,4,0,2,5,0,2
671,0,0,1,1,0,3,8,7,2,5,1,0,0,0,2,8,1,8,3,3,5,12,2
292,0,0,1,2,2,0,14,7,1,5,7,0,0,3,2,1,2,4,0,2,5,2,2
292,0,4,1,4,0,1,5,1,2,5,7,0,0,3,2,8,2,4,0,2,5,16,2
321,4,1,1,2,0,3,0,2,2,5,1,0,0,3,2,8,1,2,3,3,5,11,1
234,4,2,1,4,0,0,0,6,2,5,7,0,0,3,2,8,2,2,0,1,5,0,1
234,4,2,1,1,0,0,16,6,4,7,7,0,0,3,2,8,2,2,0,2,5,10,1
237,1,4,1,0,0,2,14,9,2,5,1,0,0,3,2,6,2,2,0,2,5,0,2
320,1,1,1,4,0,2,0,9,6,5,1,0,3,3,2,8,1,2,3,3,5,10,1
955,4,1,1,1,2,2,0,9,2,5,1,3,0,3,2,2,2,2,0,2,5,9,1
955,4,2,1,1,0,2,8,7,0,5,1,0,0,3,2,8,2,2,3,3,5,10,1
472,4,1,1,2,2,2,5,3,1,5,1,0,0,3,2,8,1,2,0,2,5,0,2
829,6,3,1,4,0,2,5,7,4,5,7,0,0,3,2,8,2,7,0,2,5,0,2
829,6,3,1,4,2,0,0,7,4,5,7,0,0,3,2,8,2,2,3,3,5,11,2
829,6,3,1,4,0,1,5,1,1,6,7,0,0,3,2,8,2,4,0,2,5,0,2
968,5,0,1,4,2,3,5,7,4,5,1,0,3,3,0,8,2,1,0,2,5,3,2
968,5,4,0,2,0,2,5,7,4,5,1,0,3,3,0,2,2,2,3,3,5,11,2
435,5,0,1,2,2,1,0,6,2,5,7,0,0,3,2,8,1,2,0,2,5,7,2
564,4,4,1,4,0,2,0,7,2,6,1,1,0,0,2,8,2,2,3,3,5,10,2
564,4,0,1,1,0,1,0,9,2,5,1,0,0,0,2,8,2,2,0,2,5,0,2
38,5,3,1,1,0,2,10,7,4,5,1,0,0,3,2,8,2,9,3,3,5,12,2
38,5,4,1,4,0,0,0,7,4,5,1,0,0,3,2,8,2,0,3,3,5,10,2
256,1,0,1,4,0,2,10,2,4,5,1,0,3,3,2,8,1,0,0,2,5,11,1
689,3,3,1,1,0,3,0,12,6,5,3,0,0,0,2,8,2,0,3,3,5,12,2
727,4,4,0,1,0,4,4,7,4,5,1,0,0,0,2,8,2,4,0,2,5,3,2
727,4,0,1,4,0,1,0,6,4,5,1,0,0,0,2,8,2,0,3,3,5,1,2
727,4,0,1,1,2,0,5,9,6,3,1,0,0,0,2,8,2,9,0,2,5,0,2
727,4,0,1,4,2,2,7,4,1,5,1,0,0,0,2,6,2,0,1,2,5,9,2
727,4,0,1,4,0,1,8,7,4,5,1,0,0,0,2,2,2,0,3,3,5,3,2
940,5,4,1,4,0,1,4,9,4,5,1,0,0,3,2,8,3,0,3,3,5,4,2
940,5,0,1,2,0,1,6,1,2,5,1,0,0,3,2,8,3,0,0,2,5,4,2
940,5,4,1,4,0,3,8,6,6,5,1,0,0,3,2,2,3,0,0,2,5,11,2
628,1,1,1,4,0,1,4,5,2,5,0,0,3,2,4,8,2,4,0,2,5,0,2
628,1,1,1,4,0,0,4,5,2,5,0,0,3,2,4,8,2,2,1,2,5,1,2
292,4,1,1,4,0,1,0,5,4,5,0,0,0,3,2,8,2,2,1,2,5,3,2
292,4,3,1,4,0,2,0,5,4,5,0,0,0,3,2,6,2,4,0,2,5,10,2
385,5,0,1,4,0,0,7,5,6,3,7,0,0,3,0,6,1,2,0,2,5,7,2
385,5,0,1,1,0,0,7,12,6,3,7,0,0,3,0,1,1,2,0,2,5,5,2
455,1,1,1,4,0,1,0,5,2,5,1,0,3,3,2,8,2,2,0,2,5,1,2
455,1,3,1,4,0,3,15,5,4,5,1,0,3,3,2,8,2,2,3,3,5,3,2
526,5,0,1,4,0,4,7,5,2,0,1,0,0,3,2,8,1,2,0,1,5,9,2
45,4,0,1,4,0,3,15,5,2,7,7,0,0,3,2,1,2,7,3,3,5,18,2
45,4,1,1,1,2,2,4,6,4,7,7,0,0,3,2,1,2,3,2,2,5,1,2
86,3,0,1,1,0,3,0,5,4,7,1,0,0,3,2,8,1,5,3,3,5,3,1
205,3,4,1,4,0,0,7,5,4,7,1,0,0,3,2,8,1,2,0,2,5,12,2
310,0,3,1,2,2,2,0,6,4,5,1,0,0,3,2,2,2,2,3,3,5,0,1
300,6,3,1,1,0,1,0,1,4,5,7,0,3,3,4,8,1,2,0,2,5,17,1
743,3,2,1,2,2,0,7,9,2,5,0,0,0,0,2,8,3,2,2,2,6,10,2
743,3,2,1,4,0,0,8,9,6,5,0,0,0,0,2,2,3,2,0,2,5,0,2
743,3,4,1,4,0,0,8,9,4,5,0,0,0,0,2,8,3,2,3,3,5,11,2
395,1,4,1,4,0,3,0,7,4,5,7,0,3,3,4,8,2,2,1,2,5,10,2
395,1,3,1,4,0,0,3,6,2,5,7,0,3,3,4,2,2,2,0,2,5,10,2
416,2,1,1,2,2,3,0,7,2,5,7,0,0,3,2,2,2,4,3,3,5,0,2
416,2,1,1,4,0,3,10,7,6,5,7,0,0,3,2,8,2,2,3,3,5,10,2
458,6,3,1,4,0,0,5,6,2,5,1,0,0,3,2,8,2,3,0,2,5,0,2
458,6,1,1,4,0,0,10,2,6,5,1,0,0,3,2,8,2,4,3,3,5,10,2
735,0,0,1,2,0,1,7,7,2,5,0,0,0,0,2,8,2,2,0,2,5,10,2
735,0,0,1,4,0,1,5,7,1,5,0,0,0,0,2,8,2,2,0,1,5,10,2
735,0,0,1,4,0,0,5,6,0,5,0,0,0,0,2,8,2,2,3,3,5,0,2
620,0,4,0,1,0,2,3,6,1,6,7,0,0,3,2,8,2,2,1,2,5,1,2
620,0,1,1,4,0,2,8,6,4,5,7,0,0,3,2,8,2,2,3,3,5,9,2
199,4,1,1,4,0,0,8,6,0,5,1,0,3,3,4,8,1,2,0,2,5,1,2
935,6,1,1,4,0,1,5,6,4,5,4,0,0,3,2,8,3,2,0,2,5,16,2
198,0,3,1,4,0,3,7,7,0,5,3,0,0,3,2,8,2,4,3,3,5,13,2
331,4,1,1,4,2,0,8,6,2,5,1,0,3,3,4,8,2,7,0,2,5,0,2
365,4,4,0,1,0,3,0,6,2,5,1,0,0,3,7,8,2,2,3,3,5,0,2
365,4,4,1,4,0,2,9,2,4,5,1,0,0,3,7,2,2,2,3,3,5,16,2
323,4,2,1,4,0,1,0,6,2,5,7,0,0,3,2,8,2,2,0,2,5,10,2
323,4,0,1,1,0,3,7,9,2,5,7,0,0,3,2,1,2,2,2,2,5,12,2
689,2,4,1,4,0,1,9,12,2,5,1,0,3,0,4,8,3,9,2,2,3,1,2
689,2,0,1,1,0,3,14,6,4,5,1,0,3,0,4,2,3,2,0,2,5,0,2
689,2,4,1,4,0,3,5,7,4,5,1,0,3,0,4,8,3,2,3,3,5,10,2
689,2,4,1,4,0,1,5,7,0,5,1,0,3,0,4,8,3,2,3,3,5,3,2
689,2,4,1,4,0,3,5,7,0,5,1,0,3,0,4,8,3,2,0,2,5,11,2
688,2,0,1,4,0,3,0,7,2,5,0,1,3,0,4,8,2,2,3,3,5,3,2
688,2,1,1,4,0,4,5,6,0,6,0,0,3,0,4,8,2,3,0,2,5,9,2
256,1,1,1,4,0,2,0,6,2,5,7,0,3,3,4,2,2,2,0,2,5,0,2
415,3,3,1,4,2,4,7,7,4,5,1,0,3,3,2,8,2,2,0,2,5,1,2
415,3,3,1,4,0,2,8,7,2,5,1,0,3,3,2,8,2,2,3,3,5,12,2
188,6,1,1,4,2,1,5,7,2,5,7,0,0,3,2,8,2,3,0,2,5,3,2
921,0,0,1,1,0,1,0,7,2,5,1,0,0,3,2,8,2,2,2,2,6,3,2
921,0,1,1,4,2,1,10,7,2,5,1,0,0,3,2,1,2,2,1,2,5,5,2
930,5,2,1,4,0,3,0,7,4,5,3,0,0,3,2,8,2,2,3,3,5,11,2
930,5,4,0,4,0,1,5,4,4,5,3,2,0,3,2,2,2,2,0,2,5,12,2
974,6,0,1,4,0,0,9,4,4,5,7,0,0,3,2,8,1,3,1,2,5,3,1
286,4,1,1,4,0,2,5,7,4,5,1,0,3,3,4,8,2,4,0,2,5,12,2
220,2,1,1,4,0,2,0,6,4,5,1,2,0,3,2,8,1,2,3,3,5,1,1
367,6,1,1,1,2,1,5,6,4,5,3,0,0,3,2,8,2,2,3,3,5,0,2
367,6,4,0,1,0,4,14,9,2,5,3,0,0,3,2,8,2,2,0,2,5,12,2
1016,0,2,1,4,0,3,0,6,4,5,7,0,0,3,2,8,2,4,0,2,5,9,2
538,2,1,1,2,0,0,0,7,4,5,0,0,0,3,2,2,2,2,3,3,5,10,2
422,6,2,1,4,0,0,7,9,4,5,1,0,0,3,2,2,2,2,3,3,5,0,2
422,6,2,1,4,0,3,0,6,2,5,1,0,0,3,2,8,2,2,1,2,5,10,2
460,6,4,0,4,0,4,10,9,6,5,1,0,0,3,2,8,2,2,0,1,5,0,2
656,2,0,1,4,0,2,0,2,2,5,1,0,0,0,2,1,3,2,0,2,5,0,2
656,2,4,0,1,0,2,9,9,2,5,1,0,0,0,2,8,3,2,3,3,5,10,2
656,2,4,0,4,2,0,9,12,6,5,1,0,0,0,2,8,3,3,3,3,5,1,2
130,2,4,1,4,0,2,5,3,6,3,7,0,0,3,2,8,2,2,0,2,5,10,2
63,6,3,1,2,0,1,8,12,0,5,7,1,0,3,2,2,2,2,3,3,5,10,2
504,2,2,1,4,0,2,5,4,4,5,7,0,0,3,2,8,2,2,2,1,4,5,2
97,3,1,1,4,0,2,7,6,0,5,1,0,0,3,2,8,2,2,0,2,5,1,2
315,3,2,1,2,0,1,0,6,0,5,7,0,0,3,2,2,2,2,3,3,5,5,1
996,5,4,1,4,2,3,11,7,4,5,1,0,0,3,2,8,2,2,3,3,5,0,2
969,4,1,1,1,0,1,7,7,1,5,7,0,0,3,2,8,2,2,3,3,5,1,2
969,4,1,1,4,0,1,0,6,0,5,7,0,0,3,2,8,2,2,1,2,5,0,2
405,1,2,1,5,0,3,7,6,2,5,1,0,0,3,2,6,1,2,2,2,1,0,2
424,4,4,1,1,0,4,10,6,0,5,1,0,0,3,2,1,3,2,3,3,5,0,2
424,4,4,0,4,0,4,0,6,2,5,1,0,0,3,2,8,3,2,0,2,5,5,2
424,4,0,1,4,0,2,8,6,4,5,1,3,0,3,2,8,3,2,2,1,1,3,2