Time,Day_of_week,Age_band_of_driver,Sex_of_driver,Educational_level,Vehicle_driver_relation,Driving_experience,Type_of_vehicle,Area_accident_occured,Lanes_or_Medians,Road_allignment,Types_of_Junction,Road_surface_type,Road_surface_conditions,Light_conditions,Weather_conditions,Type_of_collision,Number_of_vehicles_involved,Vehicle_movement,Casualty_class,Casualty_severity,Pedestrian_movement,Cause_of_accident,Accident_severity
424,4,0,1,4,2,2,0,7,4,5,1,0,0,3,2,8,3,2,2,2,5,9,2
424,4,0,1,2,2,2,5,7,4,5,1,0,0,3,2,8,3,2,1,2,5,10,2
424,4,0,1,4,0,2,0,1,4,5,1,0,0,3,2,8,3,2,1,2,5,12,2
63,1,1,1,4,0,1,5,2,4,5,3,0,0,3,2,8,2,3,2,2,5,17,2
63,1,3,1,1,0,2,5,1,6,5,3,0,0,3,2,8,2,2,0,2,5,0,2
1026,1,2,1,4,0,1,5,12,6,5,7,0,0,3,2,2,2,2,3,3,5,10,2
1026,1,1,1,4,0,4,10,2,0,5,7,0,0,3,2,6,2,2,3,3,5,9,2
415,4,1,1,4,0,1,7,9,1,3,3,0,0,3,2,1,2,2,3,3,5,12,2
252,6,4,1,4,0,1,7,7,1,5,7,0,0,3,2,8,2,2,1,2,5,10,2
252,6,1,1,4,0,2,7,7,4,5,7,0,0,3,2,8,2,2,3,3,5,10,2
652,2,1,1,4,0,2,0,4,1,5,7,0,0,3,2,1,1,2,0,2,5,16,2
539,2,2,1,4,2,2,5,6,6,5,0,0,0,3,2,8,3,2,1,2,5,1,2
539,2,1,1,4,0,1,9,6,4,5,0,3,0,3,2,8,3,2,0,2,5,0,2
566,6,0,1,4,0,4,5,6,0,5,1,0,0,3,2,8,2,2,3,3,5,3,2
566,6,2,1,4,0,0,9,7,2,5,1,0,0,3,2,8,2,4,3,3,5,9,2
794,2,3,1,4,0,4,5,6,4,5,1,0,3,0,2,8,1,2,0,2,5,9,2
794,2,3,1,4,0,3,7,7,0,5,1,0,3,0,2,2,1,2,0,2,5,1,2
197,4,4,0,4,0,4,5,4,2,5,7,2,0,3,7,8,2,2,3,3,5,12,2
890,5,2,1,4,0,0,11,7,2,5,0,0,0,3,2,8,2,2,3,3,5,5,2
127,3,0,1,4,2,4,7,7,1,5,1,3,0,3,2,8,2,2,0,2,5,3,2
127,3,0,1,4,0,4,7,7,4,5,1,0,0,3,2,8,2,4,0,2,5,10,2
127,3,0,1,4,0,0,5,9,6,3,1,0,0,3,2,8,2,2,2,2,5,10,2
695,1,0,1,1,2,2,8,6,2,5,7,2,0,0,2,8,2,2,3,3,5,10,2
695,1,0,1,4,0,1,0,6,2,5,7,0,0,0,2,8,2,2,0,2,5,7,2
750,1,0,1,6,0,2,7,7,1,5,7,0,0,0,2,8,2,2,1,2,5,3,2
935,5,4,1,6,0,2,0,6,2,5,7,0,0,3,2,8,4,2,3,3,5,5,2
935,5,0,1,4,0,2,14,6,4,5,7,0,0,3,2,8,4,2,3,3,5,9,2
935,5,0,1,4,0,1,7,7,2,5,7,2,0,3,2,8,4,2,0,2,5,17,2
436,4,4,1,4,0,2,12,9,2,5,7,0,0,3,2,8,2,2,1,2,5,1,2
963,4,2,1,4,0,1,7,6,4,5,1,0,0,3,2,8,2,2,3,3,5,10,2
963,4,1,1,4,0,4,5,6,4,5,1,0,0,3,2,8,2,2,0,2,5,10,2
99,0,2,1,4,0,4,5,7,4,5,0,0,0,3,2,1,2,3,0,2,5,12,2
190,0,0,1,4,0,1,14,7,4,5,3,0,0,3,2,8,2,4,1,2,5,9,2
762,3,0,1,4,0,1,0,6,2,5,7,0,0,0,2,8,2,2,1,2,5,0,1
762,3,0,1,4,0,2,0,7,2,3,7,0,0,0,2,8,2,2,0,2,5,0,1
348,4,1,1,2,0,3,8,2,6,5,1,2,0,3,2,8,1,2,3,3,5,12,2
310,1,3,1,2,0,3,15,4,4,5,1,0,0,3,2,8,1,2,0,1,5,1,2
439,2,4,1,1,0,0,0,7,2,5,7,0,0,3,2,1,2,2,3,3,5,3,2
501,2,0,1,4,0,2,3,7,1,5,1,4,0,3,2,8,1,2,0,2,5,1,2
270,6,2,1,4,0,0,9,1,4,3,0,3,0,3,2,8,2,2,3,3,5,5,1
270,6,0,1,4,2,2,8,7,2,3,0,3,0,3,2,8,2,2,0,2,5,3,1
428,4,0,1,0,0,3,0,7,2,5,7,0,0,3,2,8,2,3,3,3,5,12,2
143,5,1,1,2,0,4,8,6,4,5,7,0,0,3,2,8,2,2,0,2,5,0,2
143,5,0,1,4,0,0,5,6,6,5,7,0,0,3,2,8,2,4,3,3,5,9,2
331,0,2,1,4,0,3,5,7,1,0,7,0,0,3,2,8,2,2,0,2,5,3,2
331,0,1,1,4,2,3,3,9,4,5,7,2,0,3,2,8,2,2,3,3,5,5,2
716,5,1,1,4,0,3,11,1,1,5,1,0,0,0,2,2,7,2,3,3,5,1,2
716,5,4,0,4,0,5,11,2,4,5,1,0,0,0,2,8,7,2,3,3,5,12,2
716,5,4,1,3,2,0,0,7,4,5,1,0,0,0,2,8,7,3,3,3,5,4,2
716,5,4,1,4,2,0,7,9,6,5,1,0,0,0,2,6,7,2,2,2,6,12,2
716,5,4,0,4,2,1,9,12,6,5,1,0,0,0,2,8,7,2,2,2,5,10,2
497,1,2,1,5,2,3,14,7,6,5,3,0,0,3,2,2,2,2,3,3,5,0,2
348,5,1,1,4,2,1,0,7,2,5,1,0,0,3,2,8,3,2,0,2,5,12,2
348,5,1,1,1,2,3,0,6,4,5,1,2,0,3,2,8,3,2,0,2,5,12,2
348,5,4,1,6,2,2,0,6,2,5,1,0,0,3,2,8,3,2,0,2,5,10,2
944,1,0,1,4,2,4,8,7,4,5,1,0,0,3,2,8,2,2,2,2,5,3,2
944,1,0,1,4,2,1,16,7,2,5,1,2,0,3,2,8,2,4,3,3,5,1,2
163,4,1,1,1,0,1,8,7,4,5,1,0,0,3,2,2,2,2,0,2,5,3,1
163,4,1,1,4,0,1,7,7,0,5,1,0,0,3,2,2,2,2,0,2,5,0,1
440,0,4,1,4,0,1,14,7,2,6,1,0,0,3,2,8,2,2,3,3,5,3,2
440,0,0,1,4,0,2,8,3,2,5,1,0,0,3,2,8,2,2,0,2,5,3,2
300,2,4,1,4,0,2,5,7,2,5,7,0,0,3,2,8,2,2,3,3,5,5,1
300,2,0,1,4,0,3,5,7,1,5,7,0,0,3,2,2,2,2,3,3,5,3,1
300,2,0,1,1,0,2,0,7,2,6,7,0,0,3,2,8,2,3,0,2,5,10,1
477,0,4,1,4,0,2,0,6,2,5,5,0,0,3,2,3,1,2,0,2,5,3,2
191,5,0,1,4,0,3,8,9,2,5,3,4,0,3,2,8,3,2,0,2,5,4,2
191,5,2,1,4,2,2,5,9,2,5,3,0,0,3,2,8,3,2,0,2,5,10,2
191,5,1,1,4,0,2,9,7,4,5,3,0,0,3,2,8,3,2,3,3,5,3,2
191,5,1,1,4,0,4,7,9,0,5,3,0,0,3,2,8,3,2,0,2,5,12,2
362,6,0,1,4,0,2,0,6,2,6,1,0,0,3,2,8,2,1,0,1,5,12,2
713,2,0,1,4,0,2,0,6,0,5,7,0,0,0,2,3,2,2,3,3,5,12,2
713,2,1,1,4,0,3,5,1,2,5,7,2,0,0,2,3,2,2,1,2,5,10,2
882,0,4,1,2,0,3,14,7,2,5,7,0,0,3,2,0,2,9,2,2,5,9,2
882,0,3,1,4,0,3,5,7,6,5,7,0,0,3,2,0,2,3,0,2,5,10,2
315,5,3,1,4,0,3,11,7,2,5,0,0,0,3,2,0,2,2,3,3,5,0,2
315,5,3,1,4,0,3,0,7,0,5,0,0,0,3,2,0,2,3,3,3,5,0,2
195,4,4,1,4,0,3,0,7,4,7,1,0,0,3,2,0,2,2,0,2,5,11,2
680,3,0,1,4,0,4,5,9,0,5,7,0,0,0,2,0,2,2,2,2,5,12,2
308,2,0,1,1,0,4,14,2,0,5,7,0,0,3,2,0,2,2,3,3,5,10,2
970,0,2,1,4,0,4,9,6,4,5,1,0,0,3,2,0,2,2,2,2,5,10,2
62,0,0,1,6,0,4,9,12,6,5,7,0,0,3,2,0,2,2,2,2,5,0,2
617,4,0,1,4,0,4,9,6,2,5,3,2,0,3,2,6,2,4,2,2,6,10,2
617,4,1,1,4,0,0,5,7,6,5,3,0,0,3,2,0,2,4,3,3,5,3,2
357,3,0,1,1,0,3,5,6,2,7,1,0,0,3,2,8,4,2,2,1,1,1,2
357,3,4,1,2,0,1,0,7,4,5,1,0,0,3,2,3,4,2,0,2,5,3,2
357,3,4,1,4,0,1,14,6,2,5,1,0,0,3,2,3,4,2,0,1,5,9,2
375,5,1,1,4,0,1,0,7,4,5,7,0,0,3,2,0,3,2,3,3,5,3,2
629,5,1,1,2,0,0,14,7,2,5,1,0,3,3,4,4,1,1,3,3,5,3,2
119,1,1,1,4,0,2,0,6,2,5,4,0,3,3,4,3,1,2,0,2,5,9,2
976,6,1,1,4,0,4,7,6,6,5,1,0,3,3,3,0,3,4,0,2,5,4,2
395,4,0,1,4,0,4,5,1,2,5,4,0,0,3,2,8,2,2,0,2,5,10,2
395,4,0,1,4,0,0,5,7,6,5,4,0,0,3,2,8,2,2,3,3,5,10,2
624,2,0,1,1,0,1,5,2,4,5,1,0,0,3,2,1,4,2,0,2,5,1,1
624,2,0,1,2,0,0,0,7,1,5,1,0,0,3,2,8,4,2,0,2,5,5,1
624,2,0,1,4,0,2,0,7,2,5,1,0,0,3,2,2,4,7,3,3,5,1,1
624,2,4,1,4,0,4,10,2,4,5,1,0,0,3,2,8,4,4,0,2,5,0,1
624,2,4,1,2,0,3,10,6,2,6,1,0,0,3,2,8,4,2,3,3,5,9,1
1013,5,0,1,1,2,2,5,6,0,5,1,0,3,3,3,8,2,2,3,3,5,10,2
1013,5,1,1,1,0,4,5,2,2,5,1,0,3,3,3,6,2,2,0,2,5,1,2
256,6,0,1,4,0,2,9,7,4,7,1,0,0,3,2,8,1,2,2,2,5,9,2
288,4,4,1,1,2,2,7,7,4,5,7,0,0,3,2,8,3,2,2,2,5,10,2
288,4,1,1,4,0,1,5,2,4,5,7,0,0,3,2,8,3,2,3,3,5,4,2
288,4,2,1,4,0,3,0,4,2,6,7,0,0,3,2,1,3,2,0,2,5,4,2
594,3,4,0,4,0,2,7,6,4,5,1,0,0,0,2,8,1,2,2,1,5,9,1
720,2,0,1,2,0,0,6,12,4,5,1,0,0,0,2,2,2,2,0,2,5,9,2
720,2,0,1,1,0,2,0,7,4,5,1,4,0,0,2,8,2,3,2,2,5,16,2
720,2,0,1,1,0,1,0,2,1,5,1,0,0,0,2,6,2,3,0,2,5,3,2
720,2,0,1,4,0,4,5,6,4,5,1,0,0,0,2,8,2,9,0,2,5,0,2
653,0,1,1,4,0,4,0,7,6,3,1,0,0,0,2,8,4,4,3,3,5,5,2
653,0,4,0,4,0,2,11,7,6,5,1,0,0,0,2,8,4,4,0,2,5,10,2
653,0,4,0,4,2,2,5,7,2,5,1,0,0,0,2,8,4,2,0,2,5,9,2
653,0,4,0,1,0,0,11,7,1,5,1,0,0,0,2,8,4,2,3,3,5,0,2
1024,2,2,1,1,0,3,5,9,2,5,1,0,0,3,2,8,2,4,3,3,5,10,2
664,4,3,1,4,2,0,5,6,2,6,1,0,0,0,3,8,2,2,3,3,5,2,2
393,3,4,1,4,0,3,9,6,2,6,0,2,0,3,2,2,2,4,0,2,5,12,1
393,3,1,1,1,2,1,14,7,2,5,0,0,0,3,2,8,2,9,3,3,5,10,1
19,6,3,1,4,0,2,8,7,2,5,1,0,0,0,2,8,2,2,2,2,5,1,2
19,6,3,1,2,0,3,0,7,2,5,1,2,0,0,2,2,2,2,0,2,5,10,2
604,1,0,1,4,0,2,10,12,2,5,0,0,0,3,2,8,2,2,3,3,5,0,1
604,1,3,1,1,0,0,11,2,0,6,0,0,0,3,2,8,2,2,3,3,5,3,1
603,6,0,1,4,2,0,5,6,2,5,1,0,0,3,2,8,2,2,1,2,5,10,2
633,2,3,1,0,2,0,14,6,4,5,3,0,0,3,2,8,2,4,3,3,5,11,2
633,2,4,1,4,2,2,5,2,2,5,3,0,0,3,2,2,2,2,0,2,5,11,2
909,4,3,1,4,0,2,9,9,4,5,1,0,0,3,2,8,2,2,0,2,5,12,2
909,4,0,1,1,0,2,5,6,6,5,1,0,0,3,2,1,2,3,3,3,5,0,2
130,0,1,1,2,2,4,7,9,1,5,1,0,0,3,2,2,2,2,1,2,5,0,2
130,0,4,1,4,0,3,14,7,2,5,1,0,0,3,2,2,2,3,1,2,5,10,2
440,0,0,1,4,0,2,0,7,2,5,7,0,0,3,2,8,3,4,0,2,5,12,1
440,0,2,1,4,0,4,11,9,2,5,7,0,0,3,2,6,3,2,3,3,5,10,1
440,0,4,0,4,0,3,7,4,4,5,7,0,0,3,2,8,3,7,0,2,5,10,1
429,5,0,1,4,0,2,5,7,4,3,7,0,0,3,2,8,1,2,1,2,5,1,2
708,3,1,1,4,2,3,0,6,4,5,1,1,3,0,4,8,2,4,3,3,5,0,2
708,3,1,1,4,0,2,11,7,2,7,1,0,3,0,4,8,2,4,0,2,5,10,2
1012,6,1,1,4,0,0,0,7,2,5,1,0,0,3,2,8,3,8,2,2,5,12,2
1012,6,4,1,4,0,0,8,7,0,5,1,0,0,3,2,8,3,4,1,2,5,9,2
1012,6,1,1,2,0,1,9,6,4,5,1,0,0,3,2,8,3,4,3,3,5,5,2
677,2,1,1,2,2,3,5,7,2,5,7,0,0,0,2,2,1,4,0,2,5,9,2
357,0,0,1,4,0,3,5,7,2,5,3,0,0,3,2,8,2,2,0,2,5,15,2
390,6,0,1,2,0,1,10,7,6,3,7,0,0,3,2,8,2,2,1,2,5,5,2
390,6,1,1,4,1,5,5,6,4,5,7,0,0,3,2,8,2,2,3,3,5,3,2
425,2,1,1,4,0,0,5,6,1,5,1,0,3,3,4,1,2,2,3,3,5,10,2
425,2,1,1,4,2,2,6,2,6,5,1,0,3,3,4,8,2,2,0,2,5,12,2
425,2,0,1,4,0,0,5,6,0,5,1,0,3,3,4,8,2,2,2,2,1,15,2
425,2,0,1,4,0,3,12,6,6,5,1,0,3,3,4,8,2,2,0,2,5,5,2
737,3,4,0,4,0,0,0,6,2,5,1,0,0,0,2,8,2,2,3,3,5,1,2
737,3,2,1,4,0,0,5,6,1,5,1,0,0,0,2,8,2,2,2,2,5,1,2
339,5,0,1,4,0,1,8,9,4,5,1,0,0,3,2,8,2,2,3,3,5,1,2
339,5,3,1,2,0,0,11,9,6,5,1,0,0,3,2,2,2,7,0,2,5,1,2
35,3,4,0,4,0,0,14,9,4,5,1,0,3,0,4,8,2,2,3,3,5,9,2
35,3,1,1,1,0,3,0,6,0,5,1,3,3,0,4,8,2,4,3,3,5,10,2
340,2,0,1,1,0,3,0,7,2,5,3,0,0,3,2,8,2,1,2,2,1,10,2
529,0,4,1,4,0,3,0,7,2,5,1,0,3,3,3,8,1,2,2,2,1,3,2
92,3,1,1,4,0,2,5,12,0,5,0,0,3,3,4,8,2,2,0,2,5,10,2
899,1,4,1,2,2,1,0,12,0,5,1,0,0,3,2,8,2,2,2,1,5,10,2
899,1,0,1,4,0,1,0,12,4,5,1,0,0,3,2,6,2,9,3,3,5,1,2
244,5,0,1,4,0,2,9,9,1,5,7,0,0,3,2,8,3,0,0,2,5,10,2
244,5,4,1,4,0,2,15,7,4,5,7,0,0,3,2,8,3,0,3,3,5,12,2
244,5,2,1,4,0,1,0,6,2,5,7,0,0,3,2,8,3,0,0,2,5,0,2
476,4,1,1,2,0,3,9,7,2,5,5,0,0,3,2,2,2,0,2,2,5,9,2
476,4,0,1,1,0,2,14,12,4,5,5,0,0,3,2,8,2,4,0,2,5,3,2
155,4,4,0,4,0,3,14,7,0,5,5,0,0,3,2,8,1,0,3,3,5,0,2
264,2,4,1,6,0,1,0,4,2,5,1,0,0,3,2,8,2,9,3,3,5,11,2
264,2,0,1,4,0,1,5,7,2,5,1,3,0,3,2,2,2,0,0,2,5,10,2
315,1,0,1,2,0,1,0,6,2,5,1,0,0,3,2,8,2,0,3,3,5,10,2
315,1,1,1,4,0,0,9,7,2,5,1,0,0,3,2,8,2,0,0,2,5,17,2
851,5,0,1,2,0,2,0,7,2,5,7,0,0,3,2,8,2,0,3,3,5,10,2
851,5,4,0,1,0,1,0,5,4,5,7,0,0,3,2,8,2,0,0,2,5,6,2
103,0,0,1,4,0,0,5,7,6,5,1,2,0,3,2,2,1,4,2,2,6,9,2
340,2,1,1,1,0,0,0,9,2,5,7,0,0,3,2,8,2,2,0,2,5,11,2
340,2,1,1,2,0,5,6,6,2,5,7,0,0,3,2,8,2,2,3,3,5,0,2
870,4,1,1,4,0,1,0,4,2,5,1,0,0,3,2,8,2,2,3,3,5,10,2
769,0,4,1,4,0,1,0,9,2,5,1,0,0,0,2,2,2,7,0,2,5,2,2
599,2,0,1,4,2,3,7,12,2,5,7,0,0,3,2,8,2,5,3,3,5,1,2
602,2,1,1,1,2,3,5,0,4,5,1,0,0,3,2,8,2,2,0,2,5,1,0
872,0,4,1,4,2,2,7,2,2,5,7,0,0,3,2,1,3,2,1,2,5,10,2
872,0,4,1,4,2,3,9,2,2,5,7,0,0,3,2,1,3,2,0,2,5,1,2
872,0,0,1,2,2,3,0,9,0,5,7,0,0,3,2,1,3,2,3,3,5,3,2
328,2,0,1,1,0,2,10,9,0,5,4,0,0,3,2,8,2,7,0,1,5,1,2
328,2,1,1,1,2,3,5,9,2,5,4,0,0,3,2,8,2,2,3,3,5,17,2
367,0,0,1,4,2,4,5,7,0,5,7,0,0,3,2,8,2,2,0,2,5,1,2
367,0,0,1,4,2,1,4,7,2,5,7,0,0,3,2,8,2,4,3,3,5,9,2
141,3,1,1,4,2,1,6,9,2,5,0,0,0,3,2,8,2,0,3,3,5,10,2
141,3,2,1,2,2,2,5,7,6,5,0,0,0,3,2,8,2,9,3,3,5,17,2
911,0,2,1,1,2,3,7,6,4,5,3,0,0,3,2,8,2,2,3,3,5,2,2
827,1,0,1,1,2,4,7,6,2,5,1,0,0,3,2,8,1,2,0,2,5,0,2
885,1,3,1,4,2,2,15,9,4,5,1,0,0,3,2,8,2,2,3,3,5,3,2
885,1,0,1,4,2,2,0,7,2,5,1,0,0,3,2,8,2,2,0,2,5,10,2
433,5,0,1,4,0,0,3,6,2,5,3,3,0,3,2,8,2,2,3,3,5,11,1
192,6,0,1,2,2,2,5,1,2,5,1,3,0,3,2,8,1,1,3,3,5,9,2
586,1,0,1,4,0,2,5,9,2,5,7,0,0,0,2,8,3,1,2,2,5,1,2
586,1,0,1,4,0,2,4,9,4,5,7,0,0,0,2,8,3,1,0,2,5,10,2
586,1,4,1,4,0,2,0,2,4,3,7,2,0,0,2,8,3,3,3,3,5,6,2
586,1,4,1,4,0,3,15,9,4,5,7,0,0,0,2,8,3,2,3,3,5,1,2
586,1,4,1,4,0,5,0,7,4,5,7,0,0,0,2,8,3,12,3,3,5,4,2
559,2,2,1,0,0,4,0,7,3,5,1,0,0,3,2,8,2,2,0,2,5,1,2
559,2,0,1,1,0,2,0,2,3,5,1,2,0,3,2,1,2,4,1,1,5,1,2
359,2,0,1,1,0,2,0,7,3,5,7,0,0,3,2,2,2,2,1,2,5,3,2
359,2,0,1,4,0,2,11,2,3,5,7,0,0,3,2,2,2,2,0,2,5,0,2
391,6,1,1,2,0,2,4,2,2,5,2,0,0,3,2,8,2,2,3,3,5,12,2
391,6,1,1,4,0,2,5,7,4,5,2,0,0,3,2,8,2,2,3,3,5,3,2
391,6,1,1,4,0,1,5,7,4,5,2,0,0,3,2,8,2,5,0,2,5,1,2
391,6,1,1,6,0,2,14,12,6,5,2,0,0,3,2,8,2,2,2,1,5,3,2
420,1,4,0,4,0,3,7,9,4,5,7,0,0,3,7,8,2,2,0,2,5,5,2
420,1,1,1,4,0,0,0,7,2,5,7,0,0,3,7,2,2,2,3,3,5,10,2
229,3,0,1,6,0,4,8,6,4,5,0,0,0,3,2,8,2,9,0,2,5,0,2
229,3,0,1,1,0,0,6,9,4,5,0,0,0,3,2,8,2,2,3,3,5,12,2
472,6,4,1,4,0,2,0,7,1,3,7,2,0,3,7,8,2,2,3,3,5,9,2
472,6,1,1,1,0,3,8,9,2,5,7,0,0,3,7,8,2,1,0,2,5,9,2
771,2,1,1,4,0,2,6,9,4,5,1,0,3,0,2,8,2,3,0,2,5,10,1
771,2,1,1,1,0,1,14,9,2,5,1,0,3,0,2,8,2,1,3,3,5,1,1
237,1,1,1,4,0,1,5,7,6,5,1,0,0,3,2,1,2,5,3,3,5,1,2
237,1,4,1,4,0,3,15,7,4,5,1,2,0,3,2,1,2,2,0,2,5,9,2
10,3,1,1,4,0,1,0,7,1,5,7,0,0,0,2,2,2,2,3,3,5,3,2
10,3,1,1,4,2,4,3,3,4,5,7,0,0,0,2,1,2,2,0,2,5,5,2
10,3,3,1,4,0,1,0,9,4,5,7,0,0,0,2,8,2,7,0,2,5,10,2
435,6,4,1,4,0,3,9,9,1,5,5,0,0,3,2,8,2,1,0,2,5,10,2
435,6,0,1,4,0,1,4,9,4,5,5,0,0,3,2,8,2,2,2,2,1,12,2
466,6,4,0,1,0,3,8,7,2,5,1,0,0,3,2,2,2,2,0,2,5,4,2
466,6,0,1,1,0,3,5,6,2,5,1,0,0,3,2,2,2,2,3,3,5,12,2
466,6,0,1,1,1,3,7,7,6,5,1,0,0,3,2,8,2,7,0,1,5,12,2
395,4,0,1,4,0,3,0,6,0,5,1,4,0,3,2,8,2,2,3,3,5,12,1
395,4,1,1,4,0,4,3,9,2,5,1,0,0,3,2,8,2,8,0,2,5,10,1
660,1,0,1,1,0,2,4,6,0,1,7,0,0,0,2,8,1,5,3,3,5,9,0
472,0,4,1,4,0,1,3,6,0,5,1,0,3,3,4,8,1,2,0,2,5,1,2
54,3,1,1,4,0,3,0,7,0,5,7,0,0,3,7,8,2,7,1,2,5,3,2
54,3,0,1,4,0,4,15,6,2,5,7,0,0,3,7,8,2,2,2,2,5,0,2
646,0,0,1,4,0,3,3,6,1,5,0,0,0,0,2,8,4,7,3,3,5,1,2
646,0,1,1,6,0,1,4,7,4,5,0,2,0,0,2,2,4,2,0,2,5,5,2
463,2,3,1,2,0,1,3,9,2,1,1,0,0,3,2,1,2,2,1,2,5,17,1
463,2,0,1,4,0,0,16,2,2,5,1,0,0,3,2,8,2,2,3,3,5,10,1
405,4,4,1,2,0,2,3,7,2,5,7,0,0,3,2,8,2,2,0,2,5,1,2
405,4,0,1,1,0,1,3,9,2,5,7,0,0,3,2,8,2,2,3,3,5,12,2
513,5,4,0,4,0,0,10,7,4,5,1,0,0,3,2,8,3,1,0,2,5,1,2
513,5,1,1,1,0,0,0,9,4,5,1,0,0,3,2,8,3,2,3,3,5,0,2
513,5,0,1,2,0,5,0,9,2,5,1,0,0,3,2,8,3,2,0,2,5,10,2
210,2,4,0,4,2,2,8,7,2,5,1,0,0,3,2,8,2,2,1,2,5,11,2
45,2,0,1,4,0,1,14,7,4,5,0,0,0,3,2,8,2,9,3,3,5,10,2
674,1,0,1,4,0,1,3,7,6,5,7,0,0,0,2,8,1,2,2,2,5,16,2
674,1,0,1,4,0,3,10,6,4,5,7,2,0,0,2,8,1,1,0,2,5,12,2
947,6,0,1,4,2,3,10,7,4,5,0,0,0,3,2,8,2,2,3,3,5,12,2
394,6,0,1,1,2,3,4,6,1,5,0,0,3,3,4,8,2,2,3,3,5,12,2
193,4,0,1,4,2,2,0,7,4,5,7,0,0,3,2,8,2,2,1,2,5,9,2
193,4,1,1,4,2,3,0,7,0,5,7,0,0,3,2,8,2,2,1,2,5,1,2
201,5,2,1,2,2,3,0,6,3,5,7,0,0,3,2,8,2,2,3,3,5,10,2
334,1,2,1,1,0,2,3,1,4,5,1,0,0,3,2,8,2,2,3,3,5,10,1
334,1,2,1,1,2,3,0,7,6,5,1,0,0,3,2,8,2,2,0,2,5,0,1
334,1,2,1,4,2,4,14,9,6,5,1,0,0,3,2,8,2,7,2,2,6,5,1
325,0,2,1,4,2,1,7,7,6,5,1,0,3,3,3,8,1,9,1,2,5,10,1
608,0,1,1,2,2,2,13,7,1,5,7,0,0,3,2,8,2,2,3,3,5,1,1
63,1,1,1,1,2,3,4,12,4,5,7,0,0,3,2,8,2,2,3,3,5,10,2
451,0,0,1,1,2,4,5,6,2,5,0,0,3,3,4,8,2,7,0,2,5,10,2
451,0,1,1,4,2,2,6,6,2,5,0,0,3,3,4,2,2,2,0,2,5,3,2
451,0,1,1,4,2,2,0,6,2,5,0,0,3,3,4,2,2,9,1,2,5,9,2
906,6,0,1,4,0,0,0,12,4,5,7,0,0,3,2,8,2,2,3,3,5,1,2
477,0,0,1,2,2,2,14,6,2,5,7,0,0,3,2,8,2,2,0,2,5,3,1
712,6,0,1,4,0,2,11,12,2,5,4,0,3,0,4,2,1,2,3,3,5,1,2
206,1,2,1,4,0,3,14,7,2,5,3,0,0,3,2,2,3,3,3,3,5,1,2
206,1,0,1,4,0,2,0,7,4,5,3,0,0,3,2,2,3,2,2,2,1,12,2
614,1,0,1,4,0,5,2,7,2,5,1,0,3,0,4,1,2,9,0,2,5,1,2
614,1,0,1,0,0,4,0,9,4,5,1,4,3,0,4,8,2,2,2,2,5,18,2
614,1,4,0,1,0,2,0,7,4,5,1,0,3,0,4,8,2,2,0,1,5,2,2
657,1,4,0,4,0,2,10,4,4,5,1,0,0,0,2,8,2,2,2,2,5,10,2
657,1,0,1,2,0,2,13,1,4,5,1,0,0,0,2,8,2,2,2,2,6,10,2
348,2,0,1,4,0,2,0,2,2,5,1,0,0,3,2,8,2,2,2,2,6,3,2
348,2,0,1,4,0,1,10,6,2,5,1,0,0,3,2,8,2,9,2,2,5,3,2
348,2,2,1,4,0,3,5,6,4,5,1,4,0,3,2,2,2,2,3,3,5,10,2
492,6,3,1,4,0,0,5,6,2,5,1,0,0,3,2,8,3,1,0,2,5,1,2
492,6,3,1,6,0,4,9,7,2,5,1,0,0,3,2,2,3,1,3,3,5,16,2
492,6,1,1,1,0,0,5,9,4,5,1,0,0,3,2,8,3,2,1,2,5,10,2
492,6,4,1,4,0,2,5,6,6,7,1,0,0,3,2,8,3,5,2,2,5,16,2
492,6,4,1,4,0,0,9,9,6,5,1,0,0,3,2,8,3,7,2,2,1,9,2
399,6,1,1,1,2,2,11,12,2,5,3,0,0,3,2,2,2,2,3,3,5,10,2
399,6,1,1,4,0,1,0,6,2,2,3,0,0,3,2,2,2,1,0,2,5,10,2
516,4,1,1,4,2,4,8,7,6,5,1,0,0,3,2,8,4,1,0,2,5,12,2
516,4,0,1,6,0,2,7,2,6,5,1,4,0,3,2,8,4,9,0,2,5,0,2
516,4,1,1,4,0,1,0,7,2,5,1,0,0,3,2,8,4,2,2,2,5,5,2
516,4,0,1,4,0,3,14,6,2,6,1,0,0,3,2,8,4,2,3,3,5,0,2
612,4,1,1,4,0,2,8,6,2,5,7,0,0,3,2,8,2,2,0,2,5,1,2
612,4,1,1,4,0,3,5,6,2,2,7,1,0,3,2,2,2,2,3,3,5,4,2