Time,Day_of_week,Age_band_of_driver,Sex_of_driver,Educational_level,Vehicle_driver_relation,Driving_experience,Type_of_vehicle,Area_accident_occured,Lanes_or_Medians,Road_allignment,Types_of_Junction,Road_surface_type,Road_surface_conditions,Light_conditions,Weather_conditions,Type_of_collision,Number_of_vehicles_involved,Vehicle_movement,Casualty_class,Casualty_severity,Pedestrian_movement,Cause_of_accident,Accident_severity
371,1,4,1,4,0,4,5,7,0,1,7,0,3,3,2,8,2,2,0,2,5,1,2
371,1,1,1,4,2,2,5,7,2,5,7,0,3,3,2,8,2,2,0,2,5,1,2
351,5,1,1,4,0,1,5,2,5,7,1,0,0,3,2,8,2,2,3,3,5,9,2
351,5,3,1,1,0,4,8,12,4,5,1,2,0,3,2,8,2,1,0,2,5,9,2
453,5,1,1,4,0,1,8,2,2,5,1,0,0,3,2,1,2,2,3,3,5,0,2
453,5,1,1,4,0,2,0,6,4,5,1,0,0,3,2,1,2,2,0,2,5,9,2
351,4,0,1,2,0,3,7,7,6,5,7,0,0,3,2,8,2,2,2,2,5,10,2
398,2,1,1,4,0,2,0,7,0,5,7,0,0,3,2,8,2,7,3,3,5,1,2
398,2,1,1,1,0,0,6,7,0,5,7,0,0,3,2,8,2,3,0,2,5,0,2
398,2,2,1,1,0,2,0,6,2,1,7,0,0,3,2,8,2,2,3,3,5,12,2
558,2,0,1,4,0,2,0,7,2,5,7,0,0,3,2,8,2,2,0,2,5,10,1
558,2,0,1,4,0,0,9,7,2,5,7,0,0,3,2,8,2,2,3,3,5,12,1
981,6,2,1,4,2,2,3,9,2,5,7,0,0,3,2,8,2,2,0,2,5,5,2
496,5,3,1,0,0,3,8,0,6,3,7,0,3,3,4,6,2,2,0,1,5,0,2
496,5,3,1,2,0,4,5,7,2,7,7,0,3,3,4,8,2,4,0,2,5,1,2
940,4,1,1,4,0,0,0,7,4,7,7,0,0,3,2,8,2,2,3,3,5,1,1
940,4,1,1,4,0,3,10,2,4,5,7,0,0,3,2,8,2,2,3,3,5,5,1
177,4,4,0,4,2,3,0,9,4,5,1,0,0,3,2,8,2,2,0,2,5,9,2
177,4,0,1,4,0,3,11,7,4,5,1,0,0,3,2,8,2,2,0,2,5,0,2
177,4,0,1,4,0,5,9,7,2,5,1,0,0,3,2,2,2,2,2,2,1,11,2
380,2,3,1,4,0,0,0,7,0,5,1,0,0,3,2,2,1,3,3,3,5,10,1
564,0,4,1,3,2,0,5,1,2,5,1,0,3,3,4,8,2,3,0,2,5,10,2
564,0,0,1,4,2,4,0,1,1,5,1,0,3,3,4,2,2,3,3,3,5,0,2
727,5,1,1,4,2,0,8,7,2,5,1,0,0,0,2,8,1,4,2,2,5,1,2
716,3,0,1,4,2,1,9,6,2,5,1,0,0,0,2,8,3,2,3,3,5,3,2
716,3,0,1,5,2,2,0,9,2,5,1,0,0,0,2,8,3,11,0,2,5,10,2
716,3,0,1,5,2,3,0,7,2,5,1,0,0,0,2,8,3,9,3,3,5,0,2
716,3,1,1,4,2,1,0,9,4,3,1,0,0,0,2,8,3,1,2,2,5,9,2
523,0,1,1,1,2,3,14,2,0,5,7,0,0,3,2,8,2,2,2,2,6,10,2
523,0,0,1,6,2,2,7,7,1,5,7,0,0,3,2,1,2,2,1,2,5,11,2
264,0,1,1,4,2,2,7,7,4,5,7,0,0,3,2,2,2,9,0,2,5,10,2
929,4,0,1,4,2,4,10,1,2,3,1,0,3,3,2,8,4,7,3,3,5,3,2
929,4,1,1,4,2,1,5,7,4,5,1,0,3,3,2,2,4,3,3,3,5,12,2
929,4,0,1,1,0,1,9,6,2,5,1,0,3,3,2,8,4,4,0,2,5,1,2
929,4,1,1,4,0,1,0,9,4,5,1,0,3,3,2,8,4,2,3,3,5,9,2
415,0,0,1,4,0,1,0,6,1,5,7,2,0,3,2,1,2,2,0,2,5,12,2
415,0,0,1,4,0,2,14,6,2,5,7,0,0,3,2,8,2,2,0,1,5,11,2
435,1,0,1,1,0,2,5,9,4,5,5,0,3,3,2,8,2,2,3,3,5,5,2
435,1,0,1,4,0,2,11,7,4,5,5,2,3,3,2,1,2,2,2,2,1,9,2
118,1,0,1,4,0,3,9,7,6,5,1,0,0,3,2,8,2,2,0,1,5,1,1
359,5,0,1,4,2,2,9,9,4,5,1,2,0,3,2,8,2,4,3,3,5,10,2
359,5,1,1,4,0,2,7,6,4,5,1,0,0,3,2,8,2,3,0,2,5,9,2
231,1,2,1,4,0,4,9,9,4,5,3,0,0,3,2,2,2,2,3,3,5,10,1
969,6,4,1,4,0,2,0,7,2,5,1,0,0,3,2,8,1,2,2,2,6,11,2
178,2,4,1,4,0,2,5,1,2,5,7,0,0,3,2,8,2,3,2,1,5,12,2
178,2,1,1,2,0,3,5,12,2,5,7,0,0,3,2,2,2,2,3,3,5,1,2
178,2,1,1,4,0,3,5,6,4,5,7,0,0,3,2,8,2,2,3,3,5,10,2
49,4,1,1,4,0,3,0,9,4,5,7,0,0,3,2,8,2,2,1,2,5,0,2
228,4,2,1,4,0,3,0,7,4,5,1,0,0,3,2,8,1,4,0,2,5,9,2
649,2,0,1,4,0,2,0,7,6,3,7,0,0,0,2,8,1,2,2,2,5,10,1
332,0,1,1,4,0,1,11,6,1,3,7,1,0,3,2,8,3,3,2,2,5,1,2
332,0,1,1,4,0,4,4,9,2,5,7,0,0,3,2,8,3,3,1,2,5,12,2
332,0,4,1,4,0,4,8,7,2,5,7,0,0,3,2,8,3,3,1,2,5,7,2
963,0,0,1,4,0,1,4,9,4,5,1,0,0,3,2,8,2,2,0,2,5,10,2
963,0,0,1,1,0,4,8,2,2,5,1,0,0,3,2,8,2,2,2,2,6,10,2
963,0,4,1,4,0,4,13,9,2,5,1,0,0,3,2,8,2,2,0,2,5,0,2
278,6,0,1,4,0,4,5,4,2,5,3,0,0,3,2,1,2,2,0,2,5,10,1
278,6,0,1,4,0,0,7,2,2,5,3,0,0,3,2,8,2,2,3,3,5,1,1
130,0,4,1,1,0,3,7,9,4,3,1,0,0,3,7,8,2,7,0,2,5,10,2
955,6,0,1,2,0,1,0,6,4,5,7,0,0,3,2,8,3,2,3,3,5,7,2
955,6,0,1,4,0,1,10,5,2,7,7,0,0,3,2,8,3,7,0,2,5,14,2
955,6,0,1,0,0,3,5,2,2,3,7,0,0,3,2,8,3,2,2,2,5,3,2
583,1,3,1,4,0,1,0,2,2,3,1,0,3,0,4,8,2,4,3,3,5,10,2
662,6,0,1,4,0,2,5,6,4,5,0,3,0,0,2,1,2,2,3,3,5,3,1
452,4,0,1,4,0,4,5,9,2,5,1,0,0,3,2,8,2,2,0,2,5,10,2
375,5,1,1,4,0,4,5,11,6,5,7,0,3,3,2,8,2,2,0,2,5,7,2
375,5,2,1,4,0,0,5,7,2,5,7,0,3,3,2,8,2,2,0,2,5,11,2
270,0,0,1,1,0,1,7,9,4,5,1,0,0,3,2,8,2,2,2,1,5,1,2
270,0,1,1,2,0,0,14,6,4,5,1,0,0,3,2,8,2,2,1,2,5,9,2
270,0,1,1,4,0,2,14,6,4,5,1,0,0,3,2,8,2,2,1,2,5,0,2
487,5,1,1,4,0,4,5,9,4,5,1,0,3,3,4,8,1,2,0,2,5,10,2
435,4,4,1,2,0,3,5,6,4,5,1,0,0,3,2,8,2,2,1,2,5,3,1
435,4,3,1,1,2,2,7,6,4,5,1,0,0,3,2,8,2,2,3,3,5,5,1
651,2,1,1,1,2,2,15,7,4,5,0,0,3,0,3,2,2,2,0,2,5,1,2
591,2,3,1,4,0,1,5,7,2,5,1,3,3,0,4,8,1,3,3,3,5,10,2
977,6,1,1,4,0,3,7,7,2,5,1,0,0,3,2,1,1,2,1,2,5,3,1
45,2,2,1,4,0,2,0,9,1,5,7,0,0,3,2,8,2,2,1,2,5,11,2
45,2,0,1,2,0,0,11,12,4,6,7,0,0,3,2,1,2,2,1,2,5,10,2
420,5,0,1,4,2,2,0,6,2,5,3,2,0,3,7,1,2,2,0,2,5,9,2
117,6,4,1,4,0,2,5,2,1,5,0,0,0,3,2,8,2,7,3,3,5,12,2
117,6,1,1,4,0,4,7,7,4,5,0,0,0,3,2,8,2,2,1,2,5,10,2
225,5,1,1,4,0,2,7,7,2,5,1,3,0,3,2,8,2,4,1,2,5,1,2
225,5,1,1,4,0,2,7,7,2,5,1,0,0,3,2,8,2,0,1,2,5,9,2
225,5,1,1,2,0,3,5,6,3,5,1,0,0,3,2,8,2,2,3,3,5,3,2
139,5,4,0,4,0,3,5,9,4,5,7,2,0,3,2,8,2,2,2,2,1,1,2
139,5,0,1,4,0,3,8,6,1,5,7,0,0,3,2,8,2,2,2,2,6,10,2
139,5,0,1,4,0,3,4,9,2,5,7,0,0,3,2,8,2,2,0,2,5,9,2
417,6,1,1,4,0,3,0,6,4,5,0,0,0,3,2,8,2,2,3,3,5,3,2
417,6,1,1,4,0,2,0,7,2,5,0,0,0,3,2,8,2,2,0,2,5,10,2
568,1,3,1,4,0,1,8,6,1,5,7,0,0,3,2,6,2,2,3,3,5,12,2
568,1,0,1,4,0,4,0,12,4,5,7,2,0,3,2,2,2,2,0,2,5,1,2
568,1,0,1,4,0,4,7,9,1,5,7,0,0,3,2,8,2,1,3,3,5,9,2
956,6,4,1,4,0,1,5,6,4,5,3,0,3,3,3,8,2,1,0,2,5,5,2
956,6,0,1,1,0,4,10,9,4,5,3,0,3,3,3,8,2,1,3,3,5,1,2
956,6,0,1,4,0,4,8,6,4,5,3,0,3,3,3,1,2,3,0,1,5,12,2
76,3,0,1,6,0,4,8,7,2,5,1,0,0,3,2,8,2,12,3,3,5,11,2
811,3,0,1,4,0,4,10,6,2,5,1,0,0,0,2,1,2,2,2,2,5,11,2
811,3,0,1,4,0,0,9,6,2,5,1,0,0,0,2,1,2,4,2,2,1,1,2
291,4,0,1,1,0,3,5,9,2,5,7,0,0,3,2,1,3,2,2,2,5,6,2
291,4,0,1,1,0,3,8,7,2,5,7,0,0,3,2,8,3,2,0,2,5,0,2
291,4,0,1,1,0,4,5,7,4,5,7,2,0,3,2,2,3,2,3,3,5,0,2
626,5,0,1,2,0,1,8,6,2,5,0,0,3,0,4,8,2,2,2,2,4,4,2
626,5,1,1,4,0,1,3,6,2,5,0,0,3,0,4,8,2,5,3,3,5,0,2
466,4,0,1,0,0,3,0,2,4,5,2,0,0,3,2,2,2,2,0,1,5,5,2
466,4,0,1,4,0,1,11,7,1,5,2,0,0,3,2,8,2,2,1,2,5,11,2
839,1,0,1,4,0,1,5,6,4,5,1,4,0,3,2,8,2,2,0,2,5,0,2
839,1,1,1,2,0,0,11,6,2,5,1,3,0,3,2,8,2,9,3,3,5,9,2
192,5,1,1,4,0,4,0,9,2,5,7,0,0,3,2,6,2,1,3,3,5,12,2
872,6,1,1,4,0,4,5,6,4,5,7,0,0,3,2,8,2,1,3,3,5,16,2
354,5,4,0,4,0,0,0,7,4,5,1,0,0,3,2,8,3,5,0,2,5,0,2
354,5,1,1,1,0,1,10,7,6,3,1,0,0,3,2,2,3,2,3,3,5,1,2
354,5,1,1,2,0,0,0,6,1,3,1,0,0,3,2,8,3,2,0,2,5,16,2
352,2,2,1,4,0,2,11,9,2,5,1,2,0,3,2,6,2,2,0,2,5,14,2
352,2,3,1,4,0,4,5,7,2,5,1,0,0,3,2,2,2,7,2,2,5,13,2
463,2,2,1,2,0,3,0,9,4,5,7,0,0,3,2,8,2,1,0,2,5,12,0
463,2,2,1,1,2,2,4,2,2,5,7,0,0,3,2,8,2,2,3,3,5,1,0
463,2,2,1,1,0,4,10,9,2,5,7,0,0,3,2,8,2,2,1,2,5,9,0
463,2,4,1,4,0,2,10,6,1,5,7,0,0,3,2,8,2,2,3,3,5,0,0
278,0,1,1,4,0,1,3,7,1,5,1,0,0,3,2,8,3,2,3,3,5,10,2
278,0,1,1,4,0,3,5,4,2,5,1,0,0,3,2,1,3,8,0,2,5,12,2
278,0,1,1,4,0,2,4,2,2,5,1,0,0,3,2,8,3,5,3,3,5,10,2
930,6,1,1,2,0,0,5,9,4,3,1,0,3,3,3,8,2,2,0,2,5,10,2
400,1,4,1,4,0,2,15,6,4,5,1,0,0,3,7,8,1,2,0,2,5,11,2
390,1,0,1,4,0,2,0,2,2,3,7,0,0,3,2,2,2,2,2,1,6,7,2
969,1,3,1,4,0,2,5,2,2,3,1,0,0,3,2,8,2,2,3,3,5,14,2
969,1,1,1,1,0,0,0,6,6,7,1,0,0,3,2,8,2,2,3,3,5,1,2
632,2,0,1,0,0,0,5,12,2,5,7,0,0,0,2,8,2,2,1,2,5,13,1
415,5,4,1,4,0,3,0,9,2,5,1,0,0,3,2,8,2,1,2,2,5,0,2
415,5,4,1,4,0,0,0,6,6,7,1,0,0,3,2,8,2,2,2,2,1,1,2
440,4,3,1,4,0,2,0,11,6,5,7,0,0,3,2,2,3,2,0,2,5,11,2
440,4,0,1,4,0,1,15,7,2,5,7,0,0,3,2,8,3,2,3,3,5,15,2
7,3,0,1,4,0,1,0,6,4,5,7,0,0,0,2,8,2,2,1,2,5,1,0
7,3,3,1,4,0,3,8,9,4,5,7,0,0,0,2,8,2,2,1,2,5,10,0
661,6,0,1,0,2,0,0,6,4,5,1,0,0,0,2,8,2,2,0,2,5,10,2
424,0,1,1,4,0,0,10,6,2,5,1,0,0,3,2,6,3,2,2,2,5,13,2
424,0,0,1,4,0,2,4,7,4,5,1,2,0,3,2,8,3,2,2,1,5,3,2
424,0,0,1,4,0,3,14,7,2,5,1,0,0,3,2,8,3,2,0,2,5,0,2
169,5,4,0,4,0,3,12,7,2,5,0,0,3,3,4,8,2,2,0,2,5,3,2
169,5,2,1,4,2,2,14,9,1,5,0,0,3,3,4,8,2,2,0,2,5,0,2
163,4,4,0,1,0,1,0,12,4,6,1,0,0,3,2,8,2,2,2,2,5,12,2
163,4,0,1,4,0,1,0,9,4,6,1,0,0,3,2,8,2,2,2,2,5,10,2
921,0,0,1,4,0,4,7,6,2,5,7,0,0,3,2,8,2,2,0,2,5,1,2
921,0,0,1,4,0,1,15,2,1,5,7,0,0,3,2,8,2,2,3,3,5,1,2
698,5,4,1,4,0,1,0,7,4,5,7,0,0,0,7,2,2,2,0,2,5,2,2
698,5,0,1,1,0,2,14,7,1,5,7,0,0,0,7,8,2,7,3,3,5,10,2
879,3,4,1,4,0,3,0,7,2,5,1,0,0,3,2,8,2,2,1,2,5,1,2
326,0,1,1,4,0,2,0,6,3,5,7,0,0,3,2,1,1,2,3,3,5,13,2
277,0,0,1,0,0,1,5,9,4,5,7,0,0,3,2,1,2,2,0,2,5,13,2
783,3,4,1,4,0,4,9,6,1,5,1,0,0,0,2,8,2,2,3,3,5,10,2
420,5,2,1,4,0,1,0,12,4,5,7,0,0,3,2,8,1,2,3,3,5,1,2
515,4,1,1,2,0,2,0,6,4,5,1,0,0,0,2,8,2,2,3,3,5,1,2
551,2,4,0,0,0,0,5,9,4,5,1,0,0,0,2,8,2,2,0,2,5,16,1
551,2,1,1,4,0,4,9,6,4,5,1,0,0,0,2,8,2,1,0,2,5,13,1
143,3,4,1,2,0,4,0,9,4,5,1,0,0,3,2,8,2,2,1,2,5,2,2
143,3,0,1,2,0,4,0,7,2,5,1,0,0,3,2,1,2,9,0,2,5,19,2
633,0,4,1,4,0,3,9,1,2,5,1,0,0,0,2,8,2,2,2,2,5,13,2
633,0,4,0,4,0,3,4,9,2,5,1,0,0,0,2,8,2,2,3,3,5,12,2
720,0,4,0,5,0,4,0,9,4,5,1,0,0,0,2,8,1,9,0,2,5,16,1
492,1,4,1,2,0,1,5,7,4,5,1,0,3,0,4,2,2,2,0,2,5,12,2
492,1,1,1,4,2,0,8,7,3,5,1,0,3,0,4,8,2,1,3,3,5,11,2
492,1,1,1,4,0,2,4,2,3,5,1,0,3,0,4,8,2,1,0,2,5,1,2
425,2,4,1,1,0,1,14,7,3,5,7,0,0,3,2,8,2,2,2,2,5,3,2
425,2,1,1,1,2,2,7,2,3,5,7,0,0,3,2,8,2,5,3,3,5,1,2
155,1,4,0,4,0,3,7,2,2,5,7,0,0,3,2,1,2,7,0,2,5,1,2
155,1,1,1,4,0,2,4,7,4,5,7,0,0,3,2,1,2,2,1,2,5,0,2
978,3,1,1,4,0,2,0,12,6,5,7,0,0,3,2,8,2,1,2,2,5,3,2
978,3,1,1,4,0,3,5,9,4,5,7,0,0,3,2,2,2,7,2,2,1,10,2
106,3,0,1,4,0,1,5,6,4,5,7,0,3,3,4,8,2,3,0,2,5,0,2
106,3,2,1,4,0,0,0,9,4,5,7,0,3,3,4,8,2,2,0,2,5,12,2
106,3,2,1,1,0,2,5,9,2,5,7,0,3,3,4,2,2,2,3,3,5,10,2
134,0,2,1,4,0,2,10,9,4,5,0,0,0,3,2,8,2,2,0,2,5,9,2
134,0,0,1,4,0,3,3,9,2,5,0,0,0,3,2,8,2,7,2,2,5,9,2
733,5,1,1,4,0,1,0,7,6,5,7,0,0,0,2,2,2,2,0,2,5,10,2
733,5,1,1,4,2,3,0,7,4,5,7,4,0,0,2,8,2,2,2,2,1,10,2
952,4,4,1,4,0,1,7,7,1,5,1,0,0,3,2,2,2,2,0,2,5,10,2
380,6,0,1,1,0,2,3,9,4,5,7,0,0,3,2,8,1,1,0,2,5,3,2
155,5,0,1,4,0,2,9,9,4,5,1,0,0,3,2,8,2,2,2,2,5,0,2
470,5,1,1,1,0,3,7,7,2,5,1,0,0,3,2,8,1,2,3,3,5,3,1
557,0,1,1,4,0,2,7,7,6,5,0,0,0,3,2,8,2,7,0,2,5,10,2
16,2,2,1,4,0,3,7,6,0,1,1,0,0,0,2,2,2,2,0,2,5,1,2
16,2,0,1,2,2,1,9,6,0,5,1,0,0,0,2,8,2,2,2,2,1,10,2
318,1,2,1,4,0,0,7,7,0,5,7,0,0,3,8,8,2,2,0,2,5,10,2
318,1,3,1,4,0,0,4,6,2,5,7,0,0,3,8,2,2,2,3,3,5,17,2
178,0,0,1,1,2,1,7,7,4,5,1,0,3,3,4,1,2,2,0,2,5,11,1
297,0,2,1,4,0,4,7,2,2,5,7,0,0,3,2,8,2,2,0,2,5,13,2
297,0,2,1,4,0,1,5,7,2,5,7,2,0,3,2,8,2,2,3,3,5,9,2
395,5,4,1,4,0,2,10,9,2,5,7,0,0,3,2,2,2,2,2,2,6,10,2
395,5,0,1,4,0,3,0,7,4,5,7,0,0,3,2,8,2,2,3,3,5,9,2
866,6,0,1,1,0,1,8,9,4,5,1,0,3,3,4,8,1,3,0,2,5,12,2
390,5,3,1,1,2,3,5,9,2,5,0,0,0,3,2,8,1,3,3,3,5,3,2
274,3,0,1,4,0,0,9,7,2,5,1,0,0,3,2,1,2,3,0,1,5,10,2
274,3,0,1,4,0,2,7,7,2,5,1,0,0,3,2,2,2,4,1,2,5,13,2
38,2,0,1,4,0,1,5,7,4,5,2,0,0,3,2,1,2,2,3,3,5,1,2
38,2,2,1,4,0,1,8,7,0,5,2,0,0,3,2,8,2,11,3,3,5,10,2
916,0,0,1,4,0,1,7,9,2,5,7,0,3,3,4,8,3,9,0,2,5,3,2
916,0,4,1,4,0,1,5,1,4,5,7,0,3,3,4,8,3,1,0,2,5,10,2
916,0,0,1,4,0,3,12,7,6,5,7,0,3,3,4,8,3,2,3,3,5,12,2
559,0,0,1,4,0,3,0,6,4,5,0,3,0,0,2,8,2,2,0,2,5,1,2
559,0,0,1,1,0,2,0,7,4,5,0,0,0,0,2,2,2,2,3,3,5,11,2
559,0,0,1,1,0,2,5,6,4,5,0,0,0,0,2,8,2,3,0,2,5,18,2
511,0,1,1,4,0,2,5,7,4,5,0,0,3,0,2,8,2,4,2,2,5,4,2
511,0,0,1,4,0,3,3,7,0,5,0,0,3,0,2,8,2,2,2,2,5,3,2
124,6,2,1,4,0,2,14,6,3,5,1,0,0,3,2,8,2,2,3,3,5,4,1
124,6,1,1,4,0,3,9,9,6,5,1,0,0,3,2,8,2,2,0,2,5,3,1
460,4,0,1,1,0,4,0,1,4,5,1,0,0,3,2,8,1,2,3,3,5,11,2
624,3,2,1,1,0,2,9,7,6,5,1,0,0,0,5,8,1,2,0,2,5,3,2
161,4,2,1,1,0,0,5,9,6,5,3,0,3,3,4,8,2,2,0,2,5,1,2
161,4,0,1,1,0,2,0,7,6,5,3,0,3,3,4,8,2,2,3,3,5,9,2
959,0,0,1,1,0,2,5,7,6,5,1,0,3,3,2,5,1,2,1,2,5,3,2
158,6,0,1,1,0,1,5,7,1,5,0,0,0,3,2,8,3,2,0,2,5,1,1
158,6,0,1,1,0,2,8,7,2,5,0,0,0,3,2,2,3,4,1,2,5,3,1
163,3,2,1,4,0,3,0,12,4,5,1,0,3,3,2,8,1,2,2,2,5,3,2
467,4,1,1,4,0,3,0,6,2,5,1,0,0,0,2,8,2,3,0,2,5,1,1
467,4,1,1,1,0,4,4,6,2,5,1,0,0,0,2,8,2,2,3,3,5,1,1
80,5,1,1,1,0,2,1,6,2,5,0,0,0,3,2,8,1,3,2,2,5,3,2
257,2,3,1,1,0,1,5,12,4,5,1,4,0,3,2,2,2,2,0,2,5,1,2
54,0,0,1,1,0,1,4,6,2,5,0,0,0,3,2,8,3,2,3,3,5,13,2
54,0,4,1,4,0,3,0,12,2,5,0,0,0,3,2,2,3,2,0,2,5,1,2
492,6,4,0,4,0,1,0,7,2,5,3,0,0,0,7,8,2,2,3,3,5,16,1
536,5,0,1,1,0,2,10,7,4,5,7,0,3,0,6,8,1,3,0,2,5,13,1
63,4,4,1,1,0,2,9,7,2,5,1,0,0,3,2,2,2,3,3,3,5,4,2
63,4,0,1,1,0,0,7,9,4,5,1,0,0,3,2,8,2,3,0,2,5,16,2
63,4,0,1,4,0,0,0,7,4,5,1,0,0,3,2,8,2,2,2,2,5,9,2
231,1,1,1,1,2,0,10,1,4,5,7,0,3,3,4,8,3,2,3,3,5,12,2
231,1,3,1,4,0,2,0,2,2,5,7,0,3,3,4,8,3,4,0,2,5,11,2
231,1,3,1,4,0,1,7,6,2,5,7,4,3,3,4,1,3,2,1,2,5,1,2
231,1,3,1,4,0,1,8,7,2,5,7,0,3,3,4,8,3,2,1,2,5,1,2
231,1,1,1,4,0,2,5,6,4,5,7,0,3,3,4,2,3,2,0,2,5,1,2
345,0,4,1,4,2,4,0,6,2,5,1,0,0,3,0,8,2,7,3,3,5,4,2
345,0,0,1,2,0,4,0,7,2,5,1,0,0,3,0,8,2,3,0,2,5,0,2
405,2,1,1,4,0,1,7,9,6,5,1,0,3,0,3,8,2,7,1,2,5,9,2
875,6,0,1,4,0,1,0,12,2,5,0,0,0,0,4,8,2,2,3,3,5,10,2
875,6,2,1,4,0,2,0,6,2,2,0,0,0,0,4,8,2,7,0,2,5,13,2
375,5,3,1,1,0,2,0,7,6,5,7,4,0,0,2,8,2,4,2,2,5,12,2
375,5,0,1,4,0,2,5,2,6,5,7,0,0,0,2,2,2,2,2,2,5,13,2
229,5,0,1,3,0,1,8,7,2,5,0,0,0,3,2,2,2,2,2,2,5,3,2
828,3,0,1,4,0,2,14,6,2,6,1,0,3,0,4,8,1,2,3,3,5,10,2
828,3,0,1,4,0,4,7,6,2,5,1,0,3,0,4,8,1,2,0,2,5,9,2
352,4,4,1,1,0,1,14,2,4,2,0,0,3,3,2,1,2,2,0,2,5,9,2
352,4,1,1,1,0,1,5,6,4,1,0,0,3,3,2,8,2,2,0,2,5,11,2
928,1,0,1,1,0,2,0,7,0,1,1,0,3,3,2,8,1,2,1,2,5,0,2
893,5,0,1,4,0,3,0,12,4,5,0,0,3,0,7,2,2,2,2,1,6,10,2
449,4,0,1,1,0,2,0,7,0,5,1,0,3,0,0,8,2,2,2,2,5,3,2
895,1,2,1,4,0,1,8,6,2,1,1,0,3,0,3,8,2,2,2,2,5,7,2
477,0,1,1,4,0,3,5,7,2,5,1,0,3,0,3,2,1,9,3,3,5,0,2
415,0,4,1,4,0,1,0,9,2,5,1,0,0,0,2,8,2,2,3,3,5,12,2
178,2,4,1,2,2,3,5,6,4,5,1,2,3,3,4,8,2,2,1,2,5,1,2
93,1,2,1,4,0,3,5,6,6,6,1,0,3,3,4,8,2,2,0,2,5,10,2
975,0,3,1,0,0,2,0,9,4,5,7,0,0,3,2,2,2,2,0,2,5,12,2
975,0,1,1,4,0,2,10,9,6,5,7,0,0,3,2,1,2,2,3,3,5,0,2
511,6,0,1,4,0,3,0,4,6,5,7,0,0,0,7,8,2,9,3,3,5,12,2
959,6,0,1,4,0,1,10,9,6,5,1,0,0,3,3,8,1,7,1,2,5,18,2
327,1,1,1,4,0,4,0,6,4,5,1,0,0,3,2,8,1,4,1,2,5,10,1
420,6,0,1,4,0,3,4,6,0,0,1,2,0,0,2,8,2,2,1,2,5,10,2
420,6,1,1,4,0,0,0,6,6,5,1,0,0,0,2,8,2,2,3,3,5,10,2
192,3,1,1,0,0,2,5,6,4,0,3,0,0,3,2,8,2,9,0,2,5,0,2
192,3,4,1,4,0,2,7,6,1,5,3,0,0,3,2,2,2,4,3,3,5,12,2
111,3,2,1,1,2,4,8,6,4,5,1,0,0,3,2,6,2,2,0,2,5,2,1
431,5,0,1,4,0,3,6,9,6,5,1,0,0,0,2,1,1,4,3,3,5,13,2
214,3,3,1,4,0,0,4,7,1,5,1,0,0,3,3,8,2,9,0,2,5,11,1
247,6,0,1,4,2,1,4,2,4,5,0,3,0,3,4,1,3,2,3,3,5,0,1
247,6,2,1,4,0,3,0,4,4,5,0,0,0,3,4,8,3,2,3,3,5,9,1
786,0,0,1,4,0,1,0,6,0,5,0,0,0,2,2,8,2,2,3,3,5,10,1
956,1,4,1,4,0,0,15,0,4,5,2,0,3,3,7,8,1,2,0,2,5,9,2
197,1,0,1,4,0,2,7,13,6,5,1,0,0,3,2,2,3,7,1,2,5,10,1
197,1,1,1,4,0,1,15,4,6,5,1,0,0,3,2,8,3,7,1,2,5,0,1
197,1,1,1,1,0,2,4,9,3,5,1,0,0,3,2,8,3,7,0,2,5,0,1
470,2,0,1,0,2,2,0,9,4,5,7,0,0,2,2,8,2,2,1,2,5,11,0
470,2,0,1,4,0,1,7,7,4,5,7,0,0,2,2,8,2,2,2,2,5,0,0
470,2,0,1,4,0,1,0,9,6,5,7,0,0,2,2,8,2,2,3,3,5,3,0
470,2,0,1,4,0,1,0,10,4,1,7,0,0,2,2,8,2,2,1,2,5,3,0
405,0,0,1,4,0,2,0,10,4,1,1,0,3,0,2,8,2,3,2,2,6,11,2
405,0,0,1,4,0,0,0,6,0,5,1,0,3,0,2,8,2,2,0,2,5,7,2
206,4,4,1,4,2,1,5,9,4,1,1,0,0,3,7,8,2,3,3,3,5,10,2
206,4,1,1,2,2,1,7,9,6,5,1,0,0,3,7,8,2,3,0,2,5,0,2
440,5,0,1,4,2,0,8,9,6,5,7,0,3,3,4,8,1,4,3,3,5,10,2
443,6,0,1,2,0,0,3,6,4,5,0,2,0,3,2,8,2,4,3,3,5,11,2
907,6,1,1,0,0,0,0,6,2,7,7,0,0,3,2,8,1,2,0,2,5,12,2
463,0,4,0,4,0,3,10,6,2,0,3,0,0,3,2,2,2,7,2,2,5,3,2
463,0,1,1,4,0,1,10,7,4,5,3,0,0,3,2,8,2,2,0,2,5,0,2