Time,Day_of_week,Age_band_of_driver,Sex_of_driver,Educational_level,Vehicle_driver_relation,Driving_experience,Type_of_vehicle,Area_accident_occured,Lanes_or_Medians,Road_allignment,Types_of_Junction,Road_surface_type,Road_surface_conditions,Light_conditions,Weather_conditions,Type_of_collision,Number_of_vehicles_involved,Vehicle_movement,Casualty_class,Casualty_severity,Pedestrian_movement,Cause_of_accident,Accident_severity
463,0,1,1,0,1,1,7,9,2,5,3,0,0,3,2,8,2,2,0,2,5,9,2
463,0,1,1,2,0,3,5,7,2,5,3,0,0,3,2,8,2,2,3,3,5,3,2
163,2,4,1,1,0,2,5,7,4,6,1,0,0,3,2,1,2,2,2,2,5,4,2
163,2,1,1,2,0,0,3,7,2,5,1,3,0,3,2,8,2,2,0,2,5,4,2
385,2,4,1,2,0,2,8,7,4,5,7,0,3,3,2,8,2,2,3,3,5,11,2
385,2,1,1,2,0,1,8,7,0,6,7,0,3,3,2,8,2,4,0,2,5,0,2
385,2,1,1,4,0,0,5,7,2,5,7,0,3,3,2,8,2,2,3,3,5,1,2
547,4,1,1,0,0,3,5,2,2,5,0,4,0,0,2,8,2,2,0,2,5,3,2
547,4,0,1,0,0,1,0,7,4,5,0,0,0,0,2,8,2,2,3,3,5,10,2
582,1,0,1,1,0,2,7,4,2,5,7,0,0,0,2,8,2,2,0,2,5,7,2
894,6,4,0,1,0,2,8,4,5,5,7,0,0,0,2,8,2,4,3,3,5,9,2
894,6,3,1,4,0,1,0,4,0,5,7,0,0,0,2,8,2,2,0,2,5,18,2
952,1,1,1,4,0,2,9,7,2,5,7,0,3,3,4,8,2,2,0,2,5,1,2
952,1,1,1,2,0,1,0,3,2,5,7,0,3,3,4,2,2,2,3,3,5,3,2
296,2,1,1,4,0,0,7,6,1,5,7,0,0,3,2,8,1,9,0,2,5,12,1
107,5,0,1,4,0,0,9,2,4,5,1,0,0,3,2,8,2,2,3,3,5,9,2
107,5,0,1,4,0,2,14,3,4,7,1,0,0,3,2,8,2,2,3,3,5,0,2
194,1,3,1,3,0,6,5,6,6,5,7,0,3,3,4,8,2,7,0,2,5,17,2
194,1,3,1,4,0,2,5,7,2,0,7,0,3,3,4,8,2,4,3,3,5,10,2
194,1,1,1,4,0,0,5,6,4,5,7,3,3,3,4,8,2,2,0,2,5,3,2
175,2,4,0,4,0,1,0,6,2,7,1,0,3,3,2,8,1,2,3,3,5,10,2
1001,5,4,1,4,0,3,5,7,0,3,7,0,0,3,2,2,2,3,0,2,5,0,2
139,2,4,1,2,0,0,9,9,4,5,3,4,0,3,2,8,2,2,2,2,5,10,2
139,2,2,1,4,0,3,0,7,2,5,3,0,0,3,2,8,2,2,0,2,5,10,2
650,6,1,1,4,0,0,14,6,0,5,3,4,0,0,2,8,1,3,3,3,5,0,2
235,2,2,1,4,0,1,0,6,4,7,1,0,3,3,2,6,3,2,0,2,5,10,2
235,2,2,1,4,0,3,5,6,6,5,1,0,3,3,2,8,3,2,3,3,5,0,2
235,2,2,1,4,0,1,7,7,2,6,1,0,3,3,2,8,3,2,3,3,5,10,2
235,2,1,1,1,0,2,8,2,4,5,1,0,3,3,2,2,3,2,0,2,5,10,2
168,1,1,1,1,0,0,5,6,0,5,3,0,0,3,2,8,2,2,3,3,5,0,2
672,2,0,1,1,0,2,10,6,4,5,1,0,0,0,3,2,2,2,0,1,5,9,2
458,3,4,1,4,0,0,0,6,6,5,1,0,0,3,3,2,1,7,3,3,5,1,2
331,3,0,1,4,0,2,5,9,2,5,1,0,3,3,2,8,1,2,2,2,5,10,2
954,3,0,1,4,0,2,9,6,2,5,1,0,0,3,2,8,2,2,0,2,5,16,2
954,3,1,1,4,0,1,6,9,4,5,1,0,0,3,2,2,2,2,2,2,6,13,2
655,6,4,1,4,0,0,9,6,0,5,7,0,0,0,2,2,1,2,3,3,5,13,0
534,3,4,0,4,0,2,5,6,0,5,0,0,0,0,2,8,2,2,0,2,5,1,2
534,3,1,1,4,0,4,0,7,2,5,0,0,0,0,2,8,2,2,3,3,5,11,2
357,0,4,1,4,0,2,5,7,2,5,0,0,0,3,2,8,1,4,0,1,5,12,2
562,5,0,1,4,2,2,14,9,2,5,1,0,0,2,2,2,2,3,3,3,5,0,2
562,5,0,1,4,0,2,0,2,0,5,1,0,0,2,2,8,2,2,3,3,5,16,2
104,5,3,1,2,0,1,0,9,0,5,3,0,0,3,2,8,2,2,0,2,5,10,2
466,4,0,1,4,0,3,7,6,2,6,1,2,0,3,2,8,1,4,1,2,5,1,2
466,4,0,1,4,0,4,0,9,2,5,1,0,0,3,2,8,1,2,3,3,5,0,2
560,0,0,1,1,0,1,10,7,2,5,0,0,0,0,2,8,2,2,0,2,5,3,2
984,5,0,1,4,0,1,0,6,2,5,1,0,0,3,2,8,2,2,3,3,5,11,2
984,5,4,1,4,0,0,9,7,2,5,1,0,0,3,2,8,2,2,0,2,5,3,2
410,0,3,1,4,0,1,9,7,2,5,7,0,0,3,2,8,2,2,2,2,4,9,2
657,4,3,1,2,0,4,8,2,4,5,1,0,0,0,2,8,2,2,0,2,5,10,1
288,4,4,1,4,0,1,8,7,4,5,7,0,0,3,2,8,3,2,3,3,5,0,2
288,4,1,1,2,0,3,5,7,1,5,7,3,0,3,2,8,3,9,2,2,1,0,2
288,4,0,1,4,0,3,0,9,2,5,7,0,0,3,2,2,3,2,0,2,5,9,2
375,4,4,1,2,0,2,14,6,1,5,1,2,0,3,2,8,1,2,0,2,5,1,2
375,4,4,1,4,0,3,6,4,2,5,1,0,0,3,2,2,1,2,0,1,5,12,2
429,1,0,1,4,0,1,7,6,5,5,1,0,0,3,2,6,2,2,3,3,5,3,2
470,0,1,1,1,1,2,0,2,6,5,1,0,0,3,2,8,1,2,0,2,5,5,2
704,4,1,1,4,0,3,0,0,4,5,3,0,0,0,2,8,3,4,2,2,5,3,1
492,4,0,1,4,0,4,7,7,2,5,1,0,0,3,2,1,1,1,2,2,1,9,1
400,0,1,1,4,1,4,0,7,2,5,1,0,0,3,2,6,2,2,0,2,5,3,2
400,0,1,1,2,2,2,5,7,2,5,1,0,0,3,2,6,2,2,2,2,1,1,2
385,6,3,1,1,2,2,8,6,6,5,1,0,0,3,2,8,2,4,3,3,5,0,2
686,0,0,1,4,0,1,0,6,2,5,7,0,0,0,2,8,2,3,1,2,5,3,2
686,0,0,1,0,0,2,8,6,4,5,7,0,0,0,2,4,2,4,2,2,5,9,2
686,0,1,1,4,2,1,0,7,6,5,7,0,0,0,2,8,2,2,0,2,5,10,2
555,0,1,1,4,0,1,0,7,4,5,0,0,0,3,2,8,2,2,2,1,5,0,2
63,1,0,1,4,0,1,5,9,4,5,1,0,0,3,2,8,2,2,0,1,5,0,2
63,1,4,1,1,0,0,5,2,4,5,1,0,0,3,2,1,2,2,0,1,5,3,2
435,6,4,1,4,2,0,0,2,6,5,6,0,0,0,2,8,2,2,2,2,5,10,2
348,5,2,1,4,0,1,7,7,2,5,7,2,0,3,2,8,2,2,2,2,5,1,2
348,5,1,1,1,0,3,7,12,6,3,7,0,0,3,2,2,2,2,3,3,5,4,2
453,4,4,1,4,0,1,0,6,2,6,1,4,0,3,2,8,2,2,3,3,5,10,2
453,4,2,1,4,0,1,7,7,6,3,1,0,0,3,2,8,2,2,0,2,5,16,2
561,3,4,1,4,0,1,5,6,4,5,0,0,0,3,2,2,2,2,2,2,1,5,2
561,3,0,1,4,0,1,9,7,4,5,0,0,0,3,2,8,2,2,2,2,5,11,2
357,1,0,1,4,0,1,9,6,4,5,7,0,0,3,2,8,2,2,3,3,5,1,2
357,1,0,1,1,0,2,5,7,0,5,7,0,0,3,2,6,2,2,0,2,5,0,2
951,1,0,1,1,0,1,7,2,6,5,7,0,0,3,2,6,3,2,1,2,5,1,2
951,1,2,1,4,0,3,5,6,2,5,7,0,0,3,2,1,3,2,0,2,5,5,2
71,6,4,1,2,0,3,11,7,4,7,1,0,0,3,7,8,3,3,1,2,5,12,2
71,6,4,1,4,0,2,5,9,4,5,1,0,0,3,7,8,3,2,3,3,5,0,2
71,6,4,1,4,2,1,7,9,4,5,1,0,0,3,7,1,3,2,0,2,5,1,2
71,6,4,0,4,0,1,0,7,6,5,1,0,0,3,7,8,3,2,2,2,5,0,2
869,5,2,1,1,2,2,0,7,2,3,0,0,3,3,2,2,2,2,0,2,5,16,2
1002,6,0,1,4,0,3,7,2,2,5,0,0,0,3,2,2,2,4,1,2,5,5,2
663,1,1,1,4,0,1,7,9,0,5,1,0,3,3,2,2,2,7,3,3,5,10,2
564,5,1,1,4,0,1,12,6,4,5,1,0,3,0,4,8,2,2,0,2,5,17,2
197,0,4,1,4,0,2,5,6,2,5,1,0,0,3,7,8,2,3,3,3,5,9,2
197,0,0,1,0,0,0,5,6,2,6,1,0,0,3,7,8,2,2,0,2,5,12,2
197,0,0,1,1,0,3,5,6,2,6,1,0,0,3,7,8,2,2,1,2,5,12,2
497,3,0,1,1,0,2,14,6,2,5,0,0,0,3,2,8,2,2,0,2,5,10,2
497,3,1,1,1,0,1,5,7,2,5,0,0,0,3,2,8,2,2,1,2,5,10,2
529,2,4,1,1,0,1,0,9,0,5,7,0,0,3,2,8,2,2,2,2,1,16,2
529,2,3,1,4,0,2,0,2,4,5,7,0,0,3,2,8,2,3,2,2,5,5,2
390,6,0,1,4,0,0,8,7,2,5,1,0,0,3,0,8,2,2,2,1,5,1,2
390,6,1,1,4,0,2,15,1,2,5,1,0,0,3,0,8,2,2,1,2,5,0,2
480,6,3,1,0,0,2,0,6,4,5,3,0,0,3,2,8,2,3,3,3,5,9,2
225,5,4,1,1,0,1,3,6,6,6,7,3,0,3,2,8,2,9,2,2,1,1,2
63,1,2,1,4,0,2,9,4,6,5,1,0,0,3,2,8,2,9,0,2,5,12,2
400,1,3,1,4,0,0,0,9,4,5,3,0,0,3,2,2,2,2,2,2,5,10,2
400,1,3,1,0,2,2,8,9,6,5,3,0,0,3,2,8,2,2,0,2,5,0,2
400,1,3,1,4,0,1,5,6,4,5,3,0,0,3,2,1,2,1,1,2,5,10,2
323,5,1,1,4,2,2,5,6,0,0,0,0,0,3,2,8,2,3,3,3,5,10,2
323,5,1,1,2,0,1,3,6,6,5,0,0,0,3,2,2,2,4,3,3,5,7,2
323,5,0,1,4,0,3,11,6,4,0,0,0,0,3,2,8,2,2,0,2,5,16,2
559,5,4,1,4,0,4,11,6,1,5,1,0,0,0,3,8,2,2,0,2,5,3,2
559,5,0,1,4,0,4,0,6,4,5,1,0,0,0,3,8,2,2,3,3,5,5,2
241,0,3,1,4,0,1,0,9,6,5,7,0,0,3,2,8,2,2,0,2,5,17,2
385,3,4,1,1,0,5,9,7,1,5,7,0,3,3,2,2,3,2,2,2,5,1,2
385,3,4,1,4,0,3,0,2,4,5,7,0,3,3,2,8,3,2,0,2,5,0,2
13,0,4,1,4,2,3,14,1,6,5,7,0,0,0,2,2,2,2,3,3,5,10,2
13,0,3,1,4,0,3,0,4,4,5,7,0,0,0,2,8,2,2,0,2,5,10,2
13,2,3,1,4,2,2,0,9,6,8,1,0,0,0,2,8,2,2,0,2,5,9,2
890,6,2,1,0,0,0,16,4,6,5,1,0,3,3,5,8,2,3,0,2,5,0,2
792,3,4,0,4,0,0,8,9,3,5,0,0,0,0,2,2,1,2,3,3,5,12,2
204,4,4,1,4,0,0,7,9,4,5,1,0,0,3,7,8,2,2,3,3,5,1,2
204,4,2,1,5,0,2,14,7,4,5,1,0,0,3,7,8,2,2,0,2,5,1,2
684,1,1,1,4,0,3,8,9,6,5,3,0,0,0,2,8,2,2,3,3,5,3,2
684,1,3,1,4,0,3,5,10,4,1,3,0,0,0,2,8,2,2,0,2,5,0,2
203,2,1,1,4,0,2,5,10,4,1,1,0,0,3,2,8,2,2,0,2,5,1,2
294,1,0,1,4,0,4,0,9,4,1,1,0,0,3,2,8,2,4,3,3,5,3,1
294,1,2,1,4,0,0,8,9,6,5,1,0,0,3,2,8,2,2,0,2,5,10,1
500,6,4,1,4,0,4,5,9,6,5,1,0,0,3,2,8,2,5,1,2,5,12,2
559,2,3,1,1,0,2,9,2,6,5,7,0,3,3,8,8,3,7,3,3,5,12,2
559,2,3,1,4,0,1,7,6,4,5,7,0,3,3,8,6,3,2,0,2,5,0,2
559,2,1,1,4,0,2,14,6,2,7,7,0,3,3,8,2,3,4,0,2,5,9,2
559,2,3,1,1,0,2,0,6,2,0,7,0,3,3,8,8,3,3,3,3,5,3,2
298,0,1,1,4,0,3,0,7,4,7,3,0,0,3,2,8,2,2,2,2,5,5,2
298,0,0,1,4,0,0,5,7,4,5,3,0,0,3,2,2,2,4,1,2,5,1,2
680,0,0,1,2,0,4,14,9,2,5,1,0,0,0,2,8,2,3,1,2,5,12,2
680,0,0,1,1,0,3,5,7,2,5,1,0,0,0,2,8,2,2,1,2,5,1,2
390,1,3,1,2,2,0,11,7,4,6,7,0,0,3,2,8,1,2,1,2,5,4,2
456,3,1,1,4,0,1,0,7,2,5,1,0,0,3,2,6,2,3,1,2,5,9,2
487,6,2,1,2,2,1,0,7,0,6,0,0,0,3,2,1,3,1,3,3,5,10,2
487,6,1,1,4,0,0,5,2,2,5,0,0,0,3,2,8,3,2,0,2,5,0,2
139,2,1,1,1,0,0,5,7,4,5,0,0,0,3,2,8,2,3,3,3,5,12,2
139,2,1,1,2,0,0,0,4,2,5,0,0,0,3,2,1,2,2,1,2,5,12,2
139,2,1,1,0,0,2,14,9,0,5,0,0,0,3,2,1,2,2,2,1,5,10,2
491,4,0,1,4,0,2,9,6,2,5,1,0,0,3,2,8,2,2,0,2,5,3,2
491,4,0,1,1,2,2,0,4,5,5,1,0,0,3,2,8,2,2,0,2,5,3,2
491,4,2,1,1,0,2,9,4,0,5,1,0,0,3,2,2,2,3,3,3,5,1,2
969,6,1,1,2,2,2,9,7,2,5,1,0,0,3,2,8,2,2,0,2,5,3,2
969,6,4,1,4,0,2,5,3,2,5,1,0,0,3,2,2,2,2,3,3,5,0,2
255,1,1,1,4,2,0,0,6,1,5,7,0,3,3,2,8,2,3,3,3,5,3,2
255,1,1,1,4,0,1,5,2,4,5,7,0,3,3,2,8,2,3,3,3,5,3,2
462,0,1,1,4,2,3,0,6,6,5,1,0,0,3,2,8,1,2,0,2,5,3,2
898,6,0,1,2,0,2,14,7,2,0,7,0,0,3,2,8,2,2,3,3,5,10,1
308,0,1,1,1,0,1,0,7,0,3,2,0,0,3,2,8,2,2,3,3,5,16,2
82,1,4,1,1,0,2,14,6,4,6,7,0,0,3,2,8,1,2,0,2,5,10,2
147,5,4,1,4,0,0,0,9,4,5,1,0,0,3,2,8,1,2,0,2,5,3,1
300,2,4,1,4,0,2,7,7,2,5,1,0,0,3,2,8,2,2,3,3,5,12,2
260,6,4,1,1,0,3,0,6,4,7,7,0,0,3,2,8,4,4,3,3,5,12,2
260,6,4,1,1,0,4,5,6,6,5,7,0,0,3,2,8,4,2,2,2,5,12,2
260,6,4,1,4,0,1,5,7,2,6,7,0,0,3,2,8,4,7,2,2,6,10,2
260,6,2,1,1,2,0,5,2,4,5,7,0,0,3,2,8,4,2,2,2,1,9,2
260,6,1,1,4,2,2,0,4,4,5,7,0,0,3,2,8,4,7,1,2,5,10,2
260,6,0,1,4,0,1,0,6,0,5,7,0,0,3,2,8,4,2,3,3,5,0,2
439,1,1,1,4,0,1,10,2,4,5,7,0,0,3,2,8,2,7,0,2,5,0,2
139,5,4,1,4,0,3,5,6,6,5,1,0,0,3,2,8,2,2,3,3,5,9,2
139,5,0,1,4,0,1,5,9,2,5,1,0,0,3,2,8,2,7,0,2,5,0,2
681,1,0,1,4,0,0,9,6,2,5,7,0,3,0,4,8,2,4,1,2,5,10,2
681,1,0,1,4,0,1,7,9,4,5,7,0,3,0,4,8,2,2,0,2,5,12,2
611,4,2,1,4,0,2,5,6,0,5,1,0,0,3,2,8,1,2,3,3,5,1,2
430,6,0,1,4,0,0,0,6,0,5,1,0,0,3,7,2,3,2,0,2,5,10,2
430,6,4,1,1,0,0,7,7,2,5,1,0,0,3,7,8,3,3,3,3,5,10,2
430,6,4,1,4,0,1,6,7,2,5,1,0,0,3,7,1,3,2,0,2,5,7,2
341,5,0,1,4,0,3,0,9,2,5,0,0,0,3,2,8,1,2,3,3,5,11,2
76,4,2,1,4,0,4,0,2,2,5,7,0,0,3,2,2,3,2,0,2,5,0,2
76,4,0,1,4,0,3,5,2,0,5,7,0,0,3,2,8,3,2,3,3,5,10,2
76,4,2,1,1,2,2,0,9,0,5,7,0,0,3,2,8,3,4,3,3,5,3,2
345,0,0,1,4,0,0,5,6,2,6,7,0,0,3,2,8,2,2,0,2,5,1,2
428,4,1,1,2,2,2,5,2,6,5,7,0,0,3,2,6,2,2,1,2,5,3,2
428,4,1,1,1,0,1,5,7,2,5,7,0,0,3,2,2,2,3,0,2,5,9,2
310,4,0,1,2,2,0,9,7,2,5,0,0,0,3,2,2,2,4,0,2,5,3,2
397,3,1,1,4,0,3,0,2,4,5,7,0,0,3,2,8,2,2,3,3,5,3,2
979,1,2,1,2,2,3,0,6,4,5,1,0,3,3,2,8,2,2,1,2,5,0,2
423,3,0,1,4,0,0,14,4,6,5,1,0,0,3,2,8,2,2,0,2,5,1,2
457,0,1,1,4,0,1,5,9,4,5,1,0,0,3,2,8,1,2,0,1,5,1,2
713,4,0,1,4,0,0,14,9,6,5,1,0,0,0,2,8,1,5,2,2,2,0,0
7,3,4,1,1,0,2,5,4,6,5,1,0,0,0,2,8,2,2,2,2,1,9,2
7,3,4,1,4,0,2,9,9,4,5,1,0,0,0,2,8,2,2,3,3,5,10,2
7,3,1,1,4,0,0,5,9,6,5,1,0,0,0,2,8,2,2,0,2,5,1,2
682,5,0,1,1,1,2,7,6,4,5,0,0,0,0,2,8,3,10,3,3,5,9,2
682,5,1,1,4,0,1,14,6,0,0,0,0,0,0,2,8,3,2,0,2,5,10,2
682,5,1,1,1,0,2,0,6,6,5,0,0,0,0,2,8,3,2,3,3,5,4,2
682,5,1,1,4,0,3,11,6,4,0,0,0,0,0,2,8,3,2,0,2,5,4,2
682,5,1,1,4,0,3,7,6,1,5,0,0,0,0,2,2,3,2,3,3,5,9,2
164,0,1,1,1,2,1,5,6,4,5,0,0,0,3,2,8,1,9,0,2,5,9,2
397,6,0,1,1,0,2,0,6,6,5,1,0,0,3,2,2,2,2,0,2,5,16,2
397,6,0,1,4,2,0,11,9,6,5,1,0,0,3,2,8,2,2,3,3,5,3,2
760,2,0,1,4,0,1,8,2,4,5,7,0,0,0,2,1,2,3,2,2,1,10,2
362,0,2,1,1,0,3,9,1,6,5,7,0,0,3,2,8,2,2,2,2,7,9,2
362,0,2,1,4,0,1,5,4,4,5,7,0,0,3,2,8,2,2,0,2,5,0,2
441,1,4,1,4,0,3,5,9,6,8,0,0,0,3,2,1,3,2,3,3,5,10,2
441,1,0,1,4,0,1,10,6,0,5,0,0,0,3,2,2,3,10,0,2,5,2,2
203,2,2,1,4,0,3,5,13,6,5,1,0,3,3,4,8,2,2,2,2,0,12,2
356,0,3,1,4,0,2,0,7,4,5,7,3,0,3,2,8,2,2,0,1,5,1,1
309,5,0,1,4,0,2,8,10,4,1,7,0,0,3,2,2,3,9,0,2,5,0,2
309,5,2,1,4,0,2,11,10,4,1,7,0,0,3,2,2,3,1,3,3,5,3,2
309,5,4,0,4,2,4,14,6,0,5,7,0,0,3,2,8,3,3,0,2,5,1,2
333,5,3,1,4,0,2,0,9,4,1,1,0,0,3,2,8,2,3,3,3,5,12,1
333,5,3,1,1,0,1,9,9,6,5,1,0,0,3,2,8,2,2,2,2,0,10,1
375,1,0,1,4,2,1,0,5,6,5,1,0,0,3,2,8,2,9,2,2,0,11,1
375,1,1,1,1,0,1,0,9,6,5,1,0,0,3,2,8,2,2,0,2,5,11,1
113,1,2,1,4,2,1,0,2,6,5,7,0,3,3,2,6,3,2,3,3,5,12,2
113,1,1,1,4,0,3,5,6,4,5,7,1,3,3,2,8,3,10,2,2,1,0,2
113,1,4,1,4,0,1,0,6,2,7,7,0,3,3,2,2,3,2,3,3,5,0,2
546,4,3,2,4,0,0,0,6,2,0,1,0,3,3,2,1,2,2,0,2,5,10,2
546,4,0,1,4,0,1,9,7,4,7,1,0,3,3,2,8,2,10,3,3,5,12,2
546,4,0,1,4,0,0,15,7,4,5,1,0,3,3,2,8,2,8,0,2,5,10,2
517,0,4,1,4,0,2,0,9,2,5,1,0,0,3,2,8,2,2,2,2,6,10,1
517,0,4,1,4,0,2,9,7,2,5,1,0,0,3,2,8,2,3,0,2,5,1,1
517,0,1,1,1,2,1,14,7,4,6,1,0,0,3,2,8,2,1,3,3,5,0,1
367,0,1,1,1,0,4,14,7,2,5,1,0,0,3,2,8,1,2,3,3,5,10,2
229,2,1,1,4,0,3,5,7,0,6,0,0,0,3,2,2,2,9,3,3,5,12,2
602,2,4,1,2,0,0,0,7,2,5,3,0,0,3,2,6,2,3,0,2,5,9,2
602,2,1,1,4,2,2,9,2,2,5,3,0,0,3,2,8,2,2,1,2,5,5,2
482,1,1,1,4,0,0,0,7,4,5,7,0,0,3,2,1,2,3,0,2,5,9,2
482,1,0,1,4,0,3,0,4,2,5,7,0,0,3,2,8,2,2,3,3,5,1,2
323,1,0,1,1,0,1,0,7,2,5,0,0,3,3,4,1,2,2,2,2,1,5,1
139,3,0,1,4,0,2,0,7,2,5,1,0,0,3,2,8,3,2,0,2,5,15,2
351,3,0,1,2,0,1,11,6,1,5,1,0,0,3,2,8,2,2,3,3,5,1,2
361,0,0,1,4,0,2,0,3,4,7,3,0,0,3,2,8,2,2,3,3,5,1,2
361,0,2,1,4,0,1,0,6,6,5,3,0,0,3,2,8,2,4,0,2,5,1,2
156,2,1,1,4,0,5,7,7,2,0,1,0,0,3,2,8,2,4,2,2,2,9,2
156,2,0,1,4,0,3,14,6,4,5,1,0,0,3,2,8,2,2,2,2,1,10,2
647,2,1,1,4,0,3,5,6,2,7,7,0,0,3,2,8,3,2,0,2,5,15,1
647,2,1,1,4,0,2,15,7,0,3,7,0,0,3,2,8,3,1,3,3,5,10,1
647,2,2,1,2,0,1,7,6,4,6,7,0,0,3,2,8,3,2,3,3,5,3,1
914,0,1,1,2,2,1,9,9,4,5,7,0,0,3,2,8,2,2,0,2,5,10,2
914,0,0,1,4,0,4,0,7,2,5,7,0,0,3,2,8,2,2,2,1,5,10,2
688,1,0,1,4,2,3,0,6,0,5,1,0,0,0,2,8,2,2,3,3,5,10,2
688,1,1,1,4,0,3,10,6,4,7,1,0,0,0,2,8,2,2,0,2,5,1,2
711,4,0,1,1,0,1,5,6,6,5,7,0,0,0,2,8,2,1,1,2,5,10,2
711,4,0,1,4,0,1,5,7,2,6,7,0,0,0,2,8,2,2,2,2,1,12,2
434,5,1,1,5,0,3,4,2,4,5,7,0,0,3,2,8,2,2,0,2,5,0,2
434,5,2,1,1,0,2,6,4,4,5,7,0,0,3,2,8,2,4,3,3,5,9,2
267,0,0,1,4,0,4,5,6,0,5,7,0,0,3,2,2,2,2,0,2,5,3,2
267,0,0,1,1,0,4,14,2,4,5,7,0,0,3,2,8,2,2,3,3,5,0,2
267,0,1,1,4,0,4,0,6,4,5,7,0,0,3,2,8,2,2,2,2,1,11,2
463,2,0,1,4,0,2,7,6,6,5,7,0,0,3,2,8,2,2,3,3,5,10,2
463,2,1,1,4,2,2,7,9,2,5,7,0,0,3,2,8,2,2,0,2,5,10,2
229,3,1,1,2,2,2,15,6,2,5,7,0,0,3,2,1,1,7,3,3,5,17,2
212,2,0,1,4,0,2,0,9,4,5,3,0,3,3,4,8,2,4,0,2,5,10,2
212,2,1,1,4,0,1,3,6,0,5,3,0,3,3,4,8,2,2,2,2,6,6,2
344,6,0,1,1,0,2,3,6,0,5,1,0,0,3,2,8,2,2,0,2,5,9,2
344,6,1,1,4,0,1,5,7,2,5,1,0,0,3,2,8,2,2,3,3,5,11,2
218,2,2,1,4,0,4,5,7,2,5,7,0,0,3,2,8,2,2,3,3,5,0,2
218,2,2,1,1,0,1,4,9,2,5,7,0,0,3,2,8,2,2,0,2,5,0,2
520,1,4,0,4,0,1,0,2,2,5,1,0,0,3,2,8,2,2,1,2,5,7,2
520,1,1,1,4,0,1,15,2,0,5,1,0,0,3,2,8,2,2,2,2,6,10,2
400,3,3,1,4,0,2,7,9,0,5,1,0,0,3,2,1,2,2,2,2,1,1,2
400,3,0,1,4,0,2,0,6,2,6,1,0,0,3,2,8,2,2,0,2,5,1,2
255,1,1,1,4,2,2,0,9,2,5,7,0,0,3,2,8,2,3,0,2,5,2,1
255,1,0,1,4,0,1,0,2,6,5,7,0,0,3,2,8,2,9,3,3,5,0,1
542,1,4,1,4,0,4,11,7,2,5,3,0,3,3,2,2,2,4,0,1,5,1,2
542,1,2,1,4,0,0,4,6,2,5,3,0,3,3,2,8,2,4,3,3,5,10,2
241,1,0,1,4,0,4,5,7,2,5,0,0,0,3,2,8,2,2,2,2,8,1,2
241,1,1,1,4,0,3,5,7,2,5,0,0,0,3,2,8,2,2,2,1,6,1,2
435,2,1,1,4,0,0,0,2,4,5,1,0,0,3,2,8,1,2,0,2,5,3,2
308,4,3,1,1,0,2,8,7,4,5,1,1,0,3,2,8,3,7,3,3,5,3,2
308,4,1,1,4,2,4,6,7,1,5,1,0,0,3,2,2,3,4,0,2,5,1,2
308,4,0,1,4,0,4,0,9,2,5,1,0,0,3,2,8,3,9,2,2,6,17,2
485,6,2,1,6,0,4,8,6,1,5,7,0,0,3,2,8,3,2,0,2,5,1,2
485,6,0,1,4,0,0,6,4,2,5,7,0,0,3,2,8,3,2,2,2,6,9,2
485,6,2,1,1,2,2,14,9,0,5,7,3,0,3,2,8,3,2,2,2,6,10,2
477,6,0,1,4,0,1,5,6,5,5,0,0,0,3,2,6,2,2,0,2,5,17,2
930,0,0,1,6,0,2,0,2,6,5,7,0,0,3,2,8,2,2,1,2,5,1,2
196,1,2,1,4,0,2,0,1,1,5,3,0,0,3,2,8,1,2,0,2,5,0,2
387,6,4,1,4,0,1,9,0,4,5,3,0,0,3,2,8,2,2,2,2,2,3,2
387,6,0,1,4,0,3,4,7,2,5,3,0,0,3,2,8,2,4,3,3,5,10,2
138,4,0,1,4,0,2,8,7,2,5,1,0,0,3,2,2,2,2,0,2,5,9,2
113,6,0,1,4,0,1,7,7,2,5,0,0,0,3,2,8,2,3,0,2,5,9,2
113,6,0,1,4,0,4,0,6,6,5,0,0,0,3,2,8,2,2,3,3,5,1,2
439,0,1,1,4,2,2,4,6,2,5,1,0,3,3,2,2,2,4,2,2,5,6,2
875,1,1,1,4,0,1,3,6,4,5,7,0,0,3,2,8,2,2,2,2,0,1,2
875,1,3,1,1,0,4,0,7,6,5,7,0,0,3,2,1,2,7,2,2,1,3,2
875,1,3,1,4,0,1,15,7,6,5,7,0,0,3,2,8,2,2,2,2,3,4,2
117,0,1,1,4,0,2,15,7,4,5,1,0,3,3,4,8,2,4,3,3,5,1,1
117,0,1,1,2,0,3,3,7,6,5,1,0,3,3,4,8,2,4,0,2,5,1,1
117,0,4,1,2,0,3,4,9,4,5,1,0,3,3,4,8,2,4,1,2,5,3,1