Time,Day_of_week,Age_band_of_driver,Sex_of_driver,Educational_level,Vehicle_driver_relation,Driving_experience,Type_of_vehicle,Area_accident_occured,Lanes_or_Medians,Road_allignment,Types_of_Junction,Road_surface_type,Road_surface_conditions,Light_conditions,Weather_conditions,Type_of_collision,Number_of_vehicles_involved,Vehicle_movement,Casualty_class,Casualty_severity,Pedestrian_movement,Cause_of_accident,Accident_severity
587,3,0,1,4,0,2,4,2,4,5,1,0,0,0,2,8,2,8,0,2,5,0,2
587,3,2,1,1,0,0,3,6,0,5,1,2,0,0,2,2,2,4,3,3,5,12,2
300,6,4,0,1,0,2,16,2,6,5,1,0,0,3,2,2,2,4,0,2,5,3,2
300,6,3,2,4,0,2,3,7,2,5,1,0,0,3,2,8,2,4,2,2,6,1,2
292,1,4,1,4,2,2,10,12,6,3,1,0,0,3,2,8,2,2,0,2,5,5,2
292,1,1,1,2,2,3,0,6,2,6,1,0,0,3,2,8,2,2,3,3,5,10,2
439,1,1,1,6,2,2,8,6,4,5,1,0,0,3,2,8,2,2,0,2,5,12,2
310,5,2,1,2,0,4,14,7,2,5,7,0,0,3,2,8,2,2,0,2,5,9,2
157,2,3,1,4,0,3,0,7,0,5,3,0,0,3,2,8,2,2,0,2,5,1,2
157,2,1,1,4,2,3,0,2,6,5,3,0,0,3,2,5,2,2,3,3,5,1,2
414,2,3,1,4,0,3,3,6,2,5,7,0,3,3,4,8,2,2,3,3,5,9,2
414,2,1,1,4,0,5,10,6,2,5,7,0,3,3,4,2,2,7,0,2,5,3,2
414,2,1,1,4,0,0,10,7,4,7,7,0,3,3,4,8,2,2,3,3,5,5,2
907,0,0,1,3,2,0,4,9,4,5,3,0,0,3,2,8,2,4,3,3,5,10,2
213,3,0,1,4,2,1,0,7,6,5,0,0,3,3,4,8,2,2,3,3,5,4,2
394,5,1,1,5,2,3,0,12,0,5,1,0,0,3,2,2,1,2,3,3,5,12,1
394,5,1,1,4,2,1,3,7,2,3,1,0,0,3,2,2,1,2,0,2,5,12,1
363,5,4,1,1,2,3,3,7,2,8,1,0,3,3,4,8,2,9,3,3,5,10,2
363,5,1,1,6,2,2,0,2,2,5,1,0,3,3,4,2,2,0,0,2,5,9,2
912,5,1,1,4,2,4,7,9,0,5,7,0,0,3,2,8,2,0,3,3,5,0,2
359,2,1,1,4,2,1,13,6,2,5,1,0,0,3,2,2,3,4,1,2,5,10,2
359,2,1,1,4,0,1,8,6,2,5,1,0,0,3,2,8,3,9,2,2,2,5,2
331,5,1,1,4,0,2,5,6,2,5,0,0,0,3,2,8,1,0,0,2,5,17,1
519,1,0,1,4,0,2,6,6,2,6,1,0,3,3,4,8,2,0,0,2,5,10,2
519,1,0,1,4,0,3,0,6,2,6,1,0,3,3,4,8,2,0,0,2,5,1,2
903,0,1,1,1,0,2,0,6,2,5,2,0,0,3,2,1,2,0,3,3,5,12,2
903,0,4,1,4,0,2,0,7,2,5,2,0,0,3,2,8,2,4,2,2,5,1,2
213,1,3,1,4,0,3,14,9,0,5,7,0,0,3,2,2,2,2,1,2,5,0,2
97,4,4,1,4,2,2,11,7,2,5,0,0,0,3,2,8,4,4,3,3,5,11,2
97,4,4,1,4,0,2,11,1,2,5,0,0,0,3,2,8,4,2,0,1,5,3,2
926,5,0,1,4,0,2,2,7,2,5,7,0,0,3,2,8,2,2,3,3,5,3,2
926,5,1,1,4,0,2,0,7,6,5,7,0,0,3,2,8,2,2,2,2,6,9,2
460,0,1,1,4,0,3,5,2,6,5,1,0,0,3,2,8,1,7,0,1,5,16,2
471,5,4,1,2,0,3,0,2,4,5,0,0,0,3,2,8,2,3,3,3,5,12,2
471,5,2,1,4,0,3,10,7,2,5,0,0,0,3,2,2,2,5,0,2,5,12,2
318,5,0,1,4,0,3,13,7,1,5,3,0,0,3,2,8,1,2,1,1,5,0,1
416,4,2,1,4,0,3,0,1,2,5,1,0,0,3,2,2,2,2,1,2,5,12,2
416,4,2,1,4,0,3,10,7,4,5,1,0,0,3,2,8,2,2,3,3,5,10,2
150,6,2,1,4,0,4,5,6,2,5,7,0,0,3,2,1,2,2,2,2,5,10,2
376,4,3,1,4,0,4,9,6,4,7,7,0,0,3,2,8,3,2,0,2,5,16,2
376,4,0,1,4,0,1,5,7,4,5,7,0,0,3,2,8,3,2,3,3,5,10,2
376,4,0,1,1,0,4,5,9,2,5,7,0,0,3,2,8,3,2,0,2,5,0,2
376,4,2,1,4,0,4,9,6,2,6,7,0,0,3,2,1,3,2,3,3,5,5,2
112,5,1,1,6,0,4,8,7,0,5,1,0,0,3,2,8,2,2,2,2,6,1,2
894,4,4,0,1,0,3,0,1,1,6,1,0,0,3,2,8,2,2,3,3,5,10,2
894,4,0,1,1,0,4,14,7,4,5,1,0,0,3,2,8,2,2,3,3,5,3,2
563,2,1,1,2,0,1,8,7,4,5,7,0,0,0,2,2,2,2,0,2,5,9,2
563,2,0,1,4,0,1,5,7,4,5,7,0,0,0,2,2,2,2,3,3,5,10,2
521,4,0,1,0,0,3,0,6,2,5,3,0,0,0,2,8,2,2,0,2,5,1,2
357,5,1,1,4,0,1,5,9,2,5,7,0,0,3,2,8,2,2,3,3,5,4,1
357,5,4,1,2,0,0,5,7,4,5,7,0,0,3,2,8,2,2,3,3,5,1,1
969,0,2,1,4,0,2,5,7,4,5,1,0,0,3,2,8,2,4,0,1,5,3,2
969,0,0,1,4,0,4,8,2,4,5,1,0,0,3,2,6,2,7,2,2,6,1,2
395,5,4,1,4,0,4,8,6,4,5,7,0,0,3,2,8,3,4,0,2,5,12,2
395,5,0,1,4,0,4,7,7,4,5,7,0,0,3,2,1,3,7,1,2,5,18,2
85,0,0,1,1,0,1,0,9,6,3,7,0,0,3,2,8,1,2,3,3,5,2,1
66,2,2,1,2,0,0,6,4,1,5,1,0,0,3,2,8,2,2,1,2,5,10,2
66,2,1,1,4,0,2,0,7,4,5,1,0,0,3,2,8,2,2,1,2,5,10,2
319,5,1,1,4,0,4,0,9,4,5,7,0,0,3,2,8,1,9,0,2,5,3,2
979,0,2,1,2,0,3,9,1,2,5,0,0,0,3,2,8,1,2,3,3,5,3,2
147,2,4,0,1,2,2,3,6,6,5,1,0,0,3,2,8,2,2,0,2,5,9,2
488,2,3,1,4,0,2,0,5,2,5,0,0,0,3,2,6,2,2,0,2,5,1,1
488,2,1,1,1,2,2,11,5,4,5,0,0,0,3,2,8,2,2,0,2,5,16,1
559,3,4,0,4,0,1,8,5,4,5,1,0,0,0,2,1,3,3,1,2,5,10,2
559,3,1,1,4,0,3,5,5,6,3,1,0,0,0,2,8,3,2,3,3,5,16,2
559,3,1,1,4,0,2,0,12,6,3,1,0,0,0,2,8,3,2,1,2,5,9,2
333,4,1,1,2,0,0,10,5,2,5,7,0,0,3,2,1,2,9,1,2,5,10,2
333,4,2,1,1,0,2,0,5,4,5,7,0,0,3,2,1,2,2,0,2,5,10,2
768,2,4,1,1,0,1,11,5,2,0,1,0,0,0,7,8,2,2,3,3,5,12,2
768,2,0,1,4,0,4,9,5,2,7,1,0,0,0,7,8,2,2,3,3,5,12,2
220,1,2,1,4,0,4,0,6,4,7,1,0,0,3,2,8,2,2,0,2,5,0,2
220,1,4,0,4,0,2,5,5,4,7,1,0,0,3,2,8,2,2,3,3,5,10,2
305,6,0,1,4,2,2,0,5,4,7,2,0,0,3,2,8,2,2,0,2,5,5,1
305,6,2,1,1,0,0,8,5,4,5,2,0,0,3,2,2,2,3,0,2,5,0,1
887,6,0,1,1,0,3,0,1,4,5,1,0,3,3,2,8,2,2,2,1,5,4,1
464,3,0,1,4,2,0,0,6,4,5,3,0,0,3,2,8,2,2,1,2,5,2,2
464,3,0,1,4,0,3,14,9,2,5,3,0,0,3,2,8,2,3,3,3,5,1,2
393,2,0,1,1,2,1,7,9,6,5,7,2,0,3,2,8,1,2,3,3,5,1,2
944,0,1,1,4,0,2,7,9,4,5,7,0,0,3,2,8,1,4,0,2,5,9,1
59,4,2,1,4,0,4,7,7,4,5,3,0,0,3,2,8,1,4,0,2,5,9,2
323,6,4,1,4,0,2,10,6,2,5,7,0,0,3,2,8,1,2,3,3,5,0,2
33,6,0,1,2,0,3,5,7,2,5,1,0,3,0,3,8,1,2,3,3,5,9,2
931,1,1,1,4,0,2,9,7,6,5,7,0,3,3,4,8,2,2,0,2,5,10,2
931,1,1,1,1,0,0,0,6,2,5,7,0,3,3,4,8,2,2,0,2,5,9,2
931,1,1,1,1,0,0,14,7,2,5,7,0,3,3,4,8,2,2,0,2,5,0,2
931,1,1,1,4,2,0,5,7,1,5,7,0,3,3,4,8,2,1,3,3,5,12,2
931,1,0,1,0,2,0,5,6,0,5,7,0,3,3,4,2,2,2,2,2,5,10,2
114,0,1,1,4,2,2,5,6,1,6,1,0,0,3,2,8,2,2,2,2,5,12,2
114,0,0,1,4,0,2,11,6,4,5,1,0,0,3,2,8,2,2,2,2,5,5,2
586,3,3,1,1,0,2,9,6,0,5,0,0,0,0,2,8,2,2,3,3,5,1,1
586,3,3,1,4,0,3,9,6,4,5,0,0,0,0,2,1,2,2,0,2,5,10,1
548,0,1,1,4,0,4,9,7,0,5,1,0,0,0,2,8,1,2,3,3,5,1,2
935,0,4,1,4,0,3,14,7,2,5,7,0,0,3,3,8,2,4,0,2,5,1,2
504,6,1,1,4,0,2,13,6,2,5,1,0,3,3,4,8,1,2,3,3,5,0,1
629,3,1,1,4,0,0,5,6,2,5,0,0,0,3,2,8,2,2,0,2,5,11,2
936,5,0,1,4,0,0,11,6,2,5,1,0,0,3,2,1,1,3,3,3,5,10,2
943,6,1,1,2,2,3,0,12,2,5,0,0,0,3,2,8,2,2,3,3,5,1,1
287,0,0,1,1,0,1,0,6,4,5,1,0,0,3,3,8,2,2,2,2,5,3,2
287,0,0,1,2,0,1,4,7,0,5,1,0,0,3,3,2,2,2,3,3,5,0,2
367,0,1,1,4,1,5,8,7,0,5,1,0,0,3,2,8,1,2,1,2,5,9,2
624,0,1,1,4,0,0,4,7,2,5,1,0,0,0,7,8,2,2,0,2,5,10,2
624,0,1,1,4,2,2,8,6,0,6,1,0,0,0,7,8,2,2,2,2,2,11,2
624,0,4,1,4,0,0,13,6,2,5,1,0,0,0,7,8,2,2,0,2,5,0,2
617,1,1,1,2,0,0,7,6,4,5,1,0,0,0,2,8,2,2,3,3,5,9,2
467,1,4,1,1,0,3,0,6,6,6,1,0,0,0,2,8,1,2,0,2,5,11,2
336,1,4,1,4,0,3,7,4,6,5,1,0,0,3,2,8,1,2,0,2,5,0,2
947,1,3,1,4,0,3,10,9,4,5,0,0,3,3,2,8,2,3,3,3,5,5,2
134,6,4,0,4,0,0,5,9,6,5,7,0,0,3,2,8,2,2,0,2,5,9,2
183,6,1,1,2,2,1,0,9,4,5,0,0,0,3,2,8,3,2,0,2,5,1,2
183,6,0,1,4,0,2,5,6,4,5,0,0,0,3,2,8,3,2,0,2,5,9,2
609,0,4,1,4,0,1,5,6,6,5,2,0,0,0,2,2,1,2,2,2,3,3,2
553,6,0,1,2,0,3,15,6,4,0,1,0,3,0,2,8,2,2,2,2,2,11,2
553,6,1,1,1,0,2,5,6,1,5,1,0,3,0,2,8,2,2,3,3,5,12,2
943,1,0,1,4,0,3,5,6,4,5,3,0,3,3,5,2,2,2,0,2,5,9,2
943,1,2,1,6,0,1,7,6,6,5,3,0,3,3,5,2,2,2,0,1,5,1,2
233,4,1,1,4,0,1,14,9,6,5,0,0,3,3,4,8,2,2,3,3,5,10,1
233,4,1,1,2,0,1,14,9,1,5,0,0,3,3,4,8,2,4,3,3,5,3,1
450,5,4,0,4,0,0,5,7,1,5,7,0,3,0,4,8,1,2,0,2,5,0,1
258,6,4,1,2,0,2,5,2,4,5,0,0,0,3,2,2,2,2,3,3,5,9,2
258,6,1,1,1,0,1,7,1,6,5,0,0,0,3,2,8,2,2,0,2,5,10,2
405,6,4,1,4,0,0,0,4,4,5,1,0,0,0,2,8,2,2,1,2,5,1,2
445,0,1,1,2,0,5,15,9,6,8,3,0,3,1,4,6,1,2,0,2,5,7,2
727,2,1,1,4,2,2,5,6,0,5,7,0,0,1,2,8,2,2,3,3,5,10,1
727,2,0,1,4,0,0,7,0,4,5,7,0,0,1,2,8,2,4,0,2,5,10,1
551,4,2,1,4,0,1,0,13,6,5,7,0,0,0,2,1,2,2,2,2,1,0,2
551,4,0,1,4,0,2,11,4,6,5,7,0,0,0,2,8,2,2,2,2,6,12,2
170,5,0,1,4,0,1,5,7,4,5,1,0,0,3,2,8,2,2,3,3,5,10,2
170,5,2,1,4,0,3,7,9,6,5,1,0,0,3,2,2,2,2,0,2,5,1,2
956,5,2,1,4,2,3,10,10,4,1,7,0,0,3,2,8,2,2,3,3,5,10,2
76,0,2,1,1,2,3,7,6,0,5,1,0,0,3,2,8,2,2,0,2,5,0,2
646,1,1,1,4,2,2,5,9,6,5,1,0,3,0,2,2,1,2,1,2,5,14,2
23,0,0,1,4,2,3,5,5,6,5,1,0,3,0,4,8,1,2,3,3,5,3,2
991,6,1,1,2,2,3,8,9,6,5,1,0,0,3,2,2,4,2,0,2,5,16,2
991,6,1,1,1,0,2,0,6,4,5,1,0,0,3,2,6,4,3,1,2,5,17,2
991,6,0,1,1,2,3,0,6,2,7,1,0,0,3,2,8,4,2,0,2,5,3,2
951,6,0,1,4,2,4,8,6,2,0,1,0,3,3,3,8,2,4,3,3,5,11,2
951,6,1,1,4,2,1,0,7,4,7,1,0,3,3,3,8,2,4,2,1,5,10,2
144,6,1,1,4,2,1,7,7,4,5,0,0,3,3,4,8,2,2,0,2,5,12,2
144,6,1,1,2,2,2,5,9,2,5,0,0,3,3,4,8,2,2,1,2,5,7,2
951,2,0,1,1,2,3,14,7,2,5,0,0,0,3,2,8,2,4,3,3,5,9,2
951,2,1,1,1,2,4,7,7,4,5,0,0,0,3,2,6,2,2,0,2,5,0,2
399,1,4,0,4,2,2,8,7,0,6,7,0,3,0,2,8,2,1,2,2,5,10,2
399,1,0,1,4,2,2,10,7,2,5,7,0,3,0,2,8,2,2,2,2,5,3,2
288,3,0,1,4,0,0,5,7,4,5,7,0,3,3,2,4,2,2,1,2,5,3,2
329,6,1,1,2,2,2,8,4,2,5,3,0,3,3,2,8,2,2,1,2,5,3,1
329,6,1,1,4,0,2,5,9,0,5,3,0,3,3,2,2,2,2,0,2,5,1,1
930,6,1,1,4,0,2,8,7,2,5,7,0,2,3,6,8,2,2,3,3,5,10,2
930,6,2,1,4,0,2,3,6,2,5,7,0,2,3,6,8,2,3,0,2,5,3,2
113,1,0,1,4,0,2,7,4,0,5,7,0,3,3,4,1,2,4,0,1,5,10,2
1001,4,0,1,0,0,4,10,3,2,5,3,0,3,3,2,8,2,2,0,2,5,9,2
528,6,1,1,1,0,2,13,6,1,5,7,0,3,0,0,8,1,2,3,3,5,12,2
506,2,0,1,1,0,2,5,2,4,5,1,0,0,0,2,6,2,2,0,2,5,10,2
506,2,0,1,2,0,2,11,6,6,5,1,0,0,0,2,8,2,3,3,3,5,1,2
229,2,4,1,4,0,1,0,6,4,5,7,0,0,3,2,2,2,2,3,3,5,1,2
229,2,1,1,6,0,2,0,6,2,7,7,0,0,3,2,8,2,2,0,2,5,3,2
476,2,1,1,4,0,0,4,6,4,6,1,0,3,0,2,8,1,2,3,3,5,10,1
563,6,0,1,6,0,4,8,9,4,5,1,0,3,0,2,6,3,2,0,2,5,9,1
563,6,1,1,1,0,0,4,7,2,5,1,0,3,0,2,6,3,2,3,3,5,3,1
563,6,1,1,4,0,2,8,6,0,5,1,0,3,0,2,1,3,2,0,2,5,10,1
348,4,4,0,1,0,3,13,6,4,7,7,0,2,3,1,8,1,2,0,2,5,12,1
492,4,4,1,4,0,2,4,6,6,5,7,3,3,0,3,8,2,2,3,3,5,1,2
350,6,3,1,4,0,3,5,4,4,5,0,0,3,3,2,1,1,2,3,3,5,1,2
919,6,3,1,4,0,1,7,6,0,5,1,0,0,3,2,8,1,2,2,2,5,12,2
511,0,3,1,4,2,4,7,2,4,5,7,0,0,0,2,8,3,2,0,2,5,0,2
511,0,3,1,4,0,1,0,6,4,5,7,0,0,0,2,8,3,2,3,3,5,3,2
511,0,4,1,4,0,3,7,6,6,5,7,0,0,0,2,2,3,2,3,3,5,11,2
511,0,4,0,4,0,1,0,9,2,5,7,0,0,0,2,8,3,2,0,2,5,11,2
139,6,4,1,1,0,3,10,6,2,5,7,0,0,3,2,2,2,3,3,3,5,1,2
139,6,2,1,1,0,3,5,9,4,5,7,1,0,3,2,8,2,2,3,3,5,6,2
657,0,0,1,4,0,3,0,6,0,5,0,0,0,0,2,2,2,2,1,2,5,0,2
676,5,3,1,1,0,2,5,7,2,5,7,0,3,0,2,8,1,2,3,3,5,0,2
350,1,2,1,4,0,3,5,2,2,5,0,0,3,3,4,2,1,2,0,2,5,11,2
350,1,2,1,4,0,4,15,2,0,5,0,0,3,3,4,8,1,1,0,2,5,0,2
382,5,1,1,4,2,1,5,9,0,5,7,0,0,3,2,8,2,2,3,3,5,9,1
382,5,1,1,4,0,3,5,6,2,6,7,0,0,3,2,8,2,2,3,3,5,16,1
231,1,1,1,6,0,1,7,6,2,6,0,0,0,3,2,8,2,9,0,1,5,0,2
231,1,1,1,4,0,1,14,9,2,5,0,0,0,3,2,8,2,3,2,2,2,1,2
930,6,0,1,2,0,1,14,2,6,5,0,0,0,0,3,8,2,2,2,2,1,16,2
190,4,4,1,2,0,2,5,6,4,5,1,0,2,3,6,8,2,2,3,3,5,13,2
190,4,0,1,4,0,0,0,6,6,6,1,0,2,3,6,8,2,2,3,3,5,1,2
984,5,1,1,4,0,0,7,9,6,5,1,0,0,3,2,8,1,2,3,3,5,10,1
405,4,4,0,4,0,1,0,4,6,5,1,0,0,3,7,8,1,2,0,2,5,12,2
306,5,0,1,4,0,2,11,9,4,5,7,0,0,3,2,8,1,2,3,3,5,10,2
264,0,0,1,4,0,1,5,6,0,0,0,0,0,3,2,2,2,4,0,2,5,1,2
264,0,1,1,4,0,3,7,6,6,5,0,0,0,3,2,8,2,4,3,3,5,11,2
382,0,0,1,4,2,3,10,6,4,0,1,0,0,3,2,1,2,2,3,3,5,9,2
896,6,1,1,1,2,3,7,6,4,5,2,0,0,3,2,2,2,1,3,3,5,16,2
420,3,1,1,4,2,2,5,9,6,5,7,0,3,0,2,8,2,2,3,3,5,1,2
420,3,0,1,4,2,3,5,9,1,5,7,0,3,0,2,8,2,2,0,2,5,16,2
229,5,2,1,2,2,3,8,7,1,5,0,0,0,3,3,8,2,2,0,2,5,14,2
1024,4,2,1,1,0,2,0,1,6,5,7,0,0,3,2,6,2,1,0,2,5,12,1
1024,4,1,1,1,2,3,0,4,4,5,7,0,0,3,2,2,2,2,1,2,5,1,1
16,1,3,1,4,2,1,6,9,6,8,7,0,3,0,3,2,1,4,0,2,5,0,2
556,4,0,1,4,2,1,5,6,0,5,7,0,3,0,4,8,3,2,2,2,1,11,1
556,4,1,1,2,2,2,14,0,4,5,7,0,3,0,4,8,3,2,3,3,5,10,1
916,1,4,0,1,2,3,7,9,3,5,1,0,0,3,2,8,2,2,0,2,5,9,1
916,1,1,1,1,2,4,15,9,4,5,1,0,0,3,2,2,2,7,3,3,5,16,1
165,6,0,1,4,2,2,0,7,4,5,1,0,0,3,2,8,2,4,0,2,5,0,2
165,6,0,1,4,2,2,3,9,6,5,1,0,0,3,2,2,2,2,0,2,5,1,2
947,5,0,1,4,0,0,5,10,4,1,1,0,0,3,2,8,2,2,1,2,5,14,2
947,5,1,1,2,2,2,5,6,0,5,1,0,0,3,2,8,2,2,3,3,5,13,2
668,3,1,1,4,0,2,4,9,4,1,1,0,0,0,7,8,2,2,3,3,5,12,2
668,3,0,1,4,0,2,0,9,6,5,1,0,0,0,7,8,2,2,3,3,5,1,2
463,5,4,2,4,0,2,15,5,6,5,1,0,3,0,2,8,2,2,0,2,5,9,2
463,5,2,1,4,0,3,7,9,6,5,1,0,3,0,2,8,2,2,3,3,5,0,2
405,4,4,1,4,0,2,0,2,6,5,7,0,3,0,4,8,2,2,0,2,5,11,2
405,4,0,1,4,0,5,0,6,4,5,7,0,3,0,4,8,2,3,3,3,5,10,2
348,0,4,1,0,0,4,0,6,2,7,7,0,0,3,7,8,2,3,1,2,5,12,2
348,0,0,1,1,0,2,0,6,2,0,7,0,0,3,7,8,2,9,3,3,5,10,2
385,2,2,1,1,0,2,11,7,4,7,1,0,0,3,2,6,1,4,1,2,5,10,2
386,2,1,1,4,0,2,4,7,4,5,0,0,0,3,2,2,3,4,1,2,5,9,2
386,2,1,1,2,0,2,5,9,2,5,0,0,0,3,2,8,3,2,3,3,5,1,2
188,1,1,1,4,0,2,5,7,2,5,7,0,0,3,2,8,2,2,0,2,5,11,2
344,2,0,1,4,0,1,14,7,4,6,0,0,0,3,2,2,2,4,3,3,5,9,2
344,2,1,1,6,0,2,7,7,2,5,0,0,0,3,2,8,2,4,3,3,5,7,2
49,6,1,1,4,0,3,0,7,4,5,1,0,0,3,2,8,1,2,0,2,5,16,2
933,0,0,1,4,0,0,8,7,0,6,7,1,0,3,2,8,2,7,2,2,5,14,2
933,0,1,1,6,0,4,6,7,2,5,7,0,0,3,2,6,2,4,3,3,5,1,2
629,4,0,1,1,0,0,0,2,2,5,0,0,0,2,2,6,2,9,0,2,5,8,2
629,4,0,1,4,0,2,8,7,4,5,0,0,0,2,2,1,2,2,1,2,5,13,2
420,4,0,1,4,0,0,6,4,2,5,7,0,0,3,2,8,1,2,1,2,5,0,2
653,4,0,1,1,2,2,14,9,0,5,1,3,0,0,2,8,2,2,2,2,1,1,2
653,4,1,1,4,0,1,5,7,2,5,1,0,0,0,2,8,2,2,3,3,5,11,2
710,6,0,1,4,2,4,15,6,2,5,0,0,0,0,2,1,2,2,0,2,5,15,2
710,6,1,1,6,0,2,0,4,5,5,0,0,0,0,2,1,2,2,0,2,5,0,2
956,6,1,1,6,0,2,3,4,0,5,0,0,0,3,2,8,3,2,3,3,5,12,2
956,6,0,1,4,0,2,0,7,2,5,0,0,0,3,2,8,3,2,3,3,5,1,2
956,6,1,1,4,0,1,9,3,2,5,0,0,0,3,2,8,3,2,0,1,5,10,2
956,6,1,1,4,0,3,4,6,1,5,0,0,0,3,2,2,3,4,0,1,5,11,2
956,6,1,1,4,0,2,8,2,4,5,0,0,0,3,2,8,3,2,3,3,5,10,2
326,1,1,1,4,0,3,5,3,4,7,0,0,3,3,4,2,2,2,3,3,5,12,2
326,1,3,1,4,0,1,7,6,6,5,0,0,3,3,4,8,2,3,0,2,5,13,2
253,6,1,1,4,0,4,0,7,2,0,1,0,0,3,2,8,2,2,3,3,5,3,2
253,6,0,1,4,0,4,3,6,4,5,1,0,0,3,2,2,2,3,0,2,5,0,2
253,6,0,1,4,2,2,4,6,2,7,1,0,0,3,2,8,2,4,3,3,5,3,2
253,6,0,1,4,0,1,3,7,0,3,1,2,0,3,2,8,2,2,0,2,5,0,2
112,2,1,1,1,0,4,0,6,4,6,7,0,0,3,2,2,2,7,2,2,1,12,2
233,6,1,1,2,0,3,3,6,0,5,0,0,0,3,2,8,2,4,1,2,5,1,2
233,6,1,1,2,0,3,4,6,4,7,0,2,0,3,2,8,2,4,1,2,5,2,2
890,3,0,1,4,0,2,4,6,6,5,1,0,0,3,2,8,1,8,0,2,5,10,1
398,6,4,0,1,0,0,3,7,2,6,1,0,0,3,2,8,2,4,3,3,5,1,2
398,6,0,1,1,0,2,16,2,4,5,1,2,0,3,2,8,2,4,0,2,5,0,2
398,6,0,1,4,0,2,3,4,4,5,1,0,0,3,2,8,2,4,3,3,5,7,2
318,2,3,1,4,0,0,3,6,0,5,0,0,0,3,2,8,2,2,3,3,5,13,2
318,2,0,1,4,2,2,10,2,4,5,0,0,0,3,2,8,2,2,0,2,5,13,2
323,0,4,0,2,2,3,0,6,4,5,1,0,0,3,2,8,1,2,0,2,5,10,2
80,2,0,1,6,2,2,8,9,2,5,1,0,0,3,2,8,2,2,1,2,5,16,1
339,3,0,1,2,0,4,14,9,4,5,0,0,0,3,2,8,2,2,3,3,5,10,2
501,3,1,1,4,0,3,0,6,0,5,1,0,0,3,2,8,3,2,3,3,5,3,2
501,3,0,1,4,2,3,0,7,2,5,1,0,0,3,2,8,3,2,0,2,5,1,2
753,4,0,1,4,0,3,3,7,2,5,1,0,0,0,2,8,1,2,3,3,5,16,2
158,4,3,1,4,0,5,10,9,2,5,7,1,0,3,2,2,2,7,0,2,5,13,2
158,4,1,1,4,0,0,10,2,2,5,7,0,0,3,2,8,2,2,3,3,5,4,2
492,4,0,1,3,2,0,4,2,0,5,1,0,0,3,2,1,2,4,0,2,5,2,2
969,6,1,1,4,2,0,8,6,2,6,7,0,0,3,2,2,2,1,0,2,5,9,1
969,6,0,1,4,2,1,0,6,2,6,7,0,0,3,2,8,2,2,3,3,5,16,1
872,0,2,1,5,2,2,0,9,2,5,0,0,0,3,2,8,2,2,0,1,5,0,2
872,0,0,1,5,2,3,0,2,6,5,0,0,0,3,2,8,2,2,0,2,5,1,2
143,4,1,1,1,2,3,3,6,4,5,1,0,0,3,2,8,3,9,2,2,6,14,2
49,5,1,1,4,2,1,13,9,4,5,3,0,0,3,2,2,3,4,3,3,5,0,2
63,1,0,1,1,0,1,5,9,6,5,1,0,0,3,2,8,2,0,3,3,5,11,2
63,1,0,1,4,0,1,8,4,6,5,1,0,0,3,2,8,2,9,1,2,5,10,2
633,6,0,1,4,0,1,4,9,4,5,5,0,0,0,2,8,2,0,2,2,0,12,2
633,6,3,1,4,0,2,5,9,6,5,5,0,0,0,2,8,2,0,0,2,5,10,2
38,1,2,1,4,0,2,6,6,4,5,7,0,0,3,2,8,2,0,3,3,5,10,2
38,1,2,1,4,0,3,0,6,0,0,7,3,0,3,2,8,2,0,1,2,5,9,2
38,1,2,1,1,0,2,0,6,6,5,7,0,0,3,2,1,2,0,1,2,5,1,2
38,1,2,1,4,0,2,0,6,4,0,7,0,0,3,2,8,2,4,2,2,6,11,2
440,3,0,1,4,0,3,14,6,1,5,3,0,0,3,2,2,2,2,2,2,1,9,2
18,2,0,1,4,2,2,11,6,6,5,7,0,0,0,2,8,2,4,3,3,5,16,2
18,2,0,1,4,0,2,11,9,6,5,7,0,0,0,2,8,2,2,2,2,6,14,2
18,2,1,1,4,0,4,14,9,1,5,7,0,0,0,2,8,2,2,0,2,5,1,2
1004,2,2,1,4,0,2,2,2,4,5,0,0,0,3,2,8,2,2,2,2,2,13,2
867,6,1,1,4,0,2,0,1,6,5,0,0,3,3,2,8,2,2,3,3,5,0,2
867,6,1,1,4,0,3,5,4,4,5,0,0,3,3,2,8,2,7,0,2,5,1,2
833,4,1,1,4,0,3,10,9,6,8,7,0,3,3,4,2,2,5,3,3,5,15,2
833,4,0,1,4,0,3,13,6,0,5,7,0,3,3,4,8,2,2,0,2,5,0,2
54,2,1,1,4,0,3,0,0,4,5,0,3,0,3,2,2,2,2,0,2,5,12,2
54,2,1,1,4,0,3,10,13,6,5,0,0,0,3,2,8,2,2,3,3,5,1,2
305,4,0,1,4,0,4,5,9,4,5,7,0,0,3,2,1,1,2,1,2,5,10,2