Time,Day_of_week,Age_band_of_driver,Sex_of_driver,Educational_level,Vehicle_driver_relation,Driving_experience,Type_of_vehicle,Area_accident_occured,Lanes_or_Medians,Road_allignment,Types_of_Junction,Road_surface_type,Road_surface_conditions,Light_conditions,Weather_conditions,Type_of_collision,Number_of_vehicles_involved,Vehicle_movement,Casualty_class,Casualty_severity,Pedestrian_movement,Cause_of_accident,Accident_severity
392,1,0,1,4,0,4,9,7,4,5,0,2,0,3,2,8,2,2,0,2,5,12,2
392,1,1,1,4,0,1,5,9,6,5,0,0,0,3,2,8,2,7,1,2,5,13,2
411,4,1,1,1,0,4,5,10,4,1,0,0,0,3,2,8,2,2,3,3,5,3,2
989,1,1,1,1,0,3,0,6,4,5,7,0,0,3,2,8,4,2,2,2,1,2,2
989,1,1,1,1,0,4,14,6,2,7,7,0,0,3,2,8,4,2,3,3,5,10,2
989,1,0,1,2,0,1,8,6,2,0,7,0,0,3,2,2,4,2,0,2,5,1,2
989,1,0,1,4,0,1,5,7,4,7,7,0,0,3,2,2,4,2,0,2,5,0,2
292,4,1,1,0,0,3,0,7,4,5,3,2,0,3,2,8,2,2,3,3,5,7,1
445,3,1,1,4,0,1,5,7,2,5,1,0,0,3,2,8,2,1,3,3,5,13,2
445,3,1,1,2,0,0,5,7,4,6,1,0,0,3,2,8,2,1,0,2,5,10,2
488,5,0,1,4,0,2,5,7,2,5,1,0,0,3,2,8,2,3,2,2,5,12,2
488,5,1,1,4,0,4,8,7,4,5,1,0,0,3,2,6,2,2,3,3,5,16,2
314,3,0,1,4,0,4,8,7,0,6,1,0,0,3,2,8,2,2,0,2,5,11,1
362,2,0,1,4,0,4,7,2,2,5,0,0,0,3,2,1,2,2,3,3,5,1,1
492,4,1,1,1,0,1,0,4,2,5,1,0,0,3,2,8,4,2,3,3,5,1,1
492,4,0,1,2,0,0,6,9,0,5,1,0,0,3,2,8,4,2,0,2,5,16,1
492,4,1,1,4,0,2,0,7,2,5,1,2,0,3,2,8,4,2,2,2,6,13,1
492,4,2,1,4,0,4,0,6,2,5,1,0,0,3,2,8,4,2,0,2,5,4,1
331,6,0,1,2,0,3,9,4,5,5,1,0,0,3,2,8,2,5,3,3,5,2,2
331,6,2,1,1,2,2,0,4,0,5,1,0,0,3,2,8,2,2,3,3,5,19,2
513,2,1,1,1,0,4,11,7,2,5,0,0,0,3,2,2,2,2,3,3,5,1,2
513,2,0,1,4,0,2,5,3,2,5,0,4,0,3,2,6,2,2,0,2,5,10,2
513,2,0,1,1,2,2,11,6,1,5,0,3,0,3,2,8,2,9,0,2,5,13,2
38,3,0,1,4,0,2,0,6,6,5,1,0,0,3,2,8,3,1,3,3,5,11,2
38,3,0,1,2,0,0,0,7,2,0,1,2,0,3,2,1,3,3,3,3,5,16,2
38,3,0,1,4,0,2,5,6,4,5,1,0,0,3,2,1,3,1,1,2,5,3,2
38,1,0,1,4,0,3,0,6,2,7,7,0,0,3,2,8,2,5,0,2,5,12,2
192,4,2,1,4,2,2,0,6,4,6,1,0,0,3,2,8,2,2,1,2,5,1,2
192,4,0,1,4,0,2,11,9,4,5,1,2,0,3,2,8,2,2,3,3,5,3,2
695,6,0,1,4,0,4,5,7,2,5,1,0,0,0,2,8,1,7,0,2,5,1,1
168,6,2,1,4,0,2,4,6,4,7,7,0,0,3,2,8,2,2,3,3,5,0,2
168,6,0,1,4,0,2,10,6,6,5,7,0,0,3,2,8,2,2,0,2,5,17,2
65,4,2,1,4,0,3,10,7,2,6,1,0,0,3,2,8,1,2,3,3,5,3,2
453,4,0,1,4,0,3,3,4,4,5,1,0,0,3,2,8,3,2,3,3,5,3,2
453,4,0,1,4,0,3,5,6,0,5,1,0,0,3,2,8,3,8,0,2,5,0,2
453,4,1,0,4,0,3,4,2,4,5,1,0,0,3,2,8,3,5,3,3,5,12,2
492,0,2,1,4,0,3,5,6,4,5,6,0,0,3,2,8,4,2,0,2,5,1,2
492,0,1,1,4,0,2,9,6,6,5,6,2,0,3,2,8,4,7,3,3,5,10,2
492,0,2,1,4,0,4,15,6,2,5,6,0,0,3,2,8,4,2,2,2,1,9,2
511,6,0,1,4,0,1,0,6,0,5,1,0,0,3,2,8,2,2,3,3,5,10,2
420,2,1,1,4,0,4,5,7,2,5,7,0,0,3,2,8,1,2,2,2,0,11,2
520,0,1,1,6,0,4,5,2,2,5,1,0,0,3,2,8,3,2,1,2,5,0,2
992,5,0,1,4,0,4,0,2,0,5,7,0,0,3,2,8,2,1,1,2,5,3,2
992,5,2,1,4,0,0,0,9,0,5,7,0,0,3,2,8,2,2,1,2,5,3,2
670,2,3,1,1,0,3,0,6,2,6,7,0,0,3,2,1,1,2,3,3,5,10,0
700,0,0,1,1,0,3,15,6,2,6,7,0,0,0,2,8,2,2,3,3,5,13,2
385,2,2,1,4,0,1,0,7,2,5,7,0,0,3,2,8,2,2,3,3,5,10,2
932,4,1,1,0,0,3,8,6,2,5,1,0,0,3,2,8,2,2,0,2,5,10,2
482,4,2,1,2,0,0,9,6,4,5,1,0,0,3,2,8,2,1,3,3,5,12,2
191,5,2,1,4,0,4,4,6,6,6,0,2,0,3,2,8,2,2,3,3,5,12,2
538,1,0,1,4,0,4,14,4,6,5,7,0,3,3,4,8,2,2,0,2,5,13,2
538,1,0,1,4,0,4,14,9,4,5,7,0,3,3,4,8,2,2,3,3,5,9,2
489,0,1,1,4,0,0,0,9,6,5,0,0,0,3,2,2,2,2,0,2,5,10,1
489,0,0,1,1,0,1,0,4,6,5,0,0,0,3,2,8,2,2,3,3,5,9,1
556,4,3,1,2,0,0,7,9,4,5,7,0,0,3,2,8,2,2,0,2,5,12,2
556,4,3,1,4,0,2,15,9,6,5,7,0,0,3,2,8,2,2,0,2,5,3,2
182,1,0,1,4,0,4,0,6,4,5,1,0,3,3,4,8,1,2,3,3,5,10,2
187,4,0,1,2,0,3,14,6,0,0,1,0,0,3,2,8,2,7,0,2,5,13,2
187,4,1,1,1,2,2,0,6,6,5,1,0,0,3,2,8,2,2,1,2,5,1,2
247,0,1,1,1,0,4,9,6,4,0,7,0,0,3,2,8,2,9,0,2,5,10,2
716,3,0,1,1,2,2,0,6,4,5,7,0,0,0,2,8,2,2,2,1,1,10,1
716,3,1,1,4,0,1,5,6,6,5,7,0,0,0,2,8,2,2,3,3,5,12,1
482,1,0,1,4,0,2,11,9,1,5,7,2,0,3,2,8,2,7,3,3,5,11,2
348,5,0,1,1,2,1,9,1,6,5,0,0,0,3,2,8,1,2,2,2,5,18,2
740,2,4,0,4,0,2,0,4,4,5,3,0,0,0,2,2,2,2,0,1,5,4,2
964,6,1,1,4,0,2,0,9,6,8,1,0,0,3,2,8,2,2,0,2,5,4,1
964,6,1,1,2,0,3,5,6,0,5,1,0,0,3,2,8,2,2,2,1,0,3,1
964,6,1,1,4,0,2,9,0,4,5,1,0,0,3,2,2,2,1,0,2,5,11,1
482,6,3,1,1,0,0,4,13,6,5,7,0,0,3,2,2,2,3,3,3,5,3,2
38,0,0,1,0,0,0,0,9,3,5,7,0,0,3,2,8,2,9,0,2,5,9,2
38,0,0,1,4,0,3,0,9,4,5,7,3,0,3,2,2,2,2,0,2,5,3,2
653,2,0,1,4,0,2,9,9,6,5,1,0,0,3,2,8,2,2,0,2,5,3,2
653,2,0,1,4,0,1,4,10,4,1,1,0,0,3,2,8,2,2,3,3,5,3,2
458,4,0,1,4,0,1,0,9,4,1,1,0,0,3,2,8,2,9,0,2,5,1,2
413,1,0,1,4,0,3,4,9,6,5,1,0,0,3,2,3,2,9,3,3,5,3,2
413,1,0,1,4,0,0,5,5,6,5,1,0,0,3,2,8,2,2,0,2,5,16,2
206,3,1,1,0,2,0,8,9,6,5,0,0,0,3,2,2,2,1,0,2,5,1,2
206,3,3,1,0,0,5,4,2,6,5,0,0,0,3,2,8,2,1,3,3,5,10,2
300,6,0,1,4,0,0,14,6,4,5,0,0,0,3,2,8,2,2,3,3,5,13,2
300,6,1,1,4,0,2,7,6,2,7,0,0,0,3,2,8,2,5,0,2,5,1,2
546,3,0,1,4,0,3,7,6,2,0,0,0,0,3,2,8,2,7,0,2,5,1,2
546,3,0,1,4,0,3,4,7,4,7,0,0,0,3,2,8,2,2,3,3,5,16,2
487,4,0,1,1,0,1,0,9,2,5,1,0,0,3,3,3,1,1,3,3,5,4,2
418,4,1,1,4,0,1,5,7,2,5,7,0,0,3,2,0,1,7,2,2,1,16,1
318,4,3,1,4,0,4,7,7,4,6,7,4,0,3,2,0,2,9,3,3,5,12,2
318,4,0,1,4,0,1,5,7,2,5,7,0,0,3,2,0,2,3,0,2,5,9,2
317,3,2,1,4,0,1,0,7,4,5,7,0,3,3,2,0,1,2,1,2,5,13,2
947,0,0,1,1,0,2,8,7,0,6,7,0,0,3,2,0,2,2,3,3,5,12,2
947,0,2,1,4,0,3,5,7,2,5,7,0,0,3,2,0,2,2,3,3,5,11,2
498,1,1,1,4,0,1,3,7,4,5,7,0,0,3,2,0,2,7,3,3,5,1,2
498,1,1,1,4,0,2,0,4,2,5,7,0,0,3,2,0,2,2,3,3,5,1,2
498,1,1,1,0,0,1,0,9,0,5,7,4,0,3,2,0,2,2,0,2,5,4,2
498,1,0,1,4,0,1,3,4,5,5,7,0,0,3,2,5,2,1,1,2,5,2,2
892,3,1,1,4,0,3,9,4,0,5,7,0,0,3,2,6,1,2,3,3,5,9,2
201,2,0,1,4,0,4,9,7,2,5,0,0,0,3,2,0,2,2,0,2,5,10,2
201,2,0,1,4,0,1,7,3,2,5,0,0,0,3,2,6,2,2,0,2,5,13,2
453,0,0,2,4,0,4,7,6,1,5,0,0,0,3,2,0,2,2,3,3,5,12,2
453,0,0,1,2,0,2,7,2,4,5,0,0,0,3,2,0,2,7,2,2,5,1,2
984,0,1,1,4,0,4,5,6,6,5,1,4,0,3,2,4,2,2,0,2,5,10,1
1000,2,0,1,2,0,4,9,6,4,5,7,0,0,3,2,3,2,2,3,3,5,10,1
640,2,1,1,2,0,4,7,6,2,7,1,0,0,0,2,6,1,2,2,2,5,9,2
331,3,1,1,2,0,1,7,6,4,6,7,1,0,3,2,0,2,2,3,3,5,9,2
405,5,1,1,4,0,3,7,7,2,5,7,0,0,3,2,3,2,2,3,3,5,0,2
605,0,0,1,4,0,2,8,6,0,5,1,0,0,0,2,0,1,4,2,2,1,10,1
74,4,1,1,4,0,0,0,6,4,7,1,0,0,3,2,0,1,2,0,2,5,13,1
917,4,1,1,5,0,4,7,6,6,5,5,0,0,3,2,1,2,2,3,3,5,10,2
917,4,0,1,4,0,4,5,7,2,6,5,2,0,3,2,8,2,2,0,2,5,11,2
1024,4,0,1,2,0,1,10,2,4,5,1,0,0,3,2,8,1,2,3,3,5,9,2
556,5,1,1,4,2,0,0,4,4,5,7,0,0,0,2,1,3,2,0,2,5,11,2
556,5,2,1,4,0,2,8,6,0,5,7,0,0,0,2,8,3,3,3,3,5,10,2
556,5,0,1,1,0,1,5,2,4,5,7,0,0,0,2,2,3,3,2,2,5,11,2
467,5,0,1,1,2,2,9,6,4,5,0,0,0,3,2,8,1,3,0,2,5,3,2
445,1,1,1,4,0,3,7,6,6,5,7,0,0,3,2,8,2,4,3,3,5,7,2
445,1,0,1,4,0,2,5,9,2,5,7,0,0,3,2,8,2,2,1,2,5,3,2
450,5,2,1,2,0,2,8,6,2,5,0,0,3,3,4,6,2,11,1,2,5,0,2
450,5,0,1,4,0,2,7,9,4,5,0,0,3,3,4,8,2,9,1,2,5,9,2
952,4,0,1,4,0,3,5,6,0,5,0,0,0,3,2,8,2,1,1,2,5,16,2
986,1,0,1,4,0,1,0,7,2,5,5,3,0,3,2,1,2,2,3,3,5,1,1
986,1,1,1,4,0,0,0,7,2,5,5,0,0,3,2,8,2,2,0,2,5,16,1
607,3,2,1,1,0,2,7,2,2,5,0,0,0,0,2,8,2,7,1,2,5,13,2
845,4,2,1,4,0,2,5,2,0,5,1,0,0,0,2,6,2,3,2,2,6,12,2
845,4,1,1,4,0,3,5,9,0,5,1,0,0,0,2,8,2,4,2,2,5,1,2
612,0,1,1,4,0,1,3,6,2,6,7,0,0,0,2,8,3,2,2,1,6,9,1
612,0,0,1,4,2,3,14,6,2,6,7,0,0,0,2,8,3,2,2,2,1,0,1
612,0,0,1,4,0,1,9,9,2,5,7,0,0,0,2,8,3,2,3,3,5,11,1
626,5,0,1,1,1,2,0,2,6,5,1,0,0,0,2,8,3,2,0,2,5,10,2
626,5,1,1,1,0,2,9,7,2,5,1,0,0,0,2,2,3,2,3,3,5,12,2
375,1,0,1,4,0,2,0,7,2,5,1,0,0,3,2,8,2,2,1,2,5,10,2
375,1,2,1,1,0,3,5,7,2,5,1,0,0,3,2,2,2,2,1,2,5,9,2
327,1,1,1,1,0,0,7,2,4,5,7,0,0,3,2,8,1,3,2,2,1,9,2
726,0,3,1,4,0,3,0,7,1,5,3,0,0,0,2,8,2,3,3,3,5,16,1
726,0,0,1,2,2,1,4,9,2,5,3,0,0,0,2,2,2,2,0,2,5,14,1
727,2,0,1,4,0,0,1,6,1,5,7,0,0,0,2,8,1,3,0,2,5,1,2
362,4,1,1,0,2,1,5,9,0,5,0,4,0,3,2,8,2,2,0,2,5,13,2
321,4,2,1,4,0,0,0,2,6,5,7,0,0,3,2,8,2,2,2,2,1,11,2
412,2,1,1,4,0,4,0,1,1,5,7,0,0,3,2,8,3,2,1,2,5,0,2
412,2,2,1,4,0,1,10,0,4,5,7,0,0,3,2,1,3,3,3,3,5,12,2
204,1,0,1,4,0,2,9,7,2,5,0,0,0,3,2,2,2,3,0,2,5,1,2
204,1,0,1,4,0,3,7,7,2,5,0,0,0,3,2,2,2,3,1,2,5,10,2
118,6,2,1,1,2,3,0,7,2,5,1,0,0,3,2,6,2,2,0,1,5,10,2
118,6,4,0,4,0,0,10,6,6,5,1,0,0,3,2,8,2,2,3,3,5,12,2
974,0,1,1,4,0,1,0,6,2,5,1,0,0,3,2,8,2,4,0,2,5,3,2
264,4,3,1,4,0,1,7,6,4,5,7,4,0,3,2,8,2,2,3,3,5,0,2
264,4,1,1,4,0,1,8,7,6,5,7,0,0,3,2,8,2,2,2,1,6,3,2
433,4,0,1,4,0,1,5,7,6,5,1,0,0,3,2,8,2,2,3,3,5,0,2
433,4,1,1,4,0,3,0,7,4,5,1,0,0,3,2,8,2,7,0,2,5,12,2
907,0,3,1,4,0,3,0,7,6,5,7,0,3,3,4,8,2,3,0,2,5,10,2
907,0,0,1,1,0,2,5,9,4,5,7,0,3,3,4,2,2,2,3,3,5,1,2
69,2,0,1,1,0,2,0,2,6,5,0,0,3,3,4,8,2,2,0,2,5,10,2
69,2,1,1,4,0,2,0,7,2,5,0,0,3,3,4,8,2,7,3,3,5,1,2
204,0,0,1,1,0,2,8,4,6,5,7,0,3,3,4,8,3,2,0,2,5,10,2
584,6,1,1,1,0,2,7,9,4,5,0,0,0,0,2,8,2,2,0,2,5,16,2
454,6,2,1,1,0,2,8,9,6,5,1,2,0,0,2,2,1,2,2,2,5,11,2
567,6,0,1,1,0,1,14,4,6,5,7,0,3,0,2,8,2,2,2,2,1,10,2
567,6,0,1,1,0,2,5,9,4,5,7,0,3,0,2,8,2,2,3,3,5,1,2
600,6,3,2,4,0,3,0,6,0,0,0,0,3,0,2,8,2,2,0,2,5,16,2
600,6,1,1,1,0,4,0,6,6,5,0,0,3,0,2,8,2,2,3,3,5,13,2
506,6,4,0,1,0,2,16,6,4,0,7,0,0,0,0,8,2,2,0,2,5,4,1
93,2,0,1,1,0,1,14,6,4,5,7,0,0,3,2,6,3,2,0,2,5,19,2
93,2,2,1,1,0,3,0,6,6,5,7,0,0,3,2,8,3,3,1,2,5,1,2
93,2,2,1,1,0,1,0,9,6,5,7,0,0,3,2,8,3,2,3,3,5,10,2
93,2,0,1,4,0,3,0,9,1,5,7,0,0,3,2,8,3,2,3,3,5,13,2
414,6,4,0,4,0,4,8,7,1,5,1,0,3,0,2,2,1,2,1,2,5,12,1
907,6,1,1,1,0,2,5,1,6,5,0,0,3,3,4,8,2,9,2,1,1,11,2
497,6,1,1,1,0,2,0,4,4,5,0,0,3,0,4,8,2,2,1,2,5,16,2
197,3,2,1,4,0,0,5,6,0,5,7,0,0,3,2,8,2,2,0,2,5,11,2
947,6,1,1,1,2,0,0,13,6,5,7,0,3,3,4,8,1,2,3,3,5,3,2
352,6,1,0,4,0,2,0,4,6,5,7,0,3,0,4,2,2,2,0,2,5,1,1
352,6,0,1,4,0,1,0,9,3,5,7,0,3,0,4,8,2,2,3,3,5,1,1
712,2,1,1,4,0,1,10,9,4,5,1,0,3,0,8,8,1,2,0,1,5,0,1
240,2,1,1,4,0,2,0,7,4,5,7,0,3,3,2,8,2,9,0,2,5,17,2
240,2,0,1,2,0,4,10,10,4,1,7,0,3,3,2,8,2,7,3,3,5,10,2
237,2,0,1,4,0,4,4,6,0,5,5,2,0,3,0,8,2,2,0,2,5,0,2
237,2,0,0,4,0,1,0,9,4,1,5,0,0,3,0,8,2,2,1,2,5,12,2
300,0,1,1,4,0,1,5,9,6,5,7,0,0,3,2,2,2,9,3,3,5,1,2
300,0,1,1,4,0,2,7,5,6,5,7,0,0,3,2,8,2,4,3,3,5,10,2
612,5,0,1,1,0,2,8,9,6,5,7,0,0,0,2,8,2,2,3,3,5,9,2
494,3,0,1,4,0,2,6,6,4,5,7,0,3,0,4,8,1,4,3,3,5,10,2
1024,5,0,1,4,2,2,8,6,2,7,1,0,0,3,2,8,2,2,0,2,5,10,2
1024,5,2,1,3,0,1,4,6,2,0,1,0,0,3,2,1,2,9,2,2,5,10,2
534,1,1,1,4,0,2,4,7,4,7,0,3,3,0,2,1,2,2,0,2,5,11,2
534,1,0,1,4,0,4,0,7,4,5,0,0,3,0,2,1,2,9,3,3,5,3,2
544,3,0,1,4,0,0,0,9,2,5,0,0,0,2,2,2,2,2,2,2,5,1,2
544,3,0,1,1,0,1,7,7,2,5,0,0,0,2,2,8,2,3,3,3,5,0,2
206,6,0,1,1,0,2,0,7,2,5,7,0,3,3,2,8,2,2,3,3,5,3,2
206,6,2,1,4,0,2,15,7,4,5,7,0,3,3,2,8,2,2,0,2,5,10,2
38,4,3,1,4,0,3,15,7,2,5,7,0,3,3,2,8,2,7,1,2,5,1,2
220,1,2,1,4,0,3,4,2,2,5,7,0,3,3,2,1,1,7,3,3,5,1,2
220,1,2,1,4,2,3,0,7,4,5,7,0,3,3,2,2,1,2,0,2,5,10,2
66,5,1,1,4,0,6,7,4,2,5,1,0,3,3,2,8,3,2,0,2,5,10,2
66,5,1,1,4,0,2,0,9,0,5,1,0,3,3,2,8,3,2,0,2,5,17,2
66,5,1,1,4,0,1,0,7,2,5,1,0,3,3,2,8,3,2,3,3,5,2,2
435,4,1,1,1,0,2,0,6,2,5,7,0,3,2,4,8,2,3,2,2,6,12,2
435,4,0,1,4,0,1,0,4,5,5,7,0,3,2,4,9,2,2,0,2,5,11,2
846,2,0,1,2,2,2,5,4,0,5,0,0,3,0,2,8,2,3,3,3,5,12,2
846,2,0,1,4,0,3,7,7,2,5,0,0,3,0,2,8,2,3,2,2,1,13,2
992,4,1,1,4,0,1,8,3,2,5,0,0,3,3,2,8,2,2,3,3,5,13,2
992,4,1,1,1,0,1,8,6,1,5,0,0,3,3,2,8,2,4,0,2,5,9,2
837,3,0,1,2,2,3,0,2,4,5,3,0,3,0,8,8,2,2,0,2,5,10,1
837,3,1,1,1,0,0,3,3,4,7,3,2,3,0,8,8,2,4,3,3,5,9,1
458,0,0,1,4,0,3,0,6,6,5,7,0,3,0,4,8,2,2,0,2,5,12,2
557,5,3,1,0,0,2,10,6,2,7,0,0,3,0,2,1,2,2,1,2,5,13,1
557,5,3,1,4,0,2,7,7,0,3,0,0,3,0,2,2,2,2,1,2,5,1,1
1009,2,1,1,4,0,3,5,6,4,6,7,0,3,3,2,2,3,2,0,2,5,10,2
1009,2,1,1,4,0,0,5,9,4,5,7,0,3,3,2,8,3,2,1,2,5,3,2
1009,2,1,1,4,0,1,3,7,2,5,7,3,3,3,2,8,3,2,0,2,5,10,2
1009,2,1,1,4,0,4,8,6,0,5,7,0,3,3,2,8,3,2,0,2,5,12,2
1009,2,1,1,4,0,3,8,6,4,7,7,0,3,3,2,8,3,4,3,3,5,1,2
1009,2,1,1,4,0,0,5,6,6,5,7,0,3,3,2,8,3,2,0,2,5,11,2
818,4,1,1,0,0,2,5,7,2,6,0,4,3,0,4,2,2,2,1,2,5,12,2
818,4,0,1,4,0,2,0,2,4,5,0,0,3,0,4,8,2,2,2,2,0,0,2
818,4,0,1,1,2,4,7,4,4,5,0,0,3,0,4,8,2,2,3,3,5,18,2
705,0,1,1,4,0,3,7,2,4,5,0,0,3,0,2,8,2,2,0,2,5,3,2
130,3,1,1,4,0,0,8,6,6,5,2,0,0,3,2,8,2,4,2,2,5,3,2
724,0,3,1,4,2,1,0,9,2,5,7,0,0,1,2,1,1,2,3,3,5,11,1
150,5,2,1,4,0,3,0,9,4,5,7,0,3,3,2,2,2,2,0,1,5,1,0
150,5,1,1,4,2,1,7,6,0,5,7,0,3,3,2,1,2,9,3,3,5,9,0
364,4,1,1,4,0,2,9,6,0,5,7,0,3,3,0,8,1,2,2,2,5,3,2
929,4,1,1,4,0,1,14,7,2,5,1,0,3,3,2,8,1,2,0,2,5,1,1
428,5,2,1,4,0,0,5,7,2,5,7,0,3,2,2,8,3,7,3,3,5,3,2
428,5,0,1,4,0,2,5,9,2,5,7,0,3,2,2,2,3,4,0,2,5,3,2
428,5,1,2,4,0,1,5,2,2,5,7,3,3,2,2,2,3,2,3,3,5,3,2
944,4,0,1,1,0,2,0,2,0,5,7,0,3,3,2,8,2,2,0,2,5,1,2
944,4,1,1,0,2,2,5,9,0,5,7,0,3,3,2,8,2,3,2,2,5,1,2
416,1,1,1,4,0,1,9,6,2,6,0,4,0,0,2,8,2,2,3,3,5,16,2
448,5,1,1,4,0,1,0,9,2,5,2,0,3,0,2,8,2,2,3,3,5,1,2
448,5,2,1,4,0,2,14,2,6,5,2,4,3,0,2,8,2,3,0,2,5,10,2
551,0,2,1,4,0,0,0,7,2,5,1,0,3,0,2,8,1,2,3,3,5,13,1
940,4,1,1,4,2,1,5,6,2,5,7,0,3,3,2,8,1,2,0,2,5,1,2
599,4,1,1,2,2,1,7,7,2,5,7,0,0,0,2,8,2,2,0,2,5,1,2
973,1,1,1,0,0,0,10,7,4,5,7,0,3,3,2,8,2,2,3,3,5,12,2
973,1,1,1,4,0,3,0,7,1,5,7,0,3,3,2,8,2,7,3,3,5,9,2
1025,0,3,1,2,0,0,5,9,2,5,7,0,0,3,2,8,2,2,0,2,5,13,1
1025,0,2,1,4,0,1,9,6,1,5,7,0,0,3,2,8,2,2,1,2,5,12,1
375,1,1,1,0,1,1,6,4,2,5,0,0,0,0,2,8,2,2,2,2,1,11,2
375,1,1,1,2,0,3,9,9,0,5,0,0,0,0,2,8,2,2,0,1,5,1,2
385,4,0,1,1,0,2,5,6,5,5,1,0,3,3,2,8,2,2,3,3,5,1,2
450,5,0,1,2,0,2,5,2,6,5,1,0,3,0,4,1,2,4,2,2,5,4,2
793,2,0,1,4,0,0,8,1,1,5,1,0,0,0,2,8,2,4,0,2,5,9,2
793,2,4,0,0,0,3,0,0,4,5,1,0,0,0,2,8,2,2,3,3,5,2,2
518,4,0,1,0,0,1,0,7,2,5,0,0,0,0,2,8,1,2,0,2,5,9,2
97,5,2,1,4,0,1,0,6,2,5,0,0,0,3,2,8,2,2,3,3,5,10,2
97,5,2,1,4,0,2,9,6,4,5,0,0,0,3,2,8,2,2,0,2,5,3,2
229,0,1,1,2,0,1,9,7,6,5,7,0,0,3,2,8,2,2,0,2,5,10,2
229,0,2,1,4,0,0,5,7,6,5,7,0,0,3,2,8,2,3,2,2,5,9,2
997,5,0,1,4,0,0,0,7,4,5,7,0,0,3,2,8,1,3,2,2,5,10,2
405,4,0,1,4,0,2,8,7,6,5,7,0,0,0,2,8,2,2,2,2,1,9,1
405,4,3,1,3,0,6,8,9,4,5,7,0,0,0,2,8,2,2,0,2,5,11,1
313,1,0,1,4,0,2,5,2,4,5,0,3,3,3,3,8,2,9,3,3,5,0,2
313,1,1,1,4,0,0,0,6,0,5,0,0,3,3,3,8,2,2,2,2,5,10,2
71,5,0,1,4,0,1,14,2,6,5,0,2,0,3,2,8,2,2,0,2,5,13,2
71,5,2,1,4,0,3,6,7,2,5,0,0,0,3,2,8,2,2,1,2,5,10,2
428,5,1,1,2,0,0,7,12,6,3,1,0,0,3,2,8,1,2,3,3,5,9,2
390,6,0,1,4,0,3,0,6,2,6,1,2,0,3,2,2,2,2,0,2,5,11,2
390,6,1,1,4,0,0,0,7,6,3,1,0,0,3,2,2,2,2,3,3,5,10,2
395,1,0,1,4,0,1,0,7,2,5,7,0,0,3,2,8,2,4,0,2,5,7,2
395,1,2,1,1,0,2,7,6,4,5,7,0,0,3,2,8,2,1,3,3,5,3,2
617,4,1,1,1,0,0,7,2,6,5,0,0,3,0,2,8,3,2,0,2,5,12,2
617,4,1,1,1,0,2,5,6,2,5,0,0,3,0,2,2,3,2,3,3,5,1,2
617,4,1,1,1,0,2,8,6,2,5,0,0,3,0,2,2,3,4,0,2,5,1,2
76,3,0,1,4,0,0,10,7,4,7,0,0,3,3,4,1,2,2,1,2,5,10,2
76,3,2,1,4,0,2,0,9,4,5,0,0,3,3,4,8,2,3,3,3,5,10,2
3,2,1,1,4,0,2,8,9,4,5,0,0,0,0,2,2,1,4,0,2,5,0,1
897,4,0,1,4,0,0,5,7,6,5,3,0,0,3,2,8,2,2,2,2,1,12,2
604,3,1,1,4,0,2,5,7,2,3,0,0,0,0,2,8,2,2,3,3,5,9,2
267,6,1,1,4,2,2,5,7,2,8,0,0,3,3,2,8,1,2,0,2,5,18,2
317,6,0,1,2,0,1,7,7,2,6,7,2,3,3,4,2,1,2,0,2,5,10,2
482,1,3,1,0,0,2,7,9,0,5,7,0,0,0,2,8,4,2,3,3,5,0,2
482,1,0,1,4,0,3,7,6,2,5,7,0,0,0,2,8,4,2,0,2,5,12,2
482,1,4,0,4,0,4,0,6,4,5,7,4,0,0,2,8,4,2,0,2,5,2,2
482,1,4,0,1,0,2,7,6,2,5,7,0,0,0,2,2,4,2,3,3,5,16,2
13,4,1,1,4,0,1,9,6,2,5,0,0,0,0,2,8,2,2,0,2,5,0,2
126,5,2,1,4,0,1,9,6,2,6,3,0,0,3,2,8,1,2,0,2,5,0,1
836,0,0,1,4,0,1,5,6,2,5,1,0,3,3,4,8,2,2,3,3,5,10,2
836,0,1,1,4,0,3,7,7,2,5,1,0,3,3,4,8,2,2,0,2,5,9,2
906,3,1,1,2,0,4,5,9,0,5,0,0,0,3,2,8,2,2,2,2,5,0,2
906,3,0,1,2,0,3,11,7,2,5,0,0,0,3,2,2,2,3,3,3,5,10,2
899,5,0,1,4,0,3,5,1,2,5,5,0,0,3,2,2,3,2,0,2,5,9,2
899,5,4,0,4,0,3,7,4,4,6,5,0,0,3,2,8,3,3,3,3,5,0,2