Time,Day_of_week,Age_band_of_driver,Sex_of_driver,Educational_level,Vehicle_driver_relation,Driving_experience,Type_of_vehicle,Area_accident_occured,Lanes_or_Medians,Road_allignment,Types_of_Junction,Road_surface_type,Road_surface_conditions,Light_conditions,Weather_conditions,Type_of_collision,Number_of_vehicles_involved,Vehicle_movement,Casualty_class,Casualty_severity,Pedestrian_movement,Cause_of_accident,Accident_severity
112,0,0,1,4,0,0,0,7,2,5,2,0,3,3,4,8,3,2,3,3,5,0,2
112,0,1,1,4,0,1,5,7,6,5,2,0,3,3,4,8,3,3,0,2,5,11,2
112,0,1,1,1,0,1,8,2,6,5,2,0,3,3,4,8,3,2,3,3,5,0,2
112,0,4,0,1,1,2,0,2,4,5,2,0,3,3,4,1,3,2,0,2,5,3,2
635,5,0,1,2,2,2,7,7,1,5,1,0,0,0,2,8,1,4,3,3,5,11,2
890,1,0,1,4,0,3,0,1,2,5,1,0,3,3,2,8,2,4,0,2,5,7,2
890,1,0,1,4,0,4,14,7,4,5,1,3,3,3,2,8,2,2,3,3,5,10,2
424,5,2,1,4,1,4,7,6,4,5,7,0,0,3,2,8,3,7,2,2,5,0,2
424,5,0,0,2,2,2,12,6,2,5,7,0,0,3,2,8,3,2,0,2,5,10,2
646,1,0,1,4,0,1,7,7,4,5,0,0,0,0,2,8,2,2,0,2,5,11,2
795,0,4,0,4,0,1,5,9,2,5,1,0,0,2,2,8,1,3,1,2,5,12,2
795,0,4,0,0,0,2,5,6,2,6,1,0,0,2,2,8,1,2,2,2,1,3,2
930,1,0,1,4,2,1,5,9,6,5,0,0,0,3,2,2,2,2,0,2,5,1,2
984,6,0,1,4,0,1,5,7,0,5,7,0,0,3,2,8,2,2,3,3,5,9,2
984,6,0,1,4,0,2,0,3,1,5,7,0,0,3,2,8,2,2,0,2,5,3,2
197,4,0,1,4,0,1,0,7,4,5,1,0,0,3,2,8,1,3,2,2,5,4,1
996,2,3,1,1,0,0,8,7,4,5,1,0,0,3,2,8,1,2,0,2,5,4,0
820,3,0,1,4,2,0,0,7,4,5,7,0,0,0,2,2,2,3,1,1,5,0,2
820,3,0,1,4,0,1,11,7,4,5,7,0,0,0,2,2,2,3,1,1,5,1,2
820,3,0,1,4,0,0,5,7,4,5,7,0,0,0,2,8,2,2,1,2,5,3,2
820,3,0,1,1,0,3,11,6,2,5,7,3,0,0,2,2,2,9,1,1,5,10,2
820,3,1,1,4,0,1,0,7,4,5,7,0,0,0,2,8,2,2,1,2,5,1,2
348,2,1,1,4,0,1,0,7,4,5,0,0,3,3,2,8,1,2,2,1,1,3,2
845,1,1,1,1,0,1,5,2,4,5,0,0,0,3,2,8,2,2,3,3,5,9,1
845,1,1,1,4,0,1,0,6,4,5,0,0,0,3,2,8,2,2,0,2,5,18,1
845,1,1,1,1,0,2,10,12,6,5,0,0,0,3,2,1,2,2,1,2,5,1,1
593,1,4,0,1,0,1,0,7,4,5,7,0,3,0,2,8,2,1,2,1,5,3,2
593,1,1,1,4,0,3,11,6,4,5,7,0,3,0,2,2,2,3,0,2,5,12,2
216,0,2,1,4,0,3,5,9,6,3,2,0,0,3,2,8,1,4,0,2,5,9,2
269,1,0,1,2,0,3,0,4,1,5,0,0,0,3,2,2,2,2,3,3,5,0,2
269,1,2,1,4,0,2,4,7,4,5,0,0,0,3,2,8,2,2,2,2,5,17,2
250,2,2,1,4,2,1,10,9,4,5,7,0,3,3,4,8,3,2,0,2,5,10,2
250,2,1,1,1,0,0,10,1,2,5,7,0,3,3,4,1,3,2,3,3,5,3,2
264,2,2,1,4,0,2,3,5,2,5,7,0,0,3,2,8,2,2,3,3,5,0,2
206,4,0,1,1,2,2,4,5,4,5,0,0,0,3,2,8,2,2,3,3,5,10,2
206,4,2,1,2,1,3,5,5,4,5,0,0,0,3,2,1,2,2,3,3,5,10,2
15,2,0,1,4,0,3,9,5,6,3,7,0,0,0,2,8,3,2,0,2,5,0,2
701,6,1,1,4,0,2,0,5,2,0,0,0,3,0,2,2,2,2,3,3,5,10,2
37,5,0,1,4,0,3,5,6,4,7,1,0,3,0,4,8,2,3,3,3,5,0,2
940,0,0,1,1,0,2,0,5,4,7,7,0,0,3,2,8,2,2,2,2,1,1,2
940,0,3,1,4,0,2,0,5,4,7,7,0,0,3,2,8,2,2,2,2,1,9,2
276,3,0,1,0,0,0,5,5,4,5,0,0,0,3,2,2,1,2,2,2,5,1,1
326,0,2,2,1,0,3,0,6,4,5,1,0,3,3,4,8,1,2,3,3,5,10,1
930,1,3,1,1,0,2,0,1,4,5,2,0,3,3,2,8,1,2,0,2,5,16,2
31,3,1,1,1,0,1,0,6,4,5,1,0,3,1,4,8,2,2,3,3,5,13,1
375,2,1,1,4,0,2,8,7,4,5,7,0,0,3,2,8,2,5,0,1,5,0,2
974,0,3,1,4,0,3,0,7,2,5,7,0,0,3,2,8,2,2,3,3,5,16,1
760,3,0,1,1,0,1,9,7,6,5,1,0,0,2,7,8,1,4,0,2,5,10,2
930,6,0,1,4,0,2,10,6,2,5,0,0,0,3,2,2,2,3,0,2,5,12,2
890,6,0,1,4,0,2,14,7,2,5,7,0,0,3,2,2,2,4,3,3,5,0,2
388,1,1,1,4,0,0,0,6,1,6,1,0,0,3,2,8,1,2,0,2,5,11,2
749,5,4,0,0,2,2,0,6,4,5,0,0,3,0,4,1,3,3,0,2,5,3,2
749,5,0,1,4,0,1,7,6,0,5,0,0,3,0,4,8,3,2,0,2,5,9,2
546,4,0,1,2,0,1,0,6,4,5,0,0,0,3,2,8,2,2,3,3,5,10,2
259,1,2,1,4,0,4,0,7,0,5,0,0,3,3,8,8,2,3,3,3,5,0,2
259,1,2,1,4,0,4,9,7,2,5,0,0,3,3,8,8,2,2,1,2,5,0,2
315,4,1,1,1,0,5,11,6,2,5,7,0,0,3,2,8,3,2,1,2,5,9,2
150,1,1,1,4,0,3,0,9,2,5,7,0,3,3,2,8,2,2,3,3,5,5,2
150,1,1,1,4,0,3,0,12,2,5,7,0,3,3,2,8,2,3,0,2,5,11,2
150,1,1,1,4,2,2,5,6,4,5,7,0,3,3,2,8,2,3,3,3,5,12,2
112,5,0,1,4,0,4,0,7,4,5,5,0,3,3,2,8,1,2,0,2,5,3,2
25,2,3,1,4,0,1,10,7,0,5,7,0,0,0,2,8,2,2,0,2,5,9,1
395,4,1,1,0,0,0,11,7,2,5,1,0,0,3,2,8,1,2,0,2,5,12,2
831,6,1,1,4,0,0,5,6,0,6,7,0,0,3,2,2,2,2,3,3,5,1,2
831,6,0,1,4,0,0,0,6,2,5,7,0,0,3,2,2,2,2,2,2,2,0,2
810,3,0,1,4,0,3,10,6,1,5,7,0,0,3,2,1,1,2,2,1,5,9,2
810,3,0,1,4,0,4,5,7,4,5,7,0,0,3,2,8,1,2,3,3,5,0,2
986,6,0,1,4,0,0,4,7,2,5,0,0,0,3,2,1,3,7,0,2,5,10,1
986,6,1,1,4,0,2,5,9,2,5,0,0,0,3,2,8,3,2,1,2,5,0,1
986,6,1,1,4,0,4,9,7,2,5,0,0,0,3,2,8,3,7,0,2,5,3,1
229,3,0,1,4,0,1,15,7,2,5,0,0,0,3,2,8,4,7,2,1,5,10,2
229,3,1,1,1,0,2,0,4,4,5,0,0,0,3,2,8,4,2,3,3,5,10,2
229,3,1,1,4,0,0,5,2,0,5,0,0,0,3,2,8,4,4,3,3,5,10,2
229,3,0,1,2,0,4,0,7,4,5,0,0,0,3,2,8,4,2,0,2,5,16,2
229,3,0,1,1,0,3,0,7,4,5,0,0,0,3,2,8,4,2,3,3,5,5,2
405,3,2,1,2,2,0,5,6,4,5,1,0,0,3,2,8,1,2,0,2,5,11,2
320,1,1,1,4,0,1,0,6,4,5,0,0,0,3,2,8,2,3,3,3,5,9,2
348,6,0,1,2,2,1,0,4,4,5,7,0,0,3,2,2,2,2,3,3,5,0,2
348,6,1,1,2,0,3,15,6,4,5,7,0,0,3,2,8,2,2,3,3,5,1,2
743,0,0,1,0,0,2,8,6,2,5,1,0,0,0,2,1,2,2,1,2,5,0,1
331,4,1,1,4,0,2,0,6,2,5,0,0,0,3,2,8,2,2,1,2,5,1,2
318,4,2,1,1,2,2,9,2,2,5,1,0,0,3,2,1,1,3,1,2,5,0,1
354,3,3,1,1,0,2,10,9,2,5,7,0,0,3,2,1,3,3,1,2,5,0,2
354,3,3,1,2,2,2,4,12,6,5,7,0,0,3,2,1,3,2,1,2,5,7,2
354,3,1,1,4,0,2,14,3,6,3,7,2,0,3,2,8,3,4,1,2,5,16,2
354,3,1,1,4,2,0,12,7,4,5,7,0,0,3,2,2,3,2,1,2,5,0,2
453,2,3,1,4,2,3,0,4,4,5,0,0,0,3,2,2,2,2,1,2,5,9,2
453,2,1,1,2,0,2,7,2,2,5,0,2,0,3,2,8,2,2,2,2,3,10,2
551,4,0,1,2,2,1,15,6,2,5,7,0,0,3,2,8,2,2,0,2,5,12,2
551,4,3,1,4,0,2,0,7,2,5,7,0,0,3,2,8,2,2,3,3,5,17,2
670,2,0,1,1,0,1,14,6,0,5,1,2,0,3,2,8,1,2,0,2,5,0,2
930,5,2,1,1,0,2,0,6,0,5,7,0,0,3,2,1,2,4,0,2,5,10,2
930,5,1,1,4,0,0,9,6,0,5,7,0,0,3,2,6,2,2,1,2,5,9,2
964,1,0,1,1,0,3,5,7,4,5,7,0,0,3,2,8,2,2,3,3,5,10,2
400,1,0,1,4,0,1,11,7,1,5,7,0,3,3,4,8,2,10,1,2,5,16,2
1022,2,0,1,4,2,2,9,6,2,5,0,0,0,3,2,2,2,2,3,3,5,1,2
400,3,0,1,4,0,3,0,6,2,5,1,1,3,3,2,8,2,2,2,2,3,9,2
400,3,0,1,4,0,1,5,6,4,5,1,0,3,3,2,8,2,2,3,3,5,1,2
54,0,2,1,4,0,0,9,7,4,5,0,0,0,3,2,8,3,3,0,2,5,12,2
54,0,1,1,4,0,1,4,7,4,5,0,0,0,3,2,1,3,2,3,3,5,2,2
54,0,0,1,4,0,2,0,1,4,5,0,0,0,3,2,8,3,3,0,2,5,5,2
490,2,3,1,4,0,0,0,2,4,5,7,0,0,3,2,8,2,2,3,3,5,1,2
490,2,1,1,1,0,0,0,1,6,5,7,0,0,3,2,2,2,2,0,2,5,3,2
336,0,1,1,4,0,1,1,12,6,5,7,0,0,3,2,8,3,2,3,3,5,10,2
336,0,0,1,4,0,3,9,2,0,5,7,0,0,3,2,8,3,2,0,2,5,0,2
931,4,1,1,1,0,3,0,7,4,5,1,0,0,3,2,8,2,2,3,3,5,16,2
990,2,0,1,4,0,0,4,4,1,5,7,0,3,3,2,8,2,2,0,2,5,3,2
912,6,2,1,2,2,2,8,6,6,5,5,0,3,3,4,8,2,2,0,1,5,9,2
912,6,1,1,1,0,1,4,6,4,5,5,0,3,3,4,8,2,8,3,3,5,17,2
425,6,1,1,2,2,0,7,6,4,5,5,0,0,3,2,8,2,3,0,2,5,0,2
300,4,0,1,4,0,0,4,7,0,5,0,3,0,3,2,8,2,3,3,3,5,10,2
458,1,3,1,4,0,3,0,9,6,5,0,0,3,3,4,8,2,9,2,2,3,12,2
458,1,0,1,4,0,0,5,7,2,5,0,0,3,3,4,8,2,2,0,2,5,9,2
68,5,1,1,2,2,3,7,7,1,5,7,0,0,3,2,8,2,2,3,3,5,9,2
68,5,1,1,4,0,3,5,7,1,5,7,0,0,3,2,8,2,10,3,3,5,7,2
68,5,0,1,4,0,0,0,7,4,5,7,0,0,3,2,2,2,2,0,2,5,0,2
220,0,0,1,4,0,0,8,7,2,5,7,0,0,3,2,6,2,2,0,2,5,0,2
220,0,3,1,2,0,1,5,9,6,3,7,0,0,3,2,8,2,10,3,3,5,12,2
168,1,2,1,4,0,1,10,6,2,5,7,0,3,3,4,8,1,8,2,2,1,1,2
300,3,0,1,4,0,0,3,6,2,5,7,0,0,3,2,8,2,2,2,2,1,1,2
300,3,1,1,1,0,2,0,7,2,5,7,0,0,3,2,8,2,3,2,2,2,3,2
71,6,1,1,4,0,2,0,7,1,5,5,0,3,3,2,8,3,1,1,2,5,0,2
71,6,1,1,4,0,0,7,6,2,5,5,0,3,3,2,8,3,2,0,2,5,1,2
608,6,0,1,4,0,1,3,7,2,5,7,3,0,3,2,8,2,9,0,2,5,3,2
608,6,0,1,1,0,2,9,7,2,5,7,0,0,3,2,2,2,3,1,2,5,10,2
788,3,4,0,4,0,3,9,9,2,5,1,0,0,0,2,8,2,2,1,2,5,12,2
788,3,0,1,4,0,3,7,7,4,5,1,0,0,0,2,8,2,3,1,2,5,12,2
520,0,0,1,1,2,1,7,6,4,5,0,0,3,3,2,8,3,2,1,2,5,12,2
520,0,1,1,1,0,2,7,6,4,5,0,2,3,3,2,8,3,2,0,2,5,0,2
520,0,2,1,4,2,0,9,7,4,5,0,0,3,3,2,1,3,2,3,3,5,9,2
98,1,0,1,1,0,3,7,6,2,5,7,0,0,3,2,8,2,2,3,3,5,12,1
415,5,1,1,1,0,3,7,2,6,5,1,0,3,3,2,8,1,7,3,3,5,4,2
618,4,0,1,4,0,3,7,4,4,5,7,2,0,3,2,8,2,2,2,2,2,9,2
618,4,0,1,4,0,1,7,7,4,5,7,0,0,3,2,1,2,2,0,2,5,12,2
819,2,0,1,4,0,3,8,7,2,5,1,0,3,0,4,8,2,4,1,2,5,10,2
819,2,0,1,4,0,3,0,6,4,7,1,0,3,0,4,8,2,0,0,2,5,3,2
819,2,0,1,4,0,4,7,7,1,5,1,0,3,0,4,8,2,9,3,3,5,0,2
163,5,0,1,4,2,3,5,1,4,3,0,0,3,3,3,1,2,2,0,2,5,12,2
163,5,0,1,2,1,3,10,7,2,3,0,2,3,3,3,8,2,2,2,2,5,12,2
163,5,0,1,4,0,2,0,2,2,5,0,0,3,3,3,1,2,2,0,2,5,10,2
485,2,1,1,4,0,2,9,7,2,5,1,0,0,3,2,8,1,2,0,2,5,3,1
787,3,0,1,4,2,4,7,6,4,5,1,0,0,0,2,8,2,2,3,3,5,1,2
787,3,1,1,4,0,2,5,6,6,5,1,0,0,0,2,8,2,2,0,2,5,3,2
787,3,1,1,1,0,1,8,7,1,0,1,0,0,0,2,2,2,1,0,2,5,0,2
644,5,3,1,4,2,1,7,9,4,5,7,0,0,0,2,8,2,1,3,3,5,3,2
644,5,2,1,1,0,1,5,1,1,5,7,0,0,0,2,8,2,1,0,2,5,3,2
644,5,2,1,4,2,1,12,2,4,5,7,0,0,0,2,2,2,3,3,3,5,5,2
644,5,2,1,4,0,3,0,7,1,5,7,0,0,0,2,8,2,2,0,2,5,3,2
357,0,2,1,4,0,1,0,7,4,5,5,2,0,3,2,8,2,2,3,3,5,10,2
357,0,2,1,4,0,0,14,7,2,5,5,0,0,3,2,8,2,12,2,2,1,3,2
0,0,0,1,4,0,1,7,9,6,5,0,0,0,0,2,8,2,2,0,2,5,4,1
0,0,1,1,4,0,0,5,12,6,5,0,0,0,0,2,1,2,4,3,3,5,16,1
430,3,0,1,4,0,2,5,2,2,5,0,0,0,3,2,1,2,2,3,3,5,10,2
430,3,1,1,4,0,2,3,7,6,5,0,4,0,3,2,8,2,2,0,2,5,3,2
963,5,0,1,1,2,1,14,7,2,5,1,3,0,3,2,8,1,2,0,2,5,12,1
493,5,0,1,1,0,4,9,6,4,5,7,3,0,3,2,2,2,2,0,2,5,12,1
112,5,2,1,4,0,3,9,7,4,5,7,0,0,3,2,8,3,2,3,3,5,12,2
112,5,1,1,2,0,0,5,3,4,5,7,2,0,3,2,8,3,2,3,3,5,10,2
112,5,2,1,4,2,2,0,7,4,5,7,0,0,3,2,8,3,2,3,3,5,9,2
336,4,0,1,4,0,0,5,7,2,5,7,0,0,3,2,2,2,9,0,2,5,10,1
336,4,3,1,4,0,3,5,7,4,5,7,0,0,3,2,8,2,2,3,3,5,0,1
155,0,0,1,4,0,4,8,7,0,5,1,0,0,3,2,8,1,2,0,2,5,0,2
541,0,0,1,1,0,1,7,7,2,6,0,2,0,3,2,2,3,1,0,1,5,11,1
541,0,0,1,4,0,2,0,3,2,5,0,0,0,3,2,8,3,3,3,3,5,9,1
541,0,0,1,1,0,2,0,7,2,5,0,0,0,3,2,2,3,1,3,3,5,0,1
541,0,1,1,4,2,0,4,7,1,5,0,0,0,3,2,8,3,5,0,2,5,10,1
541,0,1,1,4,0,2,1,7,2,6,0,0,0,3,2,8,3,2,0,2,5,12,1
541,0,1,1,2,0,1,5,9,2,5,0,0,0,3,2,8,3,2,1,2,5,10,1
520,5,3,1,4,0,0,4,7,2,5,1,0,3,3,2,8,2,7,0,2,5,10,2
520,5,2,1,4,0,2,4,9,2,5,1,0,3,3,2,8,2,1,3,3,5,7,2
604,1,0,1,4,0,1,0,7,4,5,7,0,0,3,2,8,2,2,0,2,5,11,2
11,3,0,1,4,0,3,0,6,2,5,1,2,0,0,2,1,2,2,0,2,5,10,1
11,3,2,1,4,0,3,10,6,2,6,1,0,0,0,2,2,2,7,3,3,5,3,1
323,0,0,1,4,0,2,9,6,0,5,7,0,0,3,2,8,2,2,0,2,5,10,2
323,0,1,1,2,0,1,7,1,2,5,7,0,0,3,2,8,2,8,3,3,5,1,2
678,2,0,1,2,2,1,0,7,2,5,0,0,0,0,2,2,2,5,0,2,5,16,2
678,2,0,1,4,0,4,0,7,6,5,0,2,0,0,2,8,2,2,3,3,5,3,2
956,5,1,1,4,2,3,10,7,2,5,7,0,0,3,2,8,2,7,0,2,5,9,2
956,5,1,1,4,0,3,10,7,0,5,7,0,0,3,2,1,2,2,3,3,5,10,2
179,5,0,1,1,0,1,0,7,4,7,7,0,0,3,2,8,2,2,0,2,5,16,2
179,5,0,1,4,0,1,7,6,2,5,7,0,0,3,2,1,2,7,2,2,5,3,2
179,5,0,1,5,0,3,8,6,2,5,7,0,0,3,2,8,2,2,1,2,5,3,2
653,1,0,1,1,0,2,5,6,1,5,0,0,3,0,2,8,2,12,1,2,5,9,2
653,1,0,1,4,0,4,0,9,0,5,0,0,3,0,2,2,2,2,1,2,5,3,2
653,1,0,1,1,0,4,0,1,2,5,0,0,3,0,2,8,2,2,3,3,5,4,2
323,0,4,0,4,0,4,5,2,0,5,7,4,0,3,2,8,3,2,2,2,2,0,1
323,0,1,1,4,2,2,7,7,2,5,7,0,0,3,2,1,3,1,3,3,5,10,1
1016,2,1,1,2,2,2,0,9,6,3,7,0,0,3,2,2,2,2,0,2,5,1,2
1016,2,1,1,4,0,2,0,12,6,5,7,0,0,3,2,1,2,2,3,3,5,5,2
1016,2,0,1,4,0,1,0,6,2,5,7,0,0,3,2,8,2,2,2,2,5,1,2
535,5,0,1,1,0,2,0,7,6,5,7,0,0,3,2,8,2,7,3,3,5,0,1
535,5,0,1,4,0,1,5,7,2,5,7,0,0,3,2,8,2,9,0,2,5,9,1
404,1,1,1,4,0,4,7,6,2,7,7,2,0,3,2,8,1,2,2,2,5,10,2
323,6,3,1,1,0,1,8,6,2,5,7,0,3,3,4,8,2,2,2,2,5,1,1
323,6,2,1,4,0,1,14,7,4,5,7,0,3,3,4,2,2,2,0,2,5,9,1
148,5,2,1,4,0,1,7,6,2,5,1,0,0,3,2,2,1,2,3,3,5,10,1
435,5,4,0,4,0,2,8,4,2,5,1,0,0,3,2,8,1,1,2,2,5,4,1
668,6,3,1,4,0,2,14,6,4,5,0,0,3,0,4,8,2,2,0,2,5,4,2
152,4,0,1,4,2,2,0,7,2,5,1,0,0,3,2,8,3,2,0,2,5,9,2
779,2,0,1,4,0,0,0,6,6,5,7,0,0,0,7,8,2,2,3,3,5,0,2
779,2,4,0,4,0,4,16,9,6,5,7,0,0,0,7,8,2,2,0,2,5,5,2
310,4,2,1,4,0,4,14,7,6,5,7,0,0,3,2,8,2,2,0,2,5,9,1
894,6,0,1,4,0,1,0,2,4,5,7,0,0,3,2,5,2,2,3,3,5,0,2
894,6,0,1,4,0,0,0,7,1,5,7,0,0,3,2,8,2,7,3,3,5,1,2
652,5,1,1,1,0,2,0,7,2,5,5,2,3,0,4,2,1,2,0,2,5,10,1
907,5,1,1,4,2,4,8,2,4,5,1,0,3,3,2,8,1,9,0,2,5,2,1
930,6,1,1,6,0,4,5,6,0,5,7,0,0,3,2,8,2,2,0,2,5,12,2
930,6,1,1,4,0,0,0,2,2,5,7,0,0,3,2,8,2,2,0,2,5,10,2
996,3,1,1,1,2,2,5,7,4,7,1,0,0,3,2,8,2,2,0,2,5,18,2
996,3,0,1,4,0,1,5,7,4,5,1,0,0,3,2,8,2,7,3,3,5,10,2
604,0,4,0,4,2,4,5,2,4,5,7,0,0,0,2,2,2,2,0,2,5,1,2
604,0,0,1,6,0,2,5,4,2,6,7,0,0,0,2,2,2,9,3,3,5,10,2
192,5,1,1,6,0,2,0,6,4,5,1,0,0,3,2,8,2,2,2,2,5,0,2
192,5,1,1,4,0,2,0,12,4,5,1,0,0,3,2,2,2,2,2,2,6,3,2
445,2,0,1,4,0,1,0,7,4,5,7,0,0,3,2,2,2,2,2,2,6,1,1
445,2,2,1,4,0,3,10,2,1,5,7,3,0,3,2,8,2,2,0,2,5,12,1
370,6,1,1,4,0,2,0,6,4,5,7,0,0,3,2,8,2,2,3,3,5,10,2
370,6,0,1,4,0,3,10,7,6,3,7,0,0,3,2,2,2,1,0,2,5,11,2
97,0,2,1,4,0,1,10,7,6,5,7,0,0,3,2,8,2,3,3,3,5,11,2
97,0,1,1,4,0,4,0,7,2,5,7,0,0,3,2,8,2,2,3,3,5,12,2
265,0,1,1,4,0,4,4,7,1,5,0,0,0,3,2,8,1,9,0,2,5,0,2
916,6,2,1,4,2,2,0,2,2,6,7,0,3,3,4,8,1,2,0,2,5,0,2
698,5,0,1,1,0,4,7,6,2,6,1,0,3,0,2,8,2,2,0,2,5,12,1
979,0,2,1,4,0,1,8,7,2,5,1,0,0,3,2,1,3,2,3,3,5,10,2
979,0,2,1,4,0,2,4,6,2,6,1,0,0,3,2,8,3,2,0,2,5,10,2
979,0,1,1,2,0,3,6,7,2,5,1,0,0,3,2,2,3,2,1,2,5,1,2
979,0,1,1,2,0,3,8,2,4,5,1,0,0,3,2,8,3,9,3,3,5,0,2
979,0,1,1,4,0,2,4,6,2,5,1,0,0,3,2,8,3,9,0,2,5,10,2
327,3,0,1,1,0,0,4,7,2,5,1,0,0,3,2,8,1,2,3,3,5,17,1
564,0,0,1,1,0,2,0,7,2,5,7,0,0,0,2,8,2,1,0,2,5,12,2
564,0,2,1,4,0,2,0,12,2,5,7,0,0,0,2,8,2,1,3,3,5,9,2
590,1,4,0,4,0,0,7,2,0,6,2,0,0,0,2,8,2,2,0,2,5,5,2
590,1,1,1,4,2,2,7,12,4,5,2,4,0,0,2,8,2,5,3,3,5,9,2
590,1,1,1,2,2,3,0,9,0,5,2,0,0,0,2,8,2,7,0,2,5,1,2
307,4,4,0,6,2,2,7,6,4,5,1,0,0,3,2,2,2,1,3,3,5,5,1
307,4,0,1,0,0,3,15,2,2,5,1,0,0,3,2,8,2,1,0,2,5,3,1
307,4,0,1,2,0,4,4,9,4,5,1,0,0,3,2,2,2,7,0,2,5,10,1
336,5,1,1,4,0,0,0,6,6,5,7,0,3,3,4,8,1,9,3,3,5,12,2
200,6,0,1,4,0,3,7,9,1,5,0,0,0,3,2,8,2,3,1,2,5,15,2
445,4,1,1,4,0,3,0,7,2,5,0,0,0,3,2,1,1,2,3,3,5,1,1
292,1,0,1,4,0,5,0,9,2,5,7,0,0,3,2,8,2,2,3,3,5,1,2
292,1,0,1,4,0,0,0,4,4,5,7,0,0,3,2,8,2,2,0,2,5,1,2
534,4,2,1,3,2,0,5,7,4,3,0,0,3,0,2,8,1,7,3,3,5,1,2
264,1,1,1,4,2,4,7,6,4,5,7,0,0,3,2,1,1,2,0,2,5,9,2
264,1,1,1,4,2,0,8,7,2,7,7,0,0,3,2,2,1,2,0,2,5,10,2
439,0,4,0,5,2,2,0,7,2,5,3,0,3,0,2,8,2,2,3,3,5,10,1
296,5,0,1,4,2,2,7,7,6,3,0,0,0,3,2,2,3,7,3,3,5,16,2
182,6,0,1,4,2,4,5,6,4,5,0,1,0,3,2,2,2,3,2,2,5,14,2
182,6,2,1,1,0,1,3,2,6,5,0,0,0,3,2,8,2,2,3,3,5,12,2
477,5,0,1,4,0,1,8,6,0,5,7,0,0,0,2,8,2,2,0,2,5,1,2
477,5,3,1,4,0,1,8,6,6,5,7,0,0,0,2,8,2,2,3,3,5,9,2
964,1,1,1,4,0,2,5,6,2,5,7,0,3,3,4,8,2,2,0,2,5,0,2
964,1,1,1,4,0,2,5,6,1,5,7,2,3,3,4,6,2,2,3,3,5,11,2
206,2,0,1,4,0,3,0,9,4,5,7,0,3,3,4,8,2,9,3,3,5,10,1
206,2,0,1,1,0,2,7,9,6,5,7,0,3,3,4,2,2,2,0,2,5,12,1
163,1,0,1,4,0,3,7,6,0,5,7,0,0,3,2,8,1,2,0,2,5,10,2
959,2,0,1,4,2,2,8,7,2,5,7,0,3,3,4,8,2,2,0,2,5,1,2
339,5,1,1,4,0,2,0,7,2,5,7,0,3,0,4,8,2,2,2,2,2,11,2
708,4,0,1,4,0,2,7,12,0,5,7,0,3,0,4,8,2,3,0,2,5,16,2
708,4,0,1,4,0,2,9,12,4,5,7,0,3,0,4,2,2,3,3,3,5,14,2
943,6,1,1,4,0,3,14,9,1,5,7,3,0,3,2,6,2,4,3,3,5,1,2
943,6,1,1,2,0,3,5,7,4,5,7,0,0,3,2,8,2,2,0,2,5,8,2
992,1,2,1,4,0,3,5,6,2,5,7,0,3,3,2,1,1,11,0,2,5,13,0
387,5,1,1,4,0,3,5,7,2,5,7,0,3,2,4,8,3,9,3,3,5,0,2
387,5,1,1,4,0,3,0,12,4,5,7,0,3,2,4,8,3,1,2,2,1,1,2
387,5,1,1,4,0,3,5,7,0,5,7,0,3,2,4,1,3,2,2,2,6,11,2
969,1,3,1,4,0,1,9,7,2,5,1,0,3,3,2,8,3,2,0,2,5,0,2
969,1,4,0,4,0,4,0,6,2,5,1,0,3,3,2,8,3,9,0,2,5,12,2
969,1,4,0,4,0,4,14,7,2,5,1,0,3,3,2,8,3,7,3,3,5,1,2
323,5,1,1,4,0,1,0,7,2,5,1,0,3,3,3,8,1,3,0,2,5,10,2
142,3,0,1,1,0,4,5,5,4,5,7,0,3,3,2,8,2,4,3,3,5,11,2
142,3,2,1,4,0,4,7,7,6,5,7,0,3,3,2,2,2,2,2,2,5,10,2
520,0,0,0,6,0,4,5,6,0,5,7,0,0,0,2,8,2,2,0,2,5,3,2
746,4,0,1,4,0,0,10,4,2,5,7,0,3,2,4,8,1,2,2,2,5,3,2
229,4,0,1,1,0,3,0,7,4,5,7,0,3,3,0,8,2,2,0,2,5,0,1
229,4,3,1,1,0,3,5,6,4,5,7,0,3,3,0,8,2,2,1,2,5,12,1
410,4,0,1,1,0,4,9,6,6,5,7,0,0,0,2,8,2,2,3,3,5,10,2
410,4,1,1,2,0,1,6,9,2,5,7,0,0,0,2,8,2,4,0,2,5,1,2
502,0,2,1,4,0,1,0,7,2,5,1,0,0,0,2,8,2,3,3,3,5,10,1
502,0,1,1,4,0,1,5,0,4,5,1,0,0,0,2,8,2,2,0,2,5,1,1