Time,Day_of_week,Age_band_of_driver,Sex_of_driver,Educational_level,Vehicle_driver_relation,Driving_experience,Type_of_vehicle,Area_accident_occured,Lanes_or_Medians,Road_allignment,Types_of_Junction,Road_surface_type,Road_surface_conditions,Light_conditions,Weather_conditions,Type_of_collision,Number_of_vehicles_involved,Vehicle_movement,Casualty_class,Casualty_severity,Pedestrian_movement,Cause_of_accident,Accident_severity
624,4,0,1,2,0,0,14,6,6,5,0,0,0,0,2,8,2,3,0,2,5,0,2
440,6,0,1,4,0,4,0,2,2,5,1,0,3,0,4,2,2,2,3,3,5,13,2
440,6,0,1,4,0,4,0,9,0,5,1,0,3,0,4,8,2,2,2,2,5,13,2
440,6,0,1,4,0,4,7,9,0,5,1,0,3,0,4,8,2,2,0,2,5,12,2
534,0,2,1,4,0,0,0,9,2,5,7,0,3,0,2,8,2,4,3,3,5,16,2
534,0,1,1,1,0,1,10,7,0,5,7,0,3,0,2,1,2,2,0,2,5,11,2
869,1,0,1,2,0,0,10,7,2,5,1,0,3,0,2,8,2,3,3,3,5,10,2
869,1,1,1,4,0,2,0,9,2,5,1,0,3,0,2,8,2,3,3,3,5,1,2
529,2,0,1,4,0,4,9,7,6,5,1,4,3,0,4,8,2,3,0,2,5,3,1
529,2,2,1,2,0,3,9,2,4,5,1,0,3,0,4,8,2,2,0,2,5,1,1
617,4,0,1,1,2,2,5,7,4,5,1,0,3,0,2,8,2,2,3,3,5,16,1
617,4,0,1,1,0,4,0,6,4,5,1,0,3,0,2,8,2,2,3,3,5,13,1
952,1,1,1,4,0,2,8,6,2,5,7,0,3,3,4,8,1,2,0,2,5,4,1
992,1,0,1,1,2,2,8,9,4,5,7,0,3,3,2,8,3,4,0,2,5,2,2
992,1,0,2,4,0,1,5,7,2,5,7,0,3,3,2,1,3,2,3,3,5,19,2
992,1,0,1,4,0,3,0,4,4,5,7,0,3,3,2,8,3,2,3,3,5,1,2
537,0,4,0,4,0,2,14,6,2,5,7,0,3,0,4,8,2,2,0,2,5,10,2
537,0,2,1,2,0,0,6,1,2,5,7,0,3,0,4,8,2,7,0,2,5,13,2
1001,4,0,1,1,0,1,7,9,4,5,2,0,3,3,2,2,2,2,0,2,5,0,2
1013,4,1,1,4,0,4,0,2,4,3,7,0,2,3,2,8,2,2,3,3,5,11,2
344,2,2,1,4,2,2,11,7,4,5,0,0,0,3,2,8,1,7,0,2,5,12,2
116,6,0,1,1,0,0,0,7,3,5,3,0,0,3,2,8,3,4,0,2,5,11,2
116,6,0,0,1,0,3,0,7,3,5,3,0,0,3,2,8,3,2,3,3,5,3,2
866,5,1,1,4,2,0,7,2,3,5,0,0,3,0,2,2,2,2,0,1,5,1,2
677,6,1,1,4,0,3,8,7,4,5,7,0,3,0,2,8,2,2,3,3,5,0,2
677,6,3,1,1,2,1,10,7,4,5,7,0,3,0,2,8,2,2,3,3,5,17,2
677,6,3,1,4,0,2,0,12,6,5,7,0,3,0,2,8,2,2,0,2,5,3,2
440,4,1,1,4,0,4,8,9,4,5,1,0,0,0,2,6,2,2,3,3,5,10,2
440,4,3,1,4,0,2,0,7,2,5,1,0,0,0,2,8,2,2,3,3,5,3,2
89,6,2,1,2,0,3,5,6,4,5,7,0,0,3,2,8,2,2,3,3,5,0,2
89,6,1,1,4,0,2,0,9,4,5,7,0,0,3,2,2,2,2,1,2,5,12,2
89,6,1,1,1,0,0,5,7,1,3,7,0,0,3,2,8,2,2,0,1,5,1,2
959,6,1,1,1,0,0,5,9,4,5,6,0,0,3,2,8,2,2,3,3,5,9,2
1012,4,0,1,4,2,0,10,9,2,5,0,0,3,3,7,2,2,2,0,2,5,9,2
1012,4,0,1,0,2,0,0,7,6,5,0,0,3,3,7,2,2,2,3,3,5,10,2
551,6,1,1,4,2,2,7,7,4,5,7,0,0,0,2,8,2,3,2,2,0,10,2
551,6,0,1,4,0,2,7,7,1,5,7,0,0,0,2,8,2,2,2,2,5,10,2
845,0,2,1,1,0,2,7,3,4,5,7,2,0,2,2,2,2,2,2,2,0,11,2
845,0,0,1,2,2,4,0,9,4,5,7,0,0,2,2,2,2,2,3,3,5,3,2
150,1,3,1,4,0,2,5,9,4,5,7,0,3,3,2,8,2,9,0,2,5,0,2
150,1,0,1,4,0,4,9,7,2,5,7,0,3,3,2,8,2,2,3,3,5,3,2
492,0,3,1,4,0,3,5,6,2,5,7,0,3,0,2,2,2,2,0,2,5,3,2
492,0,1,1,4,0,2,9,7,6,5,7,0,3,0,2,8,2,2,3,3,5,10,2
725,2,3,1,4,2,3,5,6,0,5,1,0,0,0,2,8,4,2,0,2,5,13,2
725,2,4,0,4,0,2,7,9,2,5,1,0,0,0,2,8,4,2,3,3,5,1,2
725,2,4,0,4,0,0,5,6,0,1,1,0,0,0,2,6,4,2,0,2,5,1,2
785,4,0,1,4,0,0,11,7,0,5,7,2,0,0,2,8,2,2,2,2,5,10,2
785,4,0,1,2,0,1,5,6,2,5,7,0,0,0,2,1,2,2,2,1,5,17,2
886,6,2,1,4,0,3,0,7,4,5,7,0,0,3,2,8,2,7,0,2,5,11,2
482,5,0,1,4,1,5,8,9,2,1,0,0,3,0,4,2,2,2,3,3,5,13,2
482,5,0,1,4,0,0,0,2,2,5,0,0,3,0,4,8,2,2,0,2,5,13,2
370,5,3,1,4,0,0,7,9,2,5,7,3,3,3,2,8,1,4,2,2,1,10,2
756,2,4,0,4,0,3,0,7,4,5,7,0,3,0,2,8,2,2,2,2,1,9,1
756,2,0,1,4,0,0,14,9,4,5,7,0,3,0,2,2,2,2,2,2,5,12,1
435,4,1,1,4,0,0,7,9,2,5,1,0,0,0,2,8,2,4,2,2,5,3,2
777,3,0,1,2,0,0,12,7,2,5,0,0,0,0,2,8,2,9,3,3,5,13,2
777,3,1,1,1,0,3,7,7,0,5,0,0,0,0,2,8,2,9,1,2,5,10,2
362,2,1,1,4,0,3,5,9,2,5,7,0,0,3,2,8,2,2,0,2,5,3,2
362,2,0,1,1,0,3,5,1,4,5,7,0,0,3,2,8,2,3,1,2,5,10,2
996,3,1,1,4,0,0,14,6,4,5,7,0,0,3,2,8,2,2,0,2,5,1,2
367,6,2,1,4,0,2,5,7,4,5,5,0,0,3,2,1,1,2,0,2,5,11,1
858,6,0,1,2,2,1,0,6,4,5,7,0,0,0,2,6,1,7,3,3,5,12,2
315,0,0,1,4,0,1,0,6,1,5,1,0,0,3,2,8,1,7,2,2,2,0,2
385,5,1,1,4,0,2,8,6,4,5,7,0,0,3,2,6,2,7,0,2,5,18,0
385,5,2,1,4,0,2,15,7,4,5,7,0,0,3,2,8,2,2,3,3,5,4,0
922,1,1,1,2,0,3,0,6,3,5,7,0,3,3,4,8,2,2,0,2,5,4,2
395,3,0,1,4,0,3,3,1,4,5,0,0,3,3,4,8,2,3,3,3,5,11,2
395,3,0,1,6,0,1,9,7,6,5,0,2,3,3,4,2,2,2,0,2,5,3,2
395,3,0,1,4,0,1,8,9,6,5,0,0,3,3,4,8,2,3,3,3,5,1,2
63,0,0,1,4,0,0,7,7,6,5,2,0,3,3,3,8,3,2,3,3,5,3,2
63,0,4,0,2,0,2,5,7,1,5,2,0,3,3,3,1,3,4,0,2,5,1,2
551,4,1,1,1,0,1,0,7,2,5,7,0,0,0,2,8,1,2,3,3,5,3,2
274,0,0,1,4,0,0,8,7,6,5,0,0,0,3,7,8,2,4,0,2,5,3,2
274,0,0,1,1,0,0,5,12,4,5,0,0,0,3,7,8,2,2,3,3,5,3,2
420,5,0,1,2,0,5,5,6,2,5,7,3,0,3,2,6,2,7,0,2,5,1,2
405,6,0,1,4,0,0,11,6,2,5,1,0,0,3,2,8,1,2,3,3,5,3,2
304,6,1,1,4,0,2,0,12,4,5,7,4,0,3,2,2,3,2,2,2,0,1,1
477,2,2,1,4,0,1,7,12,2,5,7,0,0,3,2,8,1,2,0,2,5,1,2
385,2,0,1,4,2,3,0,7,2,5,0,0,0,3,2,6,2,2,2,2,0,16,2
158,2,0,1,1,2,3,0,7,2,5,1,0,0,3,2,8,2,2,3,3,5,4,2
743,1,1,1,4,2,2,0,7,4,5,0,0,0,0,2,8,2,7,0,1,5,12,2
405,1,0,1,1,0,2,16,2,2,5,7,0,3,3,4,8,2,2,0,2,5,11,2
555,3,1,1,1,2,3,8,6,2,5,7,0,0,0,2,8,2,2,3,3,5,1,2
555,3,2,1,4,2,4,7,7,2,5,7,3,0,0,2,2,2,2,0,2,5,1,2
554,4,3,1,4,2,1,14,6,4,5,7,0,0,3,2,8,2,9,3,3,5,1,2
554,4,1,1,4,2,1,8,6,2,5,7,0,0,3,2,2,2,2,3,3,5,4,2
390,5,1,1,2,2,2,5,7,2,5,7,0,0,3,2,8,3,2,0,2,5,0,1
390,5,3,1,4,0,3,0,6,6,7,7,0,0,3,2,2,3,4,3,3,5,2,1
390,5,3,1,1,2,1,0,9,6,5,7,4,0,3,2,8,3,2,3,3,5,9,1
147,3,1,1,4,0,2,8,12,2,5,7,0,0,3,2,8,1,2,0,2,5,10,2
515,3,1,1,4,0,4,8,6,2,2,7,0,0,3,2,2,3,3,1,2,5,13,2
515,3,1,1,4,0,2,5,7,6,5,7,0,0,3,2,2,3,7,3,3,5,12,2
515,3,0,1,2,0,3,9,7,4,5,7,0,0,3,2,8,3,2,0,2,5,1,2
355,4,0,1,4,0,2,7,2,6,5,3,0,0,3,2,8,2,2,1,2,5,13,2
355,4,0,1,1,0,0,14,6,2,5,3,0,0,3,2,8,2,3,2,2,5,10,2
0,2,0,1,0,0,0,0,6,2,6,0,0,0,0,2,8,3,2,0,2,5,10,2
0,2,0,1,4,0,3,5,6,2,5,0,0,0,0,2,8,3,2,0,2,5,9,2
0,2,0,1,4,0,0,14,6,2,2,0,0,0,0,2,8,3,2,3,3,5,10,2
0,2,0,1,4,0,2,5,2,4,2,0,0,0,0,2,8,3,2,3,3,5,9,2
303,6,0,1,4,0,1,11,6,4,1,1,0,0,3,2,8,2,2,0,2,5,11,2
303,6,1,1,4,0,1,0,7,2,5,1,0,0,3,2,8,2,2,1,2,5,10,2
303,6,1,1,4,0,1,0,2,5,7,1,0,0,3,2,8,2,7,0,2,5,13,2
300,3,2,1,4,0,0,5,2,2,5,7,0,0,3,2,8,2,2,1,2,5,11,2
1028,3,0,1,0,2,0,5,6,4,5,7,0,0,3,0,8,2,2,0,1,5,9,2
1028,3,2,1,0,0,5,0,7,6,5,7,0,0,3,0,8,2,2,3,3,5,11,2
327,3,2,1,4,0,0,14,2,2,4,0,0,0,3,2,8,2,2,0,2,5,10,2
327,3,2,1,4,0,2,9,7,0,5,0,0,0,3,2,8,2,2,3,3,5,11,2
340,4,2,1,4,0,3,9,7,0,5,1,2,0,3,2,2,2,4,0,2,5,3,2
340,4,1,1,4,0,3,0,6,2,1,1,0,0,3,2,8,2,3,2,2,1,7,2
770,5,1,1,4,2,2,9,7,2,5,7,0,0,0,2,1,2,4,2,2,5,3,2
770,5,1,1,1,0,1,9,7,2,5,7,0,0,0,2,8,2,2,2,2,5,0,2
894,1,0,1,4,0,1,5,9,2,5,7,0,0,3,2,2,2,2,3,3,5,12,2
894,1,1,1,4,0,4,0,6,2,5,7,0,0,3,2,8,2,2,0,2,5,1,2
894,1,1,1,4,0,1,5,2,1,5,7,0,0,3,2,8,2,4,0,2,5,1,2
259,6,0,1,4,0,3,14,7,2,7,7,0,0,3,2,8,3,2,0,2,5,0,2
264,2,4,0,4,0,2,0,9,4,5,7,0,3,3,4,8,1,2,0,2,5,0,2
450,5,0,1,0,0,1,14,7,4,5,1,2,0,3,2,2,2,3,0,2,5,12,2
988,6,1,1,4,0,1,7,1,2,5,1,0,0,3,2,8,2,2,1,2,5,10,2
80,6,1,1,4,0,3,0,1,1,5,7,2,3,3,4,8,1,9,3,3,5,10,1
400,4,1,1,4,0,4,5,7,2,5,1,0,0,3,2,8,2,2,2,2,1,10,2
400,4,1,1,4,0,1,5,6,2,5,1,0,0,3,2,2,2,2,0,2,5,0,2
979,5,0,1,4,0,4,5,9,2,5,7,0,0,3,2,8,3,2,2,2,5,12,2
979,5,1,1,2,0,2,0,7,2,5,7,0,0,3,2,2,3,2,0,2,5,2,2
979,5,0,1,0,0,0,0,9,4,3,7,0,0,3,2,8,3,2,3,3,5,16,2
449,0,1,1,4,0,4,10,2,0,5,7,0,3,3,4,8,2,2,3,3,5,13,2
992,0,2,1,2,0,4,5,6,2,7,7,0,0,3,2,8,2,2,1,2,5,11,1
964,6,2,1,2,0,1,7,7,4,5,7,0,3,3,2,8,2,1,3,3,5,9,2
300,3,1,1,4,0,3,5,6,2,5,1,0,0,3,2,8,2,2,2,2,3,0,2
300,3,4,0,4,0,3,0,9,4,5,1,0,0,3,2,8,2,2,2,2,2,13,2
225,0,1,1,4,0,2,7,6,1,5,1,0,0,3,2,8,2,2,2,2,2,10,1
225,0,1,1,4,0,0,6,6,2,5,1,0,0,3,2,8,2,4,3,3,5,9,1
532,6,3,1,5,0,4,0,2,0,5,1,0,0,3,2,6,1,2,0,2,5,10,1
532,6,3,1,4,0,4,0,2,4,5,1,0,0,3,2,2,1,3,3,3,5,0,1
944,0,1,1,2,0,1,5,9,4,5,7,0,3,3,2,8,2,4,0,2,5,0,2
944,0,2,1,4,2,0,0,7,4,5,7,0,3,3,2,8,2,2,3,3,5,11,2
624,2,0,1,4,0,2,11,7,6,5,7,0,0,3,2,2,2,2,0,2,5,0,1
247,3,1,1,4,0,3,5,6,4,5,1,0,0,3,2,8,1,2,0,2,5,11,1
996,6,0,1,4,0,2,5,9,4,5,7,4,3,3,2,6,3,2,3,3,5,7,2
996,6,3,1,2,0,2,5,7,2,5,7,0,3,3,2,6,3,2,0,2,5,10,2
996,6,3,1,4,0,2,9,7,2,5,7,0,3,3,2,1,3,2,3,3,5,0,2
996,6,0,1,4,0,3,9,1,2,5,7,0,3,3,2,8,3,2,2,2,5,12,2
974,1,0,1,4,0,1,5,12,2,5,1,0,3,3,2,8,2,2,0,2,5,11,2
359,6,1,1,4,0,0,0,6,4,5,7,0,0,3,3,1,2,2,3,3,5,11,2
380,0,0,1,1,2,1,0,9,4,5,7,0,3,3,3,8,2,2,1,2,5,3,2
380,0,0,1,4,0,2,10,7,4,5,7,0,3,3,3,8,2,2,1,2,5,1,2
380,0,0,1,4,0,2,14,6,1,3,7,0,3,3,3,2,2,2,1,2,5,9,2
371,6,0,1,4,0,2,5,7,2,5,7,0,0,3,2,2,2,2,0,2,5,4,1
518,3,1,1,1,0,0,14,9,4,5,0,0,0,3,2,8,1,2,3,3,5,4,1
969,4,0,1,0,0,0,9,9,2,5,7,0,0,3,2,2,3,3,3,3,5,0,2
969,4,2,1,4,0,3,5,6,1,5,7,0,0,3,2,8,3,2,3,3,5,1,2
945,5,0,1,4,0,0,7,9,2,5,7,0,3,3,4,8,2,2,0,2,5,3,2
945,5,0,1,4,0,2,14,7,1,5,7,0,3,3,4,2,2,3,0,2,5,10,2
310,6,0,1,4,0,1,0,4,2,5,7,0,0,3,2,2,2,2,3,3,5,7,2
858,1,1,1,4,0,1,7,9,4,3,1,0,0,3,2,8,3,2,3,3,5,1,2
453,5,0,1,4,0,0,11,6,4,5,7,0,0,3,2,8,1,4,0,2,5,18,2
682,2,4,0,0,0,5,0,2,2,3,0,0,0,0,2,8,4,2,0,2,5,3,2
682,2,4,0,4,0,0,8,6,6,7,0,0,0,0,2,8,4,7,3,3,5,12,2
682,2,1,1,4,0,2,9,2,2,3,0,0,0,0,2,8,4,2,0,2,5,9,2
187,1,0,1,4,0,3,5,6,6,7,7,0,0,3,2,8,3,2,0,2,5,0,2
187,1,1,1,4,0,3,5,6,4,5,7,0,0,3,2,8,3,2,3,3,5,17,2
187,1,1,1,4,2,2,5,12,2,5,7,0,0,3,2,8,3,2,3,3,5,10,2
653,2,1,1,1,0,1,10,9,2,5,1,0,0,3,2,8,2,3,0,2,5,3,2
653,2,0,1,4,0,1,5,6,6,7,1,0,0,3,2,8,2,2,0,2,5,10,2
964,4,1,1,4,0,4,5,11,6,5,0,0,0,3,2,8,2,2,3,3,5,0,2
964,4,1,1,4,0,1,6,7,2,5,0,0,0,3,2,8,2,2,3,3,5,11,2
492,2,1,1,4,0,1,5,9,4,5,0,0,0,3,2,8,2,2,0,2,5,10,2
492,2,3,1,1,0,2,12,6,4,5,0,0,0,3,2,8,2,2,2,2,5,10,2
242,4,3,1,4,0,3,0,6,4,5,3,3,0,3,2,2,2,3,2,1,5,0,2
300,3,2,1,4,0,1,8,6,4,5,7,3,0,3,2,1,1,2,2,2,1,0,1
964,4,3,1,4,0,2,11,6,4,5,7,0,0,3,2,8,2,3,3,3,5,10,2
947,0,0,0,4,0,1,0,7,2,5,1,0,0,3,2,8,3,9,0,2,5,1,2
501,4,0,1,4,0,3,0,7,2,5,1,0,0,3,2,8,1,2,3,3,5,9,2
71,2,1,1,4,0,4,0,9,1,5,7,0,0,3,2,8,2,2,3,3,5,1,2
71,2,0,1,4,0,1,5,12,4,6,7,0,0,3,2,6,2,2,0,2,5,10,2
92,6,1,1,4,0,4,0,9,4,6,1,0,0,3,2,2,1,2,2,2,6,16,1
92,6,1,1,2,0,2,0,6,2,5,1,0,0,3,2,8,1,2,3,3,5,13,1
323,6,0,1,0,0,0,9,2,1,5,1,0,0,3,2,8,3,2,0,2,5,13,2
323,6,1,1,4,0,4,15,7,4,5,1,0,0,3,2,2,3,1,3,3,5,1,2
604,5,2,1,2,0,4,9,7,2,5,0,0,0,3,2,8,2,4,0,2,5,12,2
604,5,0,1,2,0,4,14,7,2,5,0,0,0,3,2,8,2,2,3,3,5,0,2
568,1,0,1,2,0,1,0,6,3,5,0,0,0,3,2,8,2,2,3,3,5,16,2
243,4,0,1,4,0,3,5,9,4,5,1,0,0,3,2,8,3,2,0,2,5,10,2
243,4,1,1,4,0,3,0,6,1,5,1,0,0,3,2,1,3,2,0,2,5,12,2
243,4,1,1,4,0,2,9,9,2,5,1,0,0,3,2,8,3,2,3,3,5,1,2
127,2,2,1,4,0,0,0,6,4,5,7,0,0,3,2,2,2,2,2,1,5,0,2
127,2,2,1,5,0,4,0,7,2,5,7,0,0,3,2,8,2,2,3,3,5,10,2
724,2,3,1,4,0,4,5,6,1,5,1,0,0,0,2,8,1,2,0,2,5,3,1
724,2,3,1,2,0,1,0,12,4,5,1,0,0,0,2,8,1,2,2,2,1,11,1
352,6,2,1,4,2,0,6,9,1,5,7,0,0,3,2,8,3,2,2,2,5,3,2
352,6,0,1,1,0,1,0,9,4,5,7,0,0,3,2,8,3,3,0,2,5,10,2
705,5,3,1,1,2,2,0,6,4,5,0,0,0,0,2,8,2,2,0,2,5,10,2
705,5,0,1,4,0,3,0,9,1,5,0,0,0,0,2,8,2,3,3,3,5,10,2
515,0,1,1,4,0,2,11,7,6,5,7,0,0,3,2,8,1,3,0,2,5,0,1
192,0,2,1,4,0,2,0,6,2,5,1,0,0,3,2,8,2,2,3,3,5,9,2
192,0,2,1,4,0,3,0,6,2,5,1,0,0,3,2,2,2,2,0,2,5,1,2
237,3,0,1,4,0,1,14,7,2,5,1,0,0,3,2,8,1,2,0,2,5,9,2
448,0,1,1,1,0,2,7,6,2,5,1,0,0,3,2,8,2,4,3,3,5,5,2
448,0,0,1,4,0,2,9,2,4,5,1,0,0,3,2,8,2,2,3,3,5,11,2
371,3,0,1,4,0,1,0,6,4,5,1,0,3,3,4,1,2,5,0,2,5,3,0
371,3,0,1,4,2,3,10,6,2,5,1,0,3,3,4,2,2,7,3,3,5,9,0
1031,2,1,1,1,1,2,5,7,4,5,7,0,0,3,2,8,1,4,3,3,5,12,2
572,2,3,1,1,0,3,14,7,4,5,1,0,3,0,3,8,2,3,3,3,5,3,2
845,0,0,1,4,0,2,7,6,1,3,7,0,0,3,2,2,2,2,3,3,5,10,2
845,0,1,1,1,0,0,7,9,2,5,7,0,0,3,2,2,2,3,0,2,5,0,2
445,0,0,1,4,0,3,0,9,4,5,7,0,3,3,4,8,2,1,3,3,5,10,2
308,5,2,1,2,2,1,3,2,2,5,7,0,0,3,2,8,3,2,0,2,5,0,2
308,5,2,1,4,0,0,3,9,2,5,7,0,0,3,2,8,3,2,3,3,5,3,2
308,5,1,1,4,0,0,5,6,1,5,7,0,0,3,2,8,3,3,0,2,5,0,2
467,6,0,1,0,2,1,5,9,2,5,3,0,0,3,2,6,2,2,3,3,5,10,2
467,6,1,1,4,0,3,4,7,1,5,3,0,0,3,2,8,2,2,0,2,5,1,2
89,6,3,1,1,2,1,0,4,2,5,1,0,0,3,2,2,1,2,3,3,5,10,2
492,3,1,1,4,0,2,15,2,2,5,7,0,0,3,2,1,1,2,3,3,5,4,1
237,4,1,1,4,0,4,7,9,4,3,7,0,0,3,2,8,1,2,0,2,5,10,2
477,6,4,0,4,0,2,0,6,4,5,1,0,0,3,2,8,1,2,3,3,5,11,2
367,2,3,1,1,0,0,0,5,2,7,7,0,0,3,2,8,2,3,0,2,5,9,2
63,5,4,0,0,0,0,4,6,6,7,1,0,0,3,2,8,1,2,0,1,5,0,2
323,5,2,1,4,0,3,5,2,2,3,1,0,3,3,4,2,2,2,1,1,5,1,2
323,5,0,1,4,0,0,5,6,6,7,1,0,3,3,4,6,2,2,3,3,5,5,2
323,5,0,1,4,0,2,14,6,4,5,1,0,3,3,4,8,2,2,0,2,5,12,2
323,5,0,1,4,0,1,7,12,2,5,1,0,3,3,4,1,2,2,3,3,5,12,2
553,4,4,0,4,0,1,8,6,6,7,7,0,0,3,7,8,1,2,3,3,5,1,1
682,0,0,1,4,0,1,6,11,6,5,3,0,3,2,4,1,1,2,3,3,5,1,1
511,0,0,1,4,0,3,0,7,2,5,0,0,0,3,2,1,2,2,0,2,5,0,2
511,0,3,1,4,0,0,8,9,4,5,0,0,0,3,2,8,2,2,0,2,5,0,2
477,4,0,1,0,2,0,6,6,4,5,7,0,0,3,2,8,2,4,1,2,5,7,2
477,4,0,1,0,0,5,14,6,4,5,7,0,0,3,2,8,2,2,3,3,5,16,2
952,4,2,1,4,0,0,5,9,4,5,7,0,0,3,2,8,1,7,3,3,5,0,2
649,5,0,1,4,0,2,15,6,4,5,0,0,3,0,2,8,2,2,3,3,5,5,2
649,5,0,1,4,0,3,0,6,4,5,0,0,3,0,2,2,2,7,0,2,5,3,2
890,0,0,1,4,2,2,0,6,2,5,0,0,0,3,2,8,2,7,3,3,5,10,2
555,1,3,1,4,0,1,4,7,2,5,1,0,0,3,2,8,1,2,0,2,5,17,1
566,3,3,1,4,0,4,8,7,2,5,7,0,0,0,2,8,2,7,3,3,5,0,2
566,3,0,1,4,0,1,5,9,1,5,7,0,0,0,2,8,2,4,2,2,1,10,2
318,5,0,1,4,0,1,7,12,4,6,7,0,0,3,2,8,1,2,0,2,5,9,1
300,4,1,1,1,0,2,0,9,4,6,1,0,0,3,2,8,2,2,1,2,5,12,2
300,4,2,1,4,0,3,3,6,2,5,1,0,0,3,2,8,2,2,3,3,5,12,2
984,1,0,1,4,0,1,3,7,4,5,7,0,3,3,2,8,2,2,3,3,5,10,2
984,1,1,1,4,0,2,0,7,1,5,7,0,3,3,2,8,2,2,0,2,5,16,2
427,2,2,1,0,0,1,15,7,2,5,7,0,0,3,2,8,2,2,2,1,5,5,1
229,0,1,1,4,0,3,4,9,4,5,1,0,0,3,2,8,2,2,2,2,5,9,1
229,0,0,1,4,0,4,3,6,1,5,1,0,0,3,2,8,2,9,3,3,5,9,1
445,4,0,1,4,0,1,16,9,2,5,7,0,0,3,2,8,2,2,0,2,5,1,2
445,4,1,1,4,0,4,3,6,4,5,7,0,0,3,2,8,2,3,0,2,5,12,2
445,4,1,1,2,0,2,3,7,2,5,7,0,0,3,2,1,2,3,1,2,5,2,2
122,5,0,1,0,0,0,10,6,1,5,7,0,3,3,2,8,2,2,1,2,5,5,2
122,5,0,1,4,0,4,0,12,4,5,7,0,3,3,2,8,2,4,1,2,5,1,2
947,5,3,1,2,0,4,8,6,4,5,7,0,0,3,2,8,2,2,3,3,5,10,2
288,6,3,1,4,0,3,0,9,4,5,7,0,0,3,2,8,2,2,3,3,5,7,1
288,6,3,1,4,0,3,0,7,2,5,7,0,0,3,2,1,2,2,2,2,5,16,1
506,4,1,1,4,0,2,3,4,4,5,7,0,0,3,2,8,2,2,0,2,5,3,1
506,4,1,1,4,0,0,10,6,2,5,7,0,0,3,2,8,2,4,3,3,5,5,1
908,1,2,1,5,0,4,10,1,2,5,1,0,3,3,4,8,3,2,0,2,5,9,1
908,1,0,1,4,0,4,4,9,2,5,1,0,3,3,4,8,3,5,3,3,5,17,1
908,1,1,1,2,0,1,4,9,4,5,1,0,3,3,4,2,3,2,1,2,5,5,1
308,6,0,1,4,2,0,8,2,4,3,0,0,0,3,2,8,1,2,0,2,5,1,1
71,0,1,1,4,0,2,0,9,4,5,0,0,0,3,2,8,2,2,3,3,5,0,2
425,5,1,1,1,2,2,0,7,4,5,7,0,3,3,2,8,2,2,3,3,5,10,2
425,5,0,1,4,0,3,3,7,3,5,7,0,3,3,2,8,2,2,0,2,5,12,2
520,4,0,1,4,0,2,3,2,3,5,1,0,0,1,2,8,2,2,3,3,5,9,2
520,4,1,1,2,0,2,0,7,3,5,1,0,0,1,2,8,2,2,0,2,5,9,2
860,0,2,1,4,0,2,14,2,3,5,1,0,3,0,2,2,2,9,2,2,1,7,2
773,3,0,1,4,0,1,13,7,4,5,7,0,0,0,2,8,1,3,3,3,5,12,2
959,2,3,1,4,0,0,5,12,6,5,1,0,0,3,2,8,2,2,2,2,1,1,1
882,4,0,1,1,0,2,4,7,2,5,1,0,3,0,2,8,1,2,3,3,5,3,1
54,4,2,1,4,0,2,5,6,4,5,7,0,0,3,2,8,2,2,0,2,5,0,2
54,4,2,1,4,0,3,6,9,4,5,7,0,0,3,2,2,2,2,2,2,1,1,2
54,4,2,1,4,0,1,0,7,1,3,7,0,0,3,2,8,2,2,2,1,5,5,2
480,2,0,1,4,2,3,0,9,2,5,0,3,0,0,2,8,2,10,2,2,5,3,1
480,2,1,1,4,0,1,0,9,4,5,0,0,0,0,2,8,2,2,3,3,5,10,1
480,2,1,1,1,1,2,14,9,2,5,0,0,0,0,2,2,2,2,0,2,5,12,1
778,2,0,1,4,0,2,11,7,1,5,1,0,0,0,2,8,1,2,3,3,5,0,2
407,1,1,1,1,0,3,14,3,4,5,7,0,0,3,2,2,2,2,0,2,5,9,2
463,6,1,1,4,0,2,2,9,1,5,1,0,0,0,2,8,2,9,3,3,5,5,2
463,6,1,1,1,0,0,0,9,4,5,1,0,0,0,2,1,2,1,3,3,5,1,2
534,0,2,1,4,0,3,0,6,2,5,7,0,0,0,2,8,2,3,2,2,5,1,2
633,5,1,1,2,2,1,10,7,6,5,7,0,0,0,2,8,1,2,0,2,5,4,2
440,6,1,1,4,0,0,13,6,0,5,3,0,3,0,4,8,2,9,3,3,5,9,2
440,6,0,1,4,0,0,0,9,2,5,3,0,3,0,4,8,2,2,3,3,5,12,2
931,4,1,1,0,2,1,10,6,0,1,7,0,0,3,2,2,2,2,0,2,5,10,2
59,1,2,1,1,2,1,5,7,0,5,7,0,0,3,2,8,2,2,0,1,5,0,2