Time,Day_of_week,Age_band_of_driver,Sex_of_driver,Educational_level,Vehicle_driver_relation,Driving_experience,Type_of_vehicle,Area_accident_occured,Lanes_or_Medians,Road_allignment,Types_of_Junction,Road_surface_type,Road_surface_conditions,Light_conditions,Weather_conditions,Type_of_collision,Number_of_vehicles_involved,Vehicle_movement,Casualty_class,Casualty_severity,Pedestrian_movement,Cause_of_accident,Accident_severity
59,1,0,1,4,0,2,5,6,2,5,7,0,0,3,2,8,2,2,0,2,5,12,2
916,4,2,1,4,0,2,5,6,1,5,7,0,0,3,2,8,2,8,3,3,5,10,2
916,4,2,1,2,0,3,5,7,4,5,7,0,0,3,2,8,2,2,0,2,5,4,2
461,1,0,1,1,0,0,11,9,2,1,7,0,3,0,2,8,2,1,0,2,5,3,2
437,5,0,1,0,0,0,8,7,2,5,7,0,0,3,2,8,3,2,0,2,5,3,2
437,5,0,1,4,0,3,14,9,2,5,7,0,0,3,2,8,3,9,1,2,5,0,2
974,6,2,1,4,0,0,7,7,4,5,7,0,0,3,2,5,2,3,0,2,5,3,2
155,2,0,1,4,0,1,0,9,2,5,0,0,0,3,2,2,2,3,2,2,1,5,2
477,2,1,1,4,0,1,5,7,4,5,1,0,0,0,2,8,1,2,1,2,5,3,2
127,4,1,1,0,0,5,5,7,6,5,1,0,3,3,4,2,2,2,0,2,5,3,2
926,0,1,1,4,0,0,5,6,4,5,7,0,3,3,4,2,2,2,3,3,5,12,2
926,0,1,1,4,0,2,8,7,4,5,7,0,3,3,4,8,2,2,0,2,5,12,2
45,5,2,1,4,0,3,8,6,4,5,7,0,0,3,2,2,2,2,1,1,5,12,2
45,5,2,1,4,0,3,0,6,1,5,7,0,0,3,2,2,2,2,3,3,5,12,2
653,5,0,1,4,2,2,7,6,4,5,7,0,3,0,2,8,2,4,2,2,5,10,2
1023,0,2,1,4,0,1,0,7,0,5,7,0,3,3,4,2,2,2,0,2,5,10,2
1023,0,2,1,4,0,4,6,6,3,5,7,0,3,3,4,8,2,2,1,2,5,0,2
1023,0,1,1,4,0,1,0,9,6,5,7,0,3,3,4,8,2,1,3,3,5,0,2
607,6,0,1,4,0,1,0,1,4,5,7,0,3,0,0,8,2,2,0,2,5,11,2
607,6,0,1,1,0,2,9,7,6,5,7,0,3,0,0,8,2,2,0,2,5,9,2
425,5,1,1,4,0,3,3,9,6,5,7,0,3,0,4,8,2,2,3,3,5,0,2
318,3,0,1,4,0,1,0,7,6,5,1,0,3,3,4,1,2,2,3,3,5,12,2
318,3,1,1,4,0,2,11,7,1,5,1,0,3,3,4,8,2,1,0,2,5,1,2
318,3,1,1,0,0,1,8,7,2,5,1,0,3,3,4,2,2,2,3,3,5,10,2
323,5,2,1,4,0,1,10,6,2,5,0,0,0,3,2,8,3,2,0,2,5,11,2
323,5,2,1,4,0,3,0,6,2,5,0,0,0,3,2,8,3,2,3,3,5,0,2
323,5,1,1,4,0,4,11,6,2,5,0,0,0,3,2,8,3,2,0,2,5,10,2
482,5,4,0,4,0,4,0,12,4,5,1,0,3,0,8,8,1,2,0,2,5,10,2
729,0,0,1,2,0,2,5,6,2,5,0,0,0,0,2,8,1,7,3,3,5,1,1
718,1,0,1,0,0,0,0,6,2,5,7,0,3,0,2,8,2,4,0,2,5,16,2
718,1,3,1,4,0,4,8,12,2,5,7,0,3,0,2,2,2,2,3,3,5,3,2
718,1,3,1,2,0,4,0,7,2,5,7,0,3,0,2,2,2,2,2,2,5,10,2
718,1,3,1,2,0,4,0,7,4,5,7,0,3,0,2,8,2,2,0,2,5,16,2
930,4,1,1,4,0,3,7,7,4,5,7,0,3,3,4,1,2,2,1,2,5,9,2
930,4,0,1,4,0,3,7,7,4,5,7,0,3,3,4,8,2,2,3,3,5,3,2
810,2,0,1,4,0,2,7,4,4,5,1,0,3,0,7,8,2,2,0,2,5,4,2
810,2,2,1,4,0,0,10,1,4,5,1,0,3,0,7,8,2,3,3,3,5,0,2
477,1,0,1,5,0,4,5,2,2,5,7,0,3,1,4,1,2,3,2,2,0,10,2
477,1,0,1,4,0,4,9,6,2,5,7,0,3,1,4,2,2,9,3,3,5,10,2
71,5,2,1,4,2,0,0,6,4,5,7,1,0,3,2,8,2,4,3,3,5,5,2
685,1,1,1,4,0,3,5,6,6,7,7,0,0,0,2,8,3,4,0,2,5,10,2
685,1,4,0,4,0,2,11,9,6,5,7,3,0,0,2,8,3,2,3,3,5,1,2
685,1,4,0,2,0,2,9,12,2,5,7,0,0,0,2,2,3,7,3,3,5,9,2
986,4,0,1,4,0,2,7,6,2,2,1,0,3,3,2,2,1,4,2,1,0,10,2
367,2,4,0,4,0,3,9,7,6,5,7,0,3,0,2,8,3,9,2,2,2,4,2
367,2,0,1,4,0,1,9,2,6,5,7,0,3,0,2,8,3,2,0,2,5,9,2
385,5,0,1,4,0,0,14,6,2,5,1,0,0,1,2,8,2,2,3,3,5,9,2
893,2,1,1,1,0,2,5,6,2,6,7,0,3,0,8,6,1,2,0,1,5,3,2
759,4,0,1,4,0,2,13,6,2,5,7,0,3,0,2,8,1,2,1,2,5,0,2
435,5,2,1,4,0,3,5,6,2,2,0,0,3,0,2,2,2,2,2,2,6,5,2
435,5,1,1,4,0,1,5,2,4,2,0,0,3,0,2,1,2,2,2,2,0,10,2
607,4,1,1,4,2,3,11,6,4,1,7,0,3,0,2,8,1,2,3,3,5,9,2
483,5,0,1,4,0,1,0,7,0,1,1,0,0,0,2,8,2,4,0,2,5,0,1
483,5,0,1,1,1,2,0,7,2,5,1,0,0,0,2,8,2,2,3,3,5,1,1
974,6,1,1,1,0,2,0,2,5,7,1,0,3,3,2,8,1,2,0,2,5,10,2
532,5,0,1,4,0,2,4,2,2,5,7,0,3,0,4,8,2,2,3,3,5,1,2
532,5,0,1,1,0,3,8,6,4,5,7,0,3,0,4,8,2,3,2,2,1,12,2
445,4,0,1,4,0,2,8,2,2,4,7,0,3,0,0,6,2,2,0,2,5,18,2
336,0,0,1,1,0,0,13,7,0,5,7,2,3,3,2,8,1,7,1,2,5,10,2
962,4,2,1,4,0,0,5,7,2,5,7,0,0,3,2,1,2,4,3,3,5,3,2
540,0,1,1,4,0,0,7,9,2,5,1,0,0,0,8,1,1,8,0,2,5,1,2
749,0,3,1,0,2,1,7,6,2,5,0,0,3,0,4,8,2,4,0,1,5,12,2
947,6,0,1,4,0,0,0,0,6,3,1,0,3,3,4,8,2,2,0,2,5,11,2
757,4,0,1,4,0,4,5,6,4,5,7,0,2,0,3,2,2,2,0,2,5,0,2
348,5,1,1,4,0,2,0,6,6,6,7,0,0,3,2,8,3,2,0,2,5,10,2
688,6,0,1,4,0,0,5,9,6,5,1,0,0,0,2,8,2,2,1,2,5,1,2
225,0,2,1,4,0,2,15,4,6,5,1,0,0,3,2,8,2,2,3,3,5,0,2
225,0,0,1,4,0,1,5,9,4,5,1,0,0,3,2,8,2,2,0,2,5,10,2
80,5,2,1,4,0,1,5,9,6,5,7,0,0,3,2,8,1,7,3,3,5,17,1
195,2,3,1,4,0,1,7,6,4,5,7,0,3,3,2,8,2,2,1,2,5,12,2
195,2,1,1,4,0,1,14,6,0,0,7,0,3,3,2,8,2,4,3,3,5,9,2
842,4,1,1,4,0,3,5,6,4,0,1,0,3,0,2,8,1,1,0,1,5,9,2
375,1,0,1,1,0,2,5,6,1,5,1,0,0,3,2,8,1,2,3,3,5,1,2
310,5,2,1,4,0,3,5,7,1,5,5,0,0,3,2,8,1,0,1,2,5,12,2
564,6,2,1,4,0,2,7,2,4,5,1,0,3,0,2,8,2,0,3,3,5,15,2
564,6,1,1,4,0,3,0,1,6,5,1,0,3,0,2,1,2,0,3,3,5,5,2
304,2,0,1,1,0,4,11,4,4,5,7,0,3,3,2,8,1,0,0,2,5,1,2
411,5,2,1,1,0,0,0,9,6,8,7,0,0,0,2,8,1,0,3,3,5,1,1
192,0,2,1,1,0,2,5,6,0,5,1,0,0,3,2,8,3,9,0,2,5,1,0
192,0,2,1,1,0,2,7,0,4,5,1,0,0,3,2,8,3,0,2,2,6,9,0
192,0,1,1,1,0,1,10,13,6,5,1,0,0,3,2,8,3,0,0,2,5,10,0
192,0,0,1,1,0,2,7,4,6,5,1,0,0,3,2,8,3,0,0,2,5,15,0
996,1,0,1,4,0,3,12,9,4,5,7,0,0,3,2,1,2,0,2,2,0,3,1
996,1,4,0,4,0,3,5,7,4,5,7,0,0,3,2,8,2,4,0,2,5,10,1
274,0,1,1,1,0,4,5,9,6,5,1,0,0,3,2,8,3,2,3,3,5,10,2
274,0,2,1,1,0,2,8,10,4,1,1,0,0,3,2,8,3,2,2,2,5,10,2
274,0,1,1,1,2,2,4,10,4,1,1,0,0,3,2,8,3,4,3,3,5,1,2
367,3,3,1,1,0,1,0,6,0,5,7,0,0,3,2,2,2,2,0,2,5,10,2
367,3,4,0,1,0,3,0,9,4,1,7,0,0,3,2,8,2,2,2,2,7,12,2
255,4,2,1,1,0,1,8,9,6,5,1,0,0,3,2,8,4,2,1,2,5,0,2
255,4,1,1,4,0,3,0,5,6,5,1,0,0,3,2,8,4,2,3,3,5,9,2
255,4,3,1,4,0,4,7,9,6,5,1,0,0,3,2,8,4,2,1,2,5,3,2
255,4,4,0,4,0,1,5,2,6,5,1,0,0,3,2,8,4,7,0,2,5,0,2
206,1,4,0,1,0,2,10,6,4,5,1,0,0,3,2,8,2,3,2,2,1,11,2
206,1,1,1,1,0,2,8,6,2,7,1,0,0,3,2,8,2,5,3,3,5,10,2
969,5,0,1,1,0,0,14,6,2,0,1,0,3,3,2,2,1,2,0,2,5,10,2
16,6,3,1,4,0,0,8,7,4,5,1,0,0,2,2,8,3,2,0,2,5,10,2
16,6,4,0,1,2,0,9,7,2,5,1,0,0,2,2,8,3,2,0,2,5,9,2
346,6,0,1,4,0,2,5,7,4,6,1,0,0,3,2,6,2,2,3,3,5,11,2
346,6,1,1,4,0,1,8,7,2,5,1,0,0,3,2,8,2,2,0,2,5,0,2
944,6,1,1,4,0,1,5,7,4,5,7,0,0,3,3,8,2,2,3,3,5,0,2
944,6,2,1,4,0,2,8,7,0,6,7,0,0,3,3,2,2,2,3,3,5,7,2
643,2,1,1,4,2,4,3,7,2,5,7,0,3,0,2,8,1,2,0,1,5,10,2
581,2,0,1,4,0,1,10,9,0,5,1,0,0,0,2,2,1,3,3,3,5,2,0
581,2,0,1,4,0,1,13,7,2,5,1,0,0,0,2,8,1,4,0,2,5,0,0
672,6,0,1,4,0,2,5,6,2,5,7,0,3,0,4,8,2,2,0,2,5,9,2
672,6,1,1,1,0,2,5,4,5,5,7,0,3,0,4,2,2,2,3,3,5,16,2
947,6,3,1,4,0,2,0,7,2,5,0,0,0,3,2,8,2,2,0,2,5,1,2
112,3,1,1,4,2,2,0,3,2,5,7,0,0,3,2,8,3,2,0,2,5,16,2
112,3,2,1,3,0,1,0,6,1,5,7,0,0,3,2,8,3,2,3,3,5,14,2
112,3,0,1,4,0,2,11,2,4,5,7,0,0,3,2,2,3,2,0,2,5,13,2
921,6,1,1,4,0,4,4,3,4,7,1,0,0,3,2,8,2,2,0,2,5,12,2
921,6,0,1,4,0,0,8,6,6,5,1,0,0,3,2,8,2,2,3,3,5,1,2
60,6,0,1,1,0,1,4,7,2,0,7,0,0,3,2,8,2,4,0,2,5,9,2
60,6,3,1,1,0,1,8,6,4,5,7,0,0,3,2,6,2,7,2,2,5,0,2
952,6,0,1,1,0,2,13,6,2,7,1,0,0,3,2,8,1,4,3,3,5,11,2
323,6,1,1,4,0,2,4,7,0,3,0,0,0,3,2,8,2,4,0,2,5,10,1
825,0,0,1,4,0,3,5,7,2,5,1,0,0,0,2,8,2,2,0,2,5,10,2
825,0,1,1,4,2,3,7,6,0,5,1,0,0,0,2,8,2,2,3,3,5,9,2
404,4,4,0,4,0,6,7,6,4,7,1,0,0,3,2,8,3,2,1,2,5,1,2
404,4,0,1,4,0,2,0,6,6,5,1,0,0,3,2,2,3,9,0,2,5,11,2
404,4,1,1,4,0,1,7,7,2,6,1,0,0,3,2,8,3,2,3,3,5,9,2
908,1,1,1,1,0,2,0,2,4,5,7,0,0,3,2,8,2,2,3,3,5,7,2
908,1,1,1,4,0,1,10,4,4,5,7,0,0,3,2,8,2,2,0,2,5,16,2
843,3,3,1,2,2,2,5,6,0,5,1,0,3,3,2,8,1,2,0,2,5,14,1
139,6,0,1,4,0,1,0,6,4,5,7,0,3,3,4,8,2,3,1,2,5,8,1
547,0,1,1,2,2,3,5,9,2,5,0,0,0,3,2,8,2,2,0,2,5,0,2
336,4,2,1,4,0,3,5,9,4,5,1,0,0,3,2,8,2,2,0,2,5,11,2
92,3,2,1,4,2,2,5,6,0,5,6,0,0,3,2,8,2,2,2,2,1,0,2
92,3,1,1,0,0,2,5,7,2,5,6,0,0,3,2,8,2,2,0,2,5,12,2
1028,0,0,1,4,0,2,7,7,2,5,0,0,0,3,2,8,2,2,0,2,5,1,2
1028,0,1,1,4,0,3,14,9,2,5,0,0,0,3,2,1,2,2,0,2,5,10,2
472,2,0,1,4,0,0,14,2,2,5,1,2,0,3,2,6,2,3,3,3,5,11,2
472,2,0,1,4,0,1,5,2,0,5,1,0,0,3,2,8,2,2,0,2,5,10,2
930,1,0,1,4,0,4,5,9,0,5,7,0,0,3,2,6,1,2,3,3,5,12,2
956,6,1,1,4,0,3,7,6,2,6,7,0,0,3,2,8,2,2,0,1,5,13,2
956,6,0,1,4,0,0,0,6,2,6,7,0,0,3,2,8,2,2,3,3,5,3,2
453,3,3,1,4,0,2,15,2,6,5,0,0,0,3,2,4,4,2,2,1,5,3,2
453,3,3,1,1,2,4,5,7,2,5,0,0,0,3,2,8,4,4,2,2,5,0,2
453,3,0,1,4,0,3,0,7,2,5,0,0,0,3,2,8,4,2,2,2,5,10,2
966,4,1,1,4,0,3,7,7,4,5,7,0,0,3,2,8,2,2,0,1,5,1,1
966,4,1,1,4,2,1,10,7,1,5,7,0,0,3,2,8,2,1,1,2,5,0,1
966,4,1,1,4,0,2,7,9,2,5,7,0,0,3,2,6,2,2,0,2,5,7,1
16,2,4,0,4,0,1,7,6,1,5,0,0,0,0,2,2,2,2,3,3,5,13,2
16,2,0,1,4,0,0,12,4,2,5,0,0,0,0,2,8,2,2,0,2,5,13,2
16,2,0,1,4,0,2,5,9,0,5,0,0,0,0,2,8,2,2,3,3,5,10,2
16,2,0,1,4,0,1,5,6,5,5,0,0,0,0,2,2,2,2,0,2,5,12,2
944,6,1,1,0,2,2,4,2,6,5,0,0,3,3,4,8,2,3,3,3,5,11,2
87,3,0,1,4,0,1,0,1,1,5,3,0,3,3,4,6,4,4,0,2,5,1,2
87,3,1,1,4,0,1,4,0,4,5,3,0,3,3,4,6,4,2,3,3,5,3,2
87,3,4,0,4,0,2,6,7,2,5,3,0,3,3,4,1,4,2,0,2,5,1,2
87,3,4,0,4,0,0,5,7,2,5,3,0,3,3,4,8,4,2,3,3,5,16,2
263,3,2,1,2,0,0,0,6,4,5,1,0,0,3,2,8,2,2,0,2,5,10,1
264,4,1,1,4,0,3,3,7,6,5,7,0,0,3,2,2,2,2,0,2,5,12,1
163,4,0,1,2,0,0,5,7,4,5,7,0,0,3,2,8,2,2,3,3,5,0,2
163,4,1,1,4,0,1,5,7,6,5,7,0,0,3,2,2,2,2,3,3,5,11,2
220,5,2,1,0,1,1,4,9,4,5,0,0,0,3,2,8,1,2,0,2,5,16,2
247,0,0,1,2,0,3,0,2,4,5,7,0,3,3,4,8,1,2,3,3,5,3,2
854,0,1,1,1,0,2,15,6,0,5,5,0,0,3,2,2,2,2,0,2,5,12,2
854,0,2,1,2,0,0,7,2,6,5,5,0,0,3,2,8,2,2,2,2,5,11,2
323,1,0,1,2,0,2,0,7,2,5,1,0,0,3,2,8,1,4,2,2,5,1,2
352,0,3,1,4,0,0,0,12,6,3,3,0,0,3,2,2,2,2,3,3,5,1,1
921,6,0,1,0,0,3,0,6,2,6,7,0,0,3,2,8,2,2,0,2,5,1,2
921,6,1,1,0,0,1,11,7,6,3,7,0,0,3,2,8,2,2,3,3,5,0,2
440,6,1,1,1,0,2,4,6,4,5,0,0,0,3,2,8,2,2,0,2,5,17,2
440,6,1,1,1,0,0,5,7,4,5,0,0,0,3,2,8,2,2,3,3,5,3,2
467,3,1,1,1,0,2,7,7,0,5,7,0,0,3,2,8,1,2,3,3,5,0,2
569,4,1,1,4,0,1,0,2,6,5,7,0,0,3,2,8,2,2,0,2,5,12,2
569,4,1,1,4,0,2,8,6,2,5,7,0,0,3,2,8,2,2,3,3,5,1,2
696,0,0,1,2,0,1,6,6,2,5,7,0,0,0,2,8,1,2,0,2,5,10,2
199,1,2,1,4,0,0,0,7,4,7,0,0,0,3,2,8,2,2,3,3,5,9,2
199,1,2,1,4,0,0,8,9,4,5,0,0,0,3,2,8,2,2,3,3,5,9,2
199,1,0,1,4,0,2,6,9,4,5,0,0,0,3,2,8,2,2,0,2,5,10,2
911,0,1,1,4,0,2,5,7,6,5,0,0,0,3,2,8,2,2,3,3,5,10,2
708,2,1,1,4,0,1,0,12,0,5,1,0,0,0,2,8,3,2,0,2,5,3,2
708,2,1,1,4,0,3,3,7,2,3,1,0,0,0,2,8,3,4,1,1,5,1,2
607,0,1,1,4,2,2,0,7,2,8,7,0,0,3,2,2,3,2,0,2,5,0,2
607,0,1,1,2,0,0,9,2,2,5,7,0,0,3,2,8,3,2,3,3,5,3,2
607,0,1,1,4,0,0,8,7,2,6,7,0,0,3,2,8,3,2,3,3,5,10,2
180,5,0,1,4,0,1,5,9,0,5,7,0,0,3,2,2,1,2,3,3,5,13,1
776,2,4,0,4,0,3,7,6,2,5,1,0,0,0,2,8,1,2,0,2,5,1,1
612,5,1,1,4,0,1,0,6,4,5,0,0,0,3,2,8,2,2,2,2,6,1,1
612,5,1,1,1,0,2,3,6,2,5,0,0,0,3,2,8,2,4,1,2,5,10,1
501,5,0,1,1,0,0,3,6,2,5,7,0,0,3,2,8,2,2,3,3,5,17,2
904,4,2,1,1,0,2,0,6,2,6,1,0,0,3,2,6,2,2,0,1,5,2,2
904,4,1,1,1,0,2,15,6,2,6,1,0,0,3,2,2,2,2,2,2,5,12,2
599,4,1,1,4,0,0,15,6,2,5,0,0,0,3,2,8,1,2,3,3,5,11,1
1005,5,0,1,4,0,2,3,7,2,5,7,0,0,3,2,2,6,2,0,2,5,12,1
1005,5,0,1,4,0,2,4,9,0,5,7,0,0,3,2,8,6,2,3,3,5,13,1
1005,5,1,1,4,0,1,4,2,4,5,7,0,0,3,2,8,6,2,3,3,5,13,1
1005,5,2,1,4,0,0,3,7,2,5,7,0,0,3,2,8,6,2,0,2,5,9,1
1005,5,1,1,4,0,2,16,1,2,5,7,0,0,3,2,8,6,3,0,2,5,10,1
215,6,0,1,4,0,2,3,4,4,6,7,0,0,3,2,2,2,2,0,2,5,12,2
215,6,0,1,4,2,2,10,7,2,5,7,0,0,3,2,8,2,2,3,3,5,3,2
884,6,1,1,2,0,1,8,2,4,5,1,0,0,3,2,8,2,2,3,3,5,1,1
538,0,0,1,4,0,3,14,7,1,5,0,0,0,3,2,8,2,4,0,2,5,3,1
357,3,0,1,1,0,2,0,7,4,5,0,0,0,3,2,8,2,2,0,2,5,12,2
357,3,2,1,1,0,1,0,6,4,5,0,0,0,3,2,8,2,2,3,3,5,1,2
463,2,0,1,4,0,1,3,2,2,5,1,0,0,3,2,8,3,2,0,2,5,11,2
463,2,2,1,4,0,0,10,6,2,5,1,0,0,3,2,8,3,4,3,3,5,12,2
463,2,1,1,4,0,1,10,6,4,7,1,0,0,3,2,8,3,2,1,2,5,0,2
944,4,1,1,4,0,1,4,7,4,5,2,0,0,3,2,8,1,1,0,2,5,18,2
89,5,1,1,4,0,3,4,9,2,5,7,0,0,3,2,6,1,2,1,2,5,4,2
444,6,2,1,2,0,4,8,6,2,6,1,0,0,3,2,2,2,2,0,2,5,3,2
444,6,0,1,4,0,1,0,9,6,5,1,0,0,3,2,8,2,2,1,2,5,4,2
444,6,0,1,2,0,3,0,9,2,5,1,0,0,3,2,8,2,2,3,3,5,3,2
599,3,2,1,4,0,3,0,7,0,5,7,0,0,3,2,2,1,2,0,2,5,11,2
76,6,0,1,2,0,2,3,3,1,5,7,0,0,3,2,8,2,2,0,1,5,3,2
76,6,3,1,4,0,3,3,7,4,5,7,0,0,3,2,8,2,3,3,3,5,1,2
858,6,0,1,4,0,0,0,7,4,5,1,0,0,3,2,8,1,2,3,3,5,9,1
720,6,1,1,4,0,1,14,1,1,6,0,0,3,0,4,6,2,4,0,2,5,3,2
720,6,0,1,1,1,2,7,7,4,5,0,0,3,0,4,1,2,2,0,2,5,3,2
375,5,1,1,4,0,2,13,7,4,5,7,0,0,3,2,8,1,2,0,2,5,3,1
375,5,1,1,2,2,2,5,6,2,5,7,0,0,3,2,8,1,2,3,3,5,3,1
292,3,0,1,4,0,4,4,9,2,5,7,0,0,3,2,1,2,3,0,2,5,1,1
269,2,0,1,4,0,3,6,7,4,5,7,0,0,3,2,8,2,2,3,3,5,16,1
331,0,1,1,2,2,2,0,2,4,5,1,0,0,3,2,8,1,2,0,2,5,1,2
458,2,0,1,4,0,1,0,12,6,5,1,0,0,3,2,2,2,2,0,2,5,13,2
103,4,2,1,4,0,1,14,7,4,5,1,0,0,3,2,8,2,2,3,3,5,1,2
612,4,4,0,4,2,1,11,9,6,3,0,0,3,3,2,8,1,2,0,2,5,16,1
902,1,1,1,4,0,1,14,7,4,5,1,0,0,3,3,2,2,2,0,2,5,4,2
568,3,1,1,4,0,2,0,9,4,5,1,0,3,3,2,8,2,2,3,3,5,16,2
568,3,0,1,4,0,1,2,1,2,5,1,0,3,3,2,8,2,4,1,2,5,12,2
395,3,1,1,1,0,0,0,6,6,5,1,0,0,3,2,2,1,2,3,3,5,9,2
880,0,0,1,4,2,0,0,5,2,5,3,0,0,3,2,8,2,2,0,2,5,12,2
880,0,2,1,4,0,1,10,5,4,5,3,0,0,3,2,8,2,2,0,2,5,11,2
992,4,1,1,4,0,0,13,5,4,5,1,0,0,3,2,8,2,2,0,2,5,1,2
992,4,1,1,1,0,3,0,5,6,3,1,0,0,3,2,8,2,2,3,3,5,1,2
791,4,0,1,4,0,1,10,12,6,3,7,0,0,0,2,8,1,3,0,2,5,1,1
546,2,0,1,4,0,1,5,5,4,5,1,0,0,3,2,8,1,2,0,2,5,0,2
216,5,0,1,4,0,1,5,5,2,0,7,0,3,3,4,8,1,2,1,2,5,9,2
497,2,1,1,1,0,1,9,5,2,7,7,0,3,3,4,8,2,2,1,2,5,2,2
497,2,2,1,4,0,1,5,6,4,7,7,0,3,3,4,8,2,2,1,2,5,9,2
497,2,2,1,1,0,2,5,5,4,7,7,0,3,3,4,8,2,2,3,3,5,10,2
549,2,0,1,1,0,1,9,5,4,7,0,0,0,3,2,8,3,2,0,2,5,13,2
549,2,0,1,4,0,3,11,5,4,5,0,0,0,3,2,8,3,1,3,3,5,12,2
549,2,0,1,4,0,3,0,6,4,5,0,0,0,3,2,8,3,2,3,3,5,1,2
549,2,4,0,2,0,3,8,1,4,5,0,0,0,3,2,8,3,2,0,2,5,13,2
247,1,1,1,4,0,2,14,6,4,5,1,0,3,3,4,8,1,9,0,2,5,10,2
899,6,0,1,4,2,1,7,7,2,6,1,0,0,3,2,8,3,3,3,3,5,3,2
899,6,3,0,4,0,1,0,9,6,5,1,0,0,3,2,2,3,3,0,2,5,9,2
384,5,3,1,4,0,2,14,9,4,5,7,0,0,3,2,8,2,2,3,3,5,10,2
394,4,0,1,1,2,2,5,6,2,5,1,0,0,3,2,8,1,2,1,2,5,11,2
511,1,0,1,4,0,1,5,7,2,5,0,0,3,3,4,8,1,2,0,1,5,11,2
441,0,3,1,4,0,2,8,7,1,5,7,0,0,3,2,8,2,2,0,2,5,9,2
441,0,3,1,4,0,1,8,6,0,5,7,0,0,3,2,6,2,2,3,3,5,11,2
643,5,0,1,4,0,3,0,6,1,6,7,0,0,3,2,2,1,2,1,2,5,10,1
406,4,0,1,1,0,2,7,6,4,5,1,0,0,3,2,8,1,4,2,2,6,11,2
497,4,1,1,1,0,3,6,6,4,5,7,0,0,3,2,8,2,2,3,3,5,3,2
695,3,3,1,1,0,1,0,7,0,5,1,0,0,0,2,8,2,2,1,2,5,12,2
695,3,1,1,1,0,1,9,7,2,5,1,0,0,0,2,8,2,2,3,3,5,1,2
124,6,2,1,4,0,2,5,6,2,5,7,0,0,3,2,1,2,2,0,2,5,10,2
124,6,1,1,4,0,2,11,6,2,5,7,0,0,3,2,8,2,1,2,1,6,0,2
482,3,1,1,1,0,1,0,9,2,5,1,0,3,3,4,8,2,4,0,2,5,0,2
482,3,1,1,4,0,2,0,12,2,5,1,0,3,3,4,8,2,2,3,3,5,12,2
482,3,1,1,4,0,2,0,7,4,5,1,0,3,3,4,8,2,2,3,3,5,18,2
285,3,2,1,4,0,0,11,7,2,5,7,0,3,3,4,8,2,7,2,2,0,10,2
485,0,0,1,0,2,2,5,6,0,6,7,0,0,3,2,8,1,4,2,2,0,0,2
66,4,0,1,4,0,1,0,6,2,5,7,0,0,3,2,2,2,2,3,3,5,12,2
862,4,0,1,4,0,3,10,6,1,5,1,0,3,3,2,8,2,2,3,3,5,13,1
367,1,1,1,4,0,1,4,7,2,5,7,0,0,3,2,8,2,2,2,1,1,10,2
382,6,1,1,1,0,5,9,7,2,5,7,0,0,3,2,8,2,3,0,2,5,0,2
320,5,1,1,4,2,3,15,7,2,5,1,0,0,3,2,2,1,9,3,3,5,10,2
308,4,2,1,4,0,3,0,4,4,5,0,1,0,3,2,8,2,4,3,3,5,10,2
206,6,4,0,0,0,0,5,6,4,5,7,3,0,3,2,8,2,2,1,2,5,3,2
258,5,2,1,4,0,0,0,6,4,5,7,0,0,3,2,2,2,7,0,2,5,3,2
258,5,1,1,4,0,0,0,9,2,5,7,0,0,3,2,2,2,4,3,3,5,11,2
258,5,1,1,5,0,2,0,4,4,5,7,0,0,3,2,8,2,9,0,2,5,7,2
258,5,1,1,4,0,3,15,6,4,5,7,0,0,3,2,8,2,2,0,2,5,10,2
331,5,1,1,4,0,1,0,9,4,5,1,0,0,3,2,8,3,2,3,3,5,10,2
331,5,2,1,4,0,4,8,6,2,5,1,0,0,3,2,6,3,2,3,3,5,11,2
612,2,0,1,4,0,2,0,6,2,5,1,0,0,0,2,2,6,2,3,3,5,12,2
612,2,0,1,4,0,4,9,2,2,5,1,0,0,0,2,1,6,2,0,2,5,3,2
612,2,0,1,1,0,2,10,9,2,5,1,0,0,0,2,8,6,2,0,1,5,1,2
612,2,0,1,4,0,1,4,12,6,5,1,0,0,0,2,8,6,4,3,3,5,0,2
612,2,0,1,4,0,2,14,3,6,3,1,2,0,0,2,8,6,2,3,3,5,9,2
944,1,0,1,1,0,2,12,7,4,5,7,0,0,3,2,8,3,2,0,2,5,3,2
999,5,2,1,2,0,4,0,4,4,5,7,0,0,3,2,8,2,3,3,3,5,11,1
999,5,2,1,1,0,3,7,2,2,5,7,2,0,3,2,2,2,4,0,2,5,0,1