Time,Day_of_week,Age_band_of_driver,Sex_of_driver,Educational_level,Vehicle_driver_relation,Driving_experience,Type_of_vehicle,Area_accident_occured,Lanes_or_Medians,Road_allignment,Types_of_Junction,Road_surface_type,Road_surface_conditions,Light_conditions,Weather_conditions,Type_of_collision,Number_of_vehicles_involved,Vehicle_movement,Casualty_class,Casualty_severity,Pedestrian_movement,Cause_of_accident,Accident_severity
201,3,3,1,2,2,0,15,6,2,5,1,0,0,3,2,6,2,2,3,3,5,1,2
201,3,3,1,4,0,1,0,7,2,5,1,0,0,3,2,8,2,7,0,2,5,3,2
201,3,1,1,2,2,1,0,6,0,5,1,0,0,3,2,8,2,4,0,2,5,7,2
230,5,4,0,2,0,3,9,6,0,5,0,0,0,3,2,8,4,4,0,2,5,5,2
230,5,2,1,1,0,0,0,6,0,5,0,0,0,3,2,1,4,8,0,2,5,3,2
230,5,2,1,2,0,0,5,7,4,5,0,0,0,3,2,8,4,4,3,3,5,9,2
112,6,1,1,1,2,2,9,6,2,5,7,0,0,3,2,8,1,2,0,2,5,12,1
86,5,0,1,4,2,0,0,6,2,5,3,1,0,3,2,8,3,2,0,2,5,10,2
86,5,2,1,4,0,1,5,6,4,5,3,0,0,3,2,8,3,2,0,2,5,3,2
95,4,2,1,4,2,2,9,7,4,5,1,0,0,3,2,8,1,2,3,3,5,10,1
95,4,2,1,4,2,3,4,7,4,5,1,0,0,3,2,8,1,2,0,2,5,0,1
782,0,1,1,2,0,2,0,1,4,5,1,0,0,0,2,8,1,2,3,3,5,11,0
1013,6,1,1,2,2,1,0,2,4,5,0,0,0,3,2,8,2,2,2,2,5,10,2
1013,6,1,1,4,0,2,0,1,6,5,0,0,0,3,2,8,2,7,0,2,5,10,2
407,1,0,1,1,0,1,1,12,6,5,1,0,0,3,2,8,3,2,3,3,5,0,2
407,1,1,1,1,0,2,9,2,0,5,1,0,0,3,2,8,3,4,0,2,5,10,2
259,0,1,1,1,0,3,0,7,4,5,7,0,0,3,2,8,1,2,2,2,1,10,2
435,6,0,1,1,0,4,4,4,1,5,0,0,0,3,2,2,1,2,0,2,5,0,2
425,0,0,1,4,0,1,5,2,6,3,7,0,0,3,2,8,3,2,3,3,5,1,2
425,0,0,1,1,2,0,8,6,6,5,7,0,0,3,2,8,3,9,0,2,5,9,2
425,0,0,1,4,2,2,4,6,4,5,7,0,0,3,2,8,3,0,3,3,5,1,2
283,2,0,1,4,0,1,14,6,0,5,1,0,0,3,2,8,2,0,3,3,5,10,2
283,2,1,1,4,0,1,7,7,2,5,1,0,0,3,2,1,2,0,0,2,5,16,2
450,4,0,1,2,0,1,7,6,4,5,1,0,0,3,2,8,2,0,3,3,5,13,2
450,4,1,1,4,0,3,4,7,0,5,1,3,0,3,2,8,2,4,0,2,5,13,2
720,1,0,0,4,0,0,0,9,6,5,7,0,3,0,4,8,2,9,3,3,5,11,2
720,1,0,1,4,0,1,5,7,2,5,7,0,3,0,4,8,2,0,0,2,5,12,2
720,1,0,1,4,0,2,7,7,1,5,7,0,3,0,4,8,2,0,0,2,5,0,2
720,1,0,1,4,0,0,5,7,1,5,7,0,3,0,4,8,2,0,3,3,5,0,2
947,5,0,1,1,0,0,0,7,4,5,7,0,0,3,2,8,2,0,3,3,5,16,2
947,5,3,1,4,0,1,8,7,2,5,7,0,0,3,2,1,2,0,0,2,5,10,2
308,4,0,1,4,0,3,5,9,6,3,0,0,0,3,2,8,1,4,2,1,5,12,2
148,4,0,1,4,0,4,10,6,2,5,7,0,0,3,2,8,2,2,3,3,5,1,1
148,4,1,1,4,0,3,3,6,2,5,7,0,0,3,2,8,2,2,0,2,5,0,1
498,6,0,1,1,2,2,0,7,2,5,0,0,0,3,2,8,2,4,0,2,5,10,2
498,6,0,1,1,0,3,0,7,1,5,0,0,0,3,2,2,2,2,1,2,5,3,2
498,6,0,1,4,0,0,7,6,2,5,0,0,0,3,2,8,2,2,1,2,5,11,2
158,5,2,1,2,2,2,3,7,2,5,1,3,0,3,2,8,2,2,3,3,5,9,2
158,5,0,1,1,0,1,9,7,2,5,1,0,0,3,2,8,2,2,3,3,5,10,2
318,4,0,1,2,2,0,7,6,4,5,1,0,0,3,2,8,2,5,0,2,5,0,2
318,4,1,1,4,0,0,7,6,4,5,1,2,0,3,2,2,2,2,3,3,5,0,2
244,2,2,1,4,0,0,9,7,4,5,2,0,0,3,2,8,2,2,3,3,5,9,2
624,0,2,1,4,0,3,7,6,2,5,0,0,0,0,2,6,2,2,0,2,5,3,2
375,3,1,1,4,0,0,7,2,6,5,1,0,0,3,2,8,2,7,3,3,5,5,2
685,3,1,1,2,0,1,7,4,4,5,1,2,0,0,2,2,2,2,0,2,5,11,2
685,3,0,1,4,0,1,7,7,4,5,1,0,0,0,2,8,2,2,3,3,5,12,2
994,6,0,1,4,0,0,8,7,2,5,7,0,0,3,2,8,2,4,0,2,5,3,2
994,6,0,1,1,0,2,0,6,4,7,7,0,0,3,2,8,2,0,3,3,5,9,2
283,0,1,1,4,0,2,7,7,1,5,7,0,0,3,2,2,1,9,0,2,5,3,1
67,0,1,1,4,0,0,5,1,4,3,0,0,0,3,2,2,2,2,2,2,5,12,2
67,0,1,1,1,1,2,10,7,2,3,0,2,0,3,2,8,2,2,3,3,5,1,2
481,1,0,1,4,0,1,0,2,2,5,0,0,0,3,2,8,2,2,0,2,5,0,2
481,1,0,1,1,0,2,8,9,4,5,0,0,0,3,2,2,2,2,0,2,5,12,2
531,5,1,1,4,0,3,9,7,2,5,3,0,0,3,2,8,2,2,0,2,5,9,2
120,2,2,1,1,2,1,7,6,4,5,1,0,0,3,2,8,3,2,3,3,5,10,2
120,2,1,1,1,0,2,5,6,6,5,1,0,0,3,2,8,3,2,1,2,5,0,2
120,2,1,1,4,2,0,8,7,1,0,1,0,0,3,2,2,3,1,2,2,6,0,2
120,2,0,1,1,0,3,7,9,4,5,1,0,0,3,2,8,3,1,3,3,5,10,2
220,4,0,1,4,0,2,5,1,1,5,1,0,0,3,2,3,2,1,0,2,5,0,2
220,4,1,1,4,0,1,12,2,4,5,1,0,0,3,2,8,2,3,0,2,5,3,2
172,5,0,1,1,0,3,0,7,1,5,5,0,3,3,4,2,2,2,2,2,2,0,2
172,5,2,1,4,0,1,0,7,4,5,5,2,3,3,4,8,2,2,2,2,6,10,2
163,0,0,1,1,0,3,14,7,2,5,7,0,0,3,2,8,2,12,1,2,5,1,2
163,0,1,1,4,0,3,7,9,6,5,7,0,0,3,2,8,2,2,0,2,5,10,2
400,3,1,1,4,0,1,5,12,6,5,7,0,0,3,2,8,2,4,3,3,5,4,2
400,3,1,1,4,0,3,5,2,2,5,7,0,0,3,2,8,2,2,3,3,5,10,2
487,1,4,0,4,0,3,3,7,6,5,1,4,0,3,2,3,2,2,0,2,5,16,2
487,1,1,1,4,0,4,14,7,2,5,1,3,0,3,2,3,2,2,0,2,5,5,2
193,4,1,1,4,2,3,9,6,4,5,2,3,0,3,2,0,2,2,3,3,5,11,2
193,4,0,1,2,1,3,0,6,2,5,2,0,0,3,2,0,2,5,0,2,5,9,2
233,6,0,1,4,0,2,9,7,4,5,1,0,0,3,2,0,2,2,3,3,5,1,2
506,1,0,1,4,0,2,0,7,4,5,0,0,0,0,2,0,2,2,3,3,5,1,2
506,1,1,1,4,0,2,5,7,2,5,0,0,0,0,2,0,2,9,0,2,5,5,2
91,4,1,1,4,2,4,5,7,4,5,1,0,0,3,2,0,1,2,0,2,5,12,2
91,4,1,1,4,0,2,8,7,0,5,1,0,0,3,2,0,1,2,3,3,5,12,2
91,4,1,1,1,0,1,7,7,2,6,1,2,0,3,2,0,1,1,2,2,5,0,2
91,4,1,1,4,2,1,0,3,2,5,1,0,0,3,2,0,1,3,2,2,0,1,2
344,5,2,1,1,0,1,0,7,2,5,1,0,0,3,2,0,1,1,1,2,5,1,1
300,6,2,1,4,2,1,4,7,1,5,1,0,0,3,2,0,1,5,0,2,5,0,2
599,3,1,1,4,0,3,1,7,2,6,7,0,0,0,2,5,2,2,3,3,5,0,2
599,3,3,1,4,0,1,0,6,2,5,7,0,0,0,2,6,2,2,0,2,5,7,2
509,6,1,1,4,0,0,5,9,2,5,0,0,3,0,2,0,2,2,0,2,5,16,1
509,6,1,1,4,0,1,4,7,2,5,0,0,3,0,2,6,2,7,1,2,5,0,1
344,3,2,1,4,0,0,4,9,2,5,5,0,0,3,2,0,1,1,3,3,5,5,2
344,3,2,1,4,0,2,0,7,4,5,5,0,0,3,2,0,1,2,0,2,5,3,2
741,6,2,1,1,2,1,0,6,2,5,0,2,0,0,2,4,2,2,0,2,5,10,2
741,6,1,1,1,0,4,10,6,2,6,0,0,0,0,2,3,2,7,3,3,5,12,2
911,1,0,1,4,0,3,7,1,2,5,7,0,0,3,2,6,2,8,3,3,5,0,1
312,3,1,1,2,0,0,0,7,2,5,1,0,0,3,2,0,2,5,0,2,5,10,0
312,3,1,1,4,2,2,0,7,6,5,1,2,0,3,2,0,2,2,2,2,5,9,0
340,1,0,1,4,0,0,10,7,2,5,1,0,0,3,2,4,2,7,0,1,5,12,2
340,1,0,1,4,0,3,10,7,0,5,1,0,0,3,2,3,2,2,0,2,5,12,2
1019,3,2,1,4,0,4,0,7,4,7,0,0,0,3,2,0,2,2,3,3,5,10,2
1019,3,2,1,1,0,1,7,6,2,5,0,0,0,3,2,0,2,7,0,2,5,10,2
440,4,0,1,4,0,2,8,6,2,5,7,0,0,3,2,1,3,2,3,3,5,16,2
440,4,0,1,1,0,2,5,6,1,5,7,0,0,3,2,8,3,12,0,2,5,5,2
440,4,1,1,4,2,0,0,9,0,5,7,0,0,3,2,8,3,2,3,3,5,1,2
640,3,0,1,4,0,2,0,1,2,5,1,0,0,0,2,1,2,2,0,2,5,0,2
669,4,1,1,4,0,0,7,7,2,5,7,0,0,0,2,8,2,1,2,2,1,9,2
568,1,0,1,4,0,2,0,9,6,3,7,0,0,0,2,8,2,2,0,2,5,1,2
568,1,0,1,4,0,1,0,12,6,5,7,0,0,0,2,8,2,2,3,3,5,12,2
357,1,0,1,4,0,5,0,6,2,5,0,0,0,3,2,6,2,2,0,2,5,2,2
357,1,2,1,4,0,3,0,7,6,5,0,0,0,3,2,8,2,7,3,3,5,5,2
318,1,1,1,4,0,3,5,7,2,5,0,0,0,3,2,8,1,9,3,3,5,1,2
747,4,3,1,4,0,2,7,6,2,7,1,2,0,2,2,8,1,2,0,2,5,3,1
747,4,3,1,2,0,1,8,6,2,5,1,0,0,2,2,1,1,2,3,3,5,10,1
747,4,3,1,2,2,1,14,7,4,5,1,0,0,2,2,8,1,2,0,2,5,0,1
747,4,3,1,4,0,4,7,6,2,5,1,0,0,2,2,2,1,2,0,1,5,10,1
599,1,2,1,4,2,3,8,4,2,5,7,0,0,1,2,8,3,1,3,3,5,10,2
599,1,1,1,4,0,3,14,6,4,5,7,0,0,1,2,6,3,2,3,3,5,7,2
599,1,1,1,1,0,1,5,7,4,5,7,0,0,1,2,8,3,2,0,2,5,16,2
457,0,0,1,4,0,1,0,7,2,5,0,0,0,3,2,8,2,2,0,2,5,3,2
405,0,0,1,4,0,4,0,6,6,5,1,0,0,3,2,8,1,2,1,2,5,17,2
580,2,4,0,1,0,4,16,9,6,5,0,0,0,0,2,2,2,2,3,3,5,5,2
580,2,0,1,4,0,2,14,7,6,5,0,0,0,0,2,8,2,2,0,2,5,0,2
580,2,0,1,4,2,2,0,2,4,5,0,0,0,0,2,2,2,2,3,3,5,10,2
492,6,1,1,2,2,2,0,7,1,5,1,0,3,0,4,2,2,7,0,2,5,10,2
492,6,0,1,4,0,2,0,7,2,5,1,2,3,0,4,8,2,2,1,2,5,12,2
342,0,0,1,4,0,1,8,2,4,5,7,0,0,3,2,8,3,9,3,3,5,9,2
342,0,0,1,4,0,1,5,6,0,5,7,0,0,3,2,8,3,2,2,2,7,7,2
166,5,0,1,4,0,4,0,2,2,5,3,0,0,3,2,2,1,2,1,2,5,0,1
983,1,3,1,1,0,1,5,7,4,7,0,0,0,3,2,8,2,2,1,2,5,0,2
983,1,2,1,4,0,1,5,7,4,5,0,0,0,3,2,8,2,7,3,3,5,12,2
430,2,1,1,4,0,1,5,2,4,5,1,0,3,3,2,8,1,2,3,3,5,1,2
34,3,0,1,4,0,2,5,4,2,6,1,0,0,0,2,8,1,9,0,2,5,1,2
34,3,0,1,4,0,2,0,6,4,5,1,0,0,0,2,8,1,2,0,2,5,3,2
315,6,1,1,4,2,2,0,7,4,5,0,0,0,3,2,2,1,2,0,2,5,1,2
485,2,3,1,4,0,1,10,2,1,5,7,3,3,0,4,8,2,2,2,1,0,5,2
485,2,0,1,4,0,4,0,6,4,5,7,0,3,0,4,1,2,2,0,2,5,3,2
834,0,1,1,4,0,0,10,7,6,3,1,0,3,2,2,2,1,1,3,3,5,10,1
150,2,0,1,4,0,4,10,7,6,5,0,0,0,3,2,2,1,3,0,2,5,12,2
698,0,1,1,4,0,3,0,7,2,5,1,0,0,0,2,8,1,2,3,3,5,12,2
868,0,1,1,4,0,4,4,7,1,5,0,0,3,0,4,6,2,9,2,2,6,12,1
868,0,1,1,4,0,1,0,2,2,6,0,0,3,0,4,8,2,2,0,2,5,0,1
439,4,3,1,1,0,2,7,6,2,6,1,0,3,0,2,8,1,2,0,2,5,3,1
806,0,0,1,4,2,4,8,7,2,5,7,0,3,0,4,8,1,2,3,3,5,5,2
806,0,0,1,4,0,4,4,6,2,6,7,0,3,0,4,8,1,2,2,1,1,1,2
806,0,0,1,6,0,4,6,7,2,5,7,0,3,0,4,8,1,2,0,2,5,12,2
806,0,0,1,4,0,0,8,2,4,5,7,0,3,0,4,8,1,9,3,3,5,1,2
340,2,0,1,1,2,2,4,6,2,5,7,0,0,3,2,8,1,9,3,3,5,4,2
974,0,3,1,4,0,1,4,7,2,5,0,0,3,3,4,2,1,2,0,2,5,9,2
16,3,0,1,4,2,4,0,7,2,5,7,0,0,0,2,8,2,1,0,2,5,12,2
16,3,1,1,6,0,2,0,12,2,5,7,0,0,0,2,8,2,1,0,2,5,10,2
16,3,1,1,6,0,2,7,2,0,6,7,0,0,0,2,8,2,2,3,3,5,3,2
7,3,0,1,4,0,2,7,12,4,5,1,4,3,0,5,8,2,5,0,2,5,0,2
7,3,0,1,4,0,1,0,9,0,5,1,0,3,0,5,1,2,7,0,2,5,12,2
315,2,4,0,4,0,3,15,6,2,5,7,0,0,3,0,8,2,2,3,3,5,12,2
315,2,1,1,4,0,2,7,6,4,5,7,0,0,3,0,8,2,1,0,2,5,10,2
315,2,1,1,4,0,3,15,2,2,5,7,0,0,3,0,8,2,1,3,3,5,4,2
375,2,3,1,4,0,1,4,9,4,5,7,0,3,0,4,8,2,7,2,2,6,3,2
375,2,3,1,4,0,4,0,6,6,5,7,0,3,0,4,8,2,9,0,2,5,3,2
574,0,3,1,4,0,4,7,9,1,5,7,0,0,0,2,8,2,3,0,2,5,1,2
574,0,1,1,4,2,2,0,7,2,5,7,4,0,0,2,2,2,2,1,2,5,3,2
555,1,2,1,4,0,1,0,7,2,5,0,0,3,2,2,8,2,2,1,2,5,0,2
555,1,1,1,1,0,4,0,9,2,5,0,0,3,2,2,8,2,2,3,3,5,3,2
555,1,1,1,4,0,1,0,4,4,5,0,0,3,2,2,8,2,2,1,2,5,3,2
527,5,0,1,4,0,2,5,7,4,3,0,0,3,0,2,8,2,7,3,3,5,5,2
527,5,0,1,2,0,3,7,6,4,5,0,0,3,0,2,8,2,2,2,1,5,3,2
453,2,2,1,2,0,3,8,7,2,7,1,0,3,0,4,8,2,2,0,2,5,10,2
453,2,0,1,4,0,2,8,7,4,5,1,0,3,0,4,8,2,2,3,3,5,3,2
668,3,1,1,1,0,0,0,7,2,5,7,0,0,0,2,8,2,2,0,2,5,4,2
291,1,2,1,4,0,2,0,6,4,5,7,4,0,3,2,8,2,2,3,3,5,10,2
291,1,2,1,4,0,0,10,7,2,5,7,0,0,3,2,8,2,2,3,3,5,3,2
445,3,1,1,2,2,3,10,7,2,5,0,0,3,0,2,2,2,2,1,2,5,12,2
688,2,0,1,6,2,2,5,6,4,5,0,1,3,0,4,8,2,3,0,2,5,12,2
907,5,0,1,2,0,4,3,2,6,5,7,0,3,3,2,2,2,2,1,2,5,9,2
907,5,1,1,4,0,0,8,6,0,5,7,0,3,3,2,8,2,2,1,2,5,10,2
72,6,1,1,4,0,3,8,6,6,5,1,0,3,3,3,8,1,2,1,2,5,0,2
207,6,1,1,4,2,3,5,6,2,5,1,0,3,3,4,8,2,2,0,2,5,0,2
207,6,1,1,4,0,3,5,6,1,5,1,2,3,3,4,8,2,2,0,2,5,11,2
207,6,1,1,4,0,5,0,9,4,5,1,0,3,3,4,2,2,9,0,2,5,9,2
112,4,0,1,4,0,0,7,9,6,5,7,0,0,3,2,8,2,2,3,3,5,0,2
547,6,0,1,4,2,4,7,6,0,5,0,0,3,2,4,8,2,2,0,2,5,12,2
547,6,0,1,4,2,0,0,9,2,3,0,0,3,2,4,8,2,2,3,3,5,1,2
1006,0,1,1,4,2,1,8,7,2,5,1,0,3,3,2,8,2,2,0,2,5,10,1
1006,0,0,1,5,2,2,0,7,2,5,1,0,3,3,2,1,2,2,0,1,5,10,1
255,6,2,1,4,2,1,0,12,0,5,1,0,0,3,2,8,2,3,0,2,5,11,2
247,0,1,1,1,2,3,7,12,0,5,7,0,3,3,2,2,2,3,3,3,5,0,2
247,0,1,1,6,2,2,9,12,4,5,7,0,3,3,2,8,2,3,0,2,5,10,2
692,5,2,1,4,2,2,5,7,4,5,0,0,3,0,2,1,2,2,0,2,5,10,2
882,4,0,1,4,2,4,5,6,2,5,7,0,3,0,8,8,2,11,3,3,5,1,2
882,4,1,1,4,2,1,5,7,2,5,7,0,3,0,8,8,2,9,3,3,5,16,2
908,4,0,1,1,0,1,0,12,4,5,7,0,3,0,4,1,2,1,0,2,5,3,2
908,4,1,1,4,0,1,5,7,0,5,7,0,3,0,4,1,2,2,1,2,5,9,2
967,6,1,1,4,0,2,9,7,2,5,7,0,3,3,4,2,2,2,0,2,5,16,2
352,5,2,1,4,0,2,0,6,2,5,7,0,3,3,2,8,1,9,3,3,5,3,1
692,0,0,1,4,0,3,14,7,2,5,7,0,3,0,4,8,2,7,3,3,5,3,1
692,0,0,1,1,0,2,0,7,2,5,7,0,3,0,4,8,2,3,0,2,5,9,1
692,0,0,1,4,0,2,5,5,4,5,7,0,3,0,4,8,2,4,2,1,0,3,1
692,0,0,1,4,0,3,7,7,6,5,7,0,3,0,4,8,2,2,3,3,5,4,1
1006,5,4,0,4,0,2,5,6,0,5,0,0,0,3,2,2,6,2,0,2,5,10,2
1006,5,4,0,4,0,2,0,7,4,5,0,0,0,3,2,8,6,2,3,3,5,1,2
1006,5,4,0,4,0,2,5,6,4,5,0,0,0,3,2,8,6,2,0,2,5,0,2
928,4,3,1,4,0,3,9,6,6,5,7,0,3,3,4,9,2,2,0,2,5,9,2
928,4,0,1,2,0,3,6,9,2,5,7,0,3,3,4,8,2,4,3,3,5,10,2
415,5,0,1,4,0,3,0,7,2,5,7,0,3,0,2,8,2,3,0,2,5,10,2
415,5,1,1,4,0,3,5,0,4,5,7,0,3,0,2,8,2,2,1,1,5,4,2
415,5,1,1,4,0,2,14,6,6,5,7,0,3,0,2,8,2,3,3,3,5,4,2
323,2,0,1,4,0,4,0,2,2,5,7,0,3,3,2,8,2,2,3,3,5,9,2
1020,2,0,1,4,0,4,0,9,0,5,0,0,3,3,4,8,3,2,2,2,1,16,2
1020,2,1,1,1,0,4,7,9,0,5,0,0,3,3,4,2,3,2,3,3,5,0,2
103,1,0,0,4,0,4,0,9,2,5,1,0,0,3,2,2,2,4,0,2,5,5,1
204,0,0,1,6,0,4,0,9,2,5,1,0,0,3,2,8,2,3,3,3,5,0,2
344,4,0,1,4,0,4,9,7,6,5,7,4,3,3,4,8,2,3,1,2,5,1,2
344,4,0,1,4,0,0,9,2,4,5,7,0,3,3,4,8,2,2,2,2,0,10,2
344,4,1,1,1,0,3,5,7,4,5,7,0,3,3,4,2,2,2,3,3,5,2,2
77,4,1,1,1,0,3,0,6,4,5,7,0,3,3,2,8,2,2,0,2,5,1,2
77,4,1,1,1,0,4,8,6,2,5,7,0,3,3,2,8,2,2,0,2,5,12,2
300,4,0,1,2,0,1,8,9,4,5,1,0,0,3,2,8,2,4,3,3,5,10,2
300,4,0,1,4,0,1,5,7,2,5,1,0,0,3,2,8,2,2,2,2,0,18,2
501,4,0,1,0,0,3,0,4,4,5,7,0,3,0,4,8,1,2,3,3,5,10,2
803,1,0,1,4,0,1,14,6,2,5,1,0,3,0,5,8,2,2,0,2,5,1,2
803,1,0,1,4,0,1,6,1,2,5,1,0,3,0,5,1,2,7,3,3,5,10,2
450,3,1,2,4,0,2,7,9,4,5,0,0,0,0,2,2,2,2,2,2,5,3,2
450,3,0,1,4,0,4,0,2,4,3,0,0,0,0,2,1,2,2,0,2,5,1,2
529,0,1,1,4,0,4,11,7,4,5,0,0,3,0,4,8,1,7,3,3,5,11,2
48,4,1,1,4,0,0,0,7,3,5,7,0,0,3,2,2,2,4,0,2,5,11,1
1021,0,3,1,2,0,0,0,7,3,5,0,0,0,3,2,8,2,2,2,2,3,0,2
1021,0,0,1,4,0,2,7,2,3,5,0,0,0,3,2,8,2,2,3,3,5,0,2
367,1,0,1,4,0,4,5,2,2,5,7,0,3,0,2,8,2,2,0,2,5,10,2
367,1,0,1,2,0,3,8,7,4,5,7,0,3,0,2,8,2,2,2,2,1,12,2
555,4,0,1,1,2,2,10,7,4,5,7,0,0,0,2,8,1,2,2,2,1,10,2
398,6,0,1,1,0,4,0,12,6,5,7,0,0,0,2,8,1,2,0,2,5,10,2
187,6,1,1,4,0,2,8,9,4,5,1,0,0,3,2,8,1,2,3,3,5,1,2
548,0,1,1,1,2,2,0,7,2,5,7,0,3,0,4,8,2,2,3,3,5,0,2
548,0,0,1,4,0,1,5,6,4,5,7,0,3,0,4,8,2,2,0,2,5,10,2
440,2,0,1,4,0,3,0,9,4,5,0,0,3,0,4,2,2,2,0,2,5,17,2
440,2,2,1,4,0,2,5,7,1,3,0,0,3,0,4,2,2,2,3,3,5,12,2
440,2,2,1,2,0,0,5,9,2,5,0,0,3,0,4,1,2,2,2,2,2,9,2
501,5,0,1,1,0,2,5,9,4,5,0,0,0,0,2,8,2,2,0,2,5,5,2
501,5,0,1,1,0,1,10,9,2,5,0,0,0,0,2,8,2,2,2,2,0,9,2
338,4,1,1,4,0,4,0,7,6,5,7,0,3,3,2,8,1,2,3,3,5,1,2
298,3,3,1,4,0,4,7,7,4,5,1,0,0,3,2,8,1,3,0,2,5,15,2
430,0,1,1,4,0,2,7,7,1,5,7,0,3,2,2,8,2,2,3,3,5,5,1
430,0,1,1,4,2,2,7,3,4,5,7,2,3,2,2,8,2,2,0,2,5,3,1
430,0,1,1,1,0,0,0,9,4,5,7,0,3,2,2,8,2,2,3,3,5,10,1
427,3,3,1,1,0,3,5,9,4,5,0,0,3,0,2,8,2,9,3,3,5,15,1
352,1,0,1,4,2,0,9,7,2,5,7,0,0,3,2,1,3,2,0,2,5,5,2
352,1,0,1,4,0,3,9,7,6,5,7,0,0,3,2,8,3,2,3,3,5,1,2
984,4,0,1,1,2,1,5,6,0,5,0,0,3,3,3,8,2,2,3,3,5,1,2
984,4,0,1,4,0,2,7,9,2,5,0,0,3,3,3,8,2,2,0,2,5,1,2
979,2,0,1,4,0,4,5,6,0,1,7,0,0,3,2,8,1,2,0,2,5,9,2
365,6,0,1,2,0,3,11,7,0,5,5,2,3,0,2,8,1,2,0,2,5,15,2
426,4,0,1,4,0,2,5,6,2,5,1,0,3,0,2,8,4,2,0,2,5,10,2
426,4,1,1,1,0,0,0,7,4,5,1,0,3,0,2,8,4,7,1,2,5,10,2
331,1,0,1,0,2,0,8,9,2,1,7,0,0,3,2,8,4,2,1,2,5,1,2
331,1,0,1,4,2,2,0,2,2,5,7,0,0,3,2,8,4,2,1,2,5,10,2
391,4,0,1,1,0,2,7,9,2,5,7,3,3,0,0,8,3,4,1,2,5,0,2
391,4,2,1,2,2,4,0,7,4,5,7,0,3,0,0,8,3,2,1,2,5,9,2
391,4,1,1,4,0,3,14,9,4,5,7,0,3,0,0,8,3,2,0,2,5,3,2
450,3,0,1,4,0,2,7,9,2,5,3,0,3,0,4,8,2,4,0,2,5,0,2
127,2,4,0,4,0,3,12,7,2,5,7,0,2,3,6,8,3,9,2,1,5,10,2
127,2,1,1,4,2,3,7,7,0,5,7,0,2,3,6,2,3,9,0,1,5,17,2
127,2,1,1,4,0,2,5,9,2,5,7,0,2,3,6,2,3,2,0,2,5,10,2
139,2,2,1,4,0,0,5,1,4,5,0,0,2,3,6,8,3,3,3,3,5,6,2
139,2,0,1,4,0,0,14,6,4,5,0,0,2,3,6,8,3,2,0,2,5,11,2
139,2,0,1,2,0,1,5,7,4,5,0,0,2,3,6,8,3,2,0,2,5,0,2
921,0,1,1,2,2,3,0,6,4,5,1,0,3,3,6,2,2,7,3,3,5,0,2
921,0,1,1,1,0,1,0,6,1,5,1,0,3,3,6,8,2,7,2,2,5,7,2
568,3,0,1,4,0,3,8,6,4,5,1,0,0,2,6,2,2,7,3,3,5,10,2
568,3,1,1,2,0,1,15,7,4,5,1,0,0,2,6,2,2,2,0,2,5,1,2
624,3,2,1,4,0,0,0,6,3,5,1,0,3,0,2,8,2,2,0,2,5,9,2
624,3,2,1,4,0,0,3,1,4,5,1,0,3,0,2,8,2,3,0,2,5,0,2
624,3,2,1,4,0,3,9,7,6,5,1,2,3,0,2,8,2,2,0,2,5,1,2
624,3,1,1,4,0,0,8,9,6,5,1,0,3,0,2,8,2,3,3,3,5,10,2
244,6,0,1,4,0,1,7,7,6,5,0,0,2,3,2,8,4,2,3,3,5,1,2
244,6,4,0,2,0,0,5,7,1,5,0,0,2,3,2,8,4,4,0,2,5,10,2
244,6,4,0,4,0,0,0,7,2,5,0,0,2,3,2,2,4,2,3,3,5,1,2
233,3,3,1,1,0,3,8,7,6,5,1,0,3,3,6,8,2,4,3,3,5,3,2
233,3,0,1,4,0,3,5,12,4,5,1,0,3,3,6,2,2,2,0,2,5,3,2
915,0,0,1,1,0,3,5,6,2,5,7,3,0,0,2,8,2,7,2,2,6,1,2
327,4,1,1,4,0,0,11,6,2,5,1,0,0,3,2,8,1,2,3,3,5,1,2
599,0,1,1,2,2,1,0,12,4,5,7,4,3,0,0,2,2,2,2,2,2,10,2
599,0,1,1,4,0,1,0,6,2,5,7,0,3,0,0,8,2,2,0,2,5,17,2
451,4,2,1,4,0,2,0,6,2,5,7,0,2,0,3,8,2,2,3,3,5,3,2
451,4,2,1,4,0,2,7,12,2,5,7,0,2,0,3,8,2,2,3,3,5,1,2
264,0,0,1,2,0,3,0,7,2,5,7,0,0,3,2,8,1,2,3,3,5,0,2
150,3,1,1,1,0,2,14,7,4,5,7,0,0,3,2,8,2,2,0,2,5,3,2
150,3,0,1,4,0,3,0,7,2,5,7,0,0,3,2,8,2,2,2,2,7,10,2
911,5,0,1,6,0,1,0,9,4,5,7,0,3,0,2,2,1,2,3,3,5,9,2