Time,Day_of_week,Age_band_of_driver,Sex_of_driver,Educational_level,Vehicle_driver_relation,Driving_experience,Type_of_vehicle,Area_accident_occured,Lanes_or_Medians,Road_allignment,Types_of_Junction,Road_surface_type,Road_surface_conditions,Light_conditions,Weather_conditions,Type_of_collision,Number_of_vehicles_involved,Vehicle_movement,Casualty_class,Casualty_severity,Pedestrian_movement,Cause_of_accident,Accident_severity
180,3,2,1,4,0,2,15,9,1,5,7,0,0,3,2,8,2,2,2,2,5,10,2
231,5,0,1,4,0,1,0,9,4,6,7,0,3,3,3,8,1,2,3,3,5,1,2
162,5,1,1,4,0,1,3,2,1,5,7,0,3,3,4,8,2,3,0,2,5,10,1
162,5,0,1,1,1,2,9,7,4,5,7,0,3,0,2,8,2,2,0,2,5,10,2
162,5,1,1,1,0,2,8,7,1,5,1,0,3,0,2,8,2,3,3,3,5,17,2
953,6,0,1,4,0,2,7,7,2,5,1,0,3,0,0,8,2,2,3,3,5,12,2
953,6,0,1,1,0,3,5,6,4,5,1,0,3,0,0,8,2,4,0,2,5,11,2
143,0,2,1,4,0,2,8,9,4,5,1,0,0,0,2,8,2,4,3,3,5,13,2
143,0,2,1,1,0,0,5,6,1,5,1,0,3,0,8,8,1,2,0,2,5,13,2
143,0,1,1,4,0,3,5,9,2,5,1,0,3,3,4,2,2,7,1,2,5,9,2
183,4,1,1,4,0,2,11,7,2,5,3,0,0,0,2,1,2,2,1,2,5,9,2
97,3,3,1,4,0,4,11,6,1,5,1,0,0,0,2,8,2,2,1,2,5,12,2
97,3,0,1,4,0,2,0,12,4,5,1,0,3,0,3,2,1,2,3,3,5,3,2
97,3,1,1,4,0,2,0,6,4,5,7,0,3,0,4,8,1,2,3,3,5,13,2
63,1,2,1,1,0,0,7,9,4,5,7,0,3,0,4,8,2,2,3,3,5,1,1
705,4,1,1,0,0,0,0,6,2,5,1,0,3,3,0,8,1,2,2,2,0,3,2
432,0,2,1,4,0,3,14,9,4,5,1,0,3,0,4,6,2,2,0,2,5,10,2
432,0,1,1,4,0,0,0,7,2,5,7,0,3,0,4,2,2,2,3,3,5,12,2
147,5,2,1,4,0,2,0,4,4,5,7,0,3,0,2,8,1,2,3,3,5,1,2
147,5,1,1,4,0,1,0,6,2,5,7,0,3,0,2,2,1,7,0,2,5,11,2
930,5,1,1,4,0,1,8,9,4,5,1,0,3,0,2,8,1,4,3,3,5,18,1
405,5,0,1,4,0,3,16,2,4,3,1,0,0,0,2,8,2,2,0,2,5,4,2
450,6,4,1,4,0,0,8,9,4,5,1,0,0,0,2,8,2,2,0,2,5,3,2
1030,4,2,0,0,0,5,14,7,4,5,1,0,3,3,2,8,1,9,3,3,5,3,2
463,0,1,1,4,0,0,8,7,3,5,1,0,0,0,2,2,2,2,0,2,5,11,2
463,0,4,1,4,0,2,5,2,3,5,1,0,0,0,2,8,2,2,0,2,5,3,2
520,5,0,1,4,0,3,5,7,3,5,1,0,3,0,4,8,3,7,3,3,5,1,2
520,5,1,1,4,0,3,0,2,3,5,1,0,3,0,4,8,3,4,3,3,5,9,2
520,5,1,1,4,2,2,0,2,2,5,0,0,3,0,4,8,3,2,0,2,5,3,2
520,5,1,1,1,0,1,8,7,4,5,0,0,3,3,2,8,2,2,0,2,5,1,1
197,0,1,1,4,0,1,8,7,4,5,1,0,3,3,2,8,2,3,3,3,5,3,1
197,0,0,1,4,0,4,5,12,6,5,1,0,0,0,2,8,2,7,0,2,5,3,2
952,6,2,1,4,0,1,9,9,4,5,5,0,0,0,2,8,2,2,2,2,0,3,2
238,5,3,1,4,0,1,7,7,2,5,5,0,0,0,2,8,2,2,0,2,5,1,2
357,1,1,1,1,0,2,14,6,4,5,7,0,0,0,2,8,1,3,3,3,5,1,2
357,1,1,1,4,0,3,0,9,4,5,0,0,3,3,4,8,2,2,0,1,5,3,2
979,4,2,1,4,0,1,5,9,2,5,3,3,3,3,4,2,2,2,0,2,5,1,2
979,4,2,1,4,0,2,14,9,4,5,3,0,3,3,4,8,2,2,1,2,5,10,2
761,4,1,1,0,0,1,5,9,2,5,3,0,3,0,4,8,1,2,3,3,5,13,1
126,6,2,1,4,0,1,0,7,1,5,7,0,3,2,4,8,1,2,0,2,5,16,1
477,4,2,1,4,0,3,0,3,4,5,7,0,3,0,4,8,1,7,0,2,5,13,2
273,2,1,1,4,0,1,5,9,1,5,7,0,0,0,2,6,2,2,0,2,5,16,2
273,2,0,1,4,0,4,5,9,4,5,7,0,3,0,4,1,1,2,3,3,5,12,1
765,2,4,1,2,0,2,0,7,2,5,7,1,3,0,4,8,1,2,0,2,5,9,1
420,6,2,1,0,0,0,14,6,2,5,1,0,0,3,2,8,2,2,1,2,5,13,2
111,2,0,1,4,0,4,9,7,6,5,1,0,0,3,2,8,2,2,2,2,4,12,2
111,2,2,1,2,0,4,0,9,2,5,7,0,0,3,2,1,2,3,1,2,5,1,2
111,2,2,1,2,0,4,9,6,0,1,7,0,0,3,2,8,2,4,3,3,5,1,2
54,3,1,1,2,0,1,5,7,0,5,7,0,0,3,2,8,2,2,3,3,5,4,2
54,3,1,1,4,0,3,0,6,2,5,1,0,0,3,2,2,2,2,0,2,5,0,2
1024,4,2,1,4,2,0,0,7,2,5,7,0,0,3,2,8,3,2,0,2,5,1,1
130,1,4,1,4,0,2,14,9,2,5,7,0,0,3,2,2,3,3,3,3,5,13,1
130,1,0,1,1,0,1,0,7,4,5,7,0,0,3,2,2,3,3,0,2,5,10,1
130,1,0,1,1,2,2,7,9,4,5,0,0,3,3,8,8,3,2,2,2,1,3,2
66,6,3,1,4,0,3,7,9,2,5,0,0,3,3,8,8,3,2,0,2,5,10,2
66,6,3,1,4,0,2,0,7,2,5,1,0,3,3,8,8,3,9,3,3,5,9,2
66,6,1,1,2,0,2,5,7,2,5,1,0,0,3,2,8,2,2,2,2,5,10,2
492,4,0,1,4,0,2,5,7,4,5,1,0,0,3,2,8,2,2,3,3,5,9,2
492,4,1,1,4,0,3,5,7,0,5,1,0,3,3,2,8,3,2,0,2,5,11,2
492,0,0,1,4,0,1,0,1,4,5,7,0,3,3,2,8,3,2,0,2,5,10,2
134,0,1,1,4,0,0,10,7,6,5,1,0,3,3,2,8,3,2,3,3,5,13,2
907,6,2,1,1,0,2,5,7,4,5,1,0,0,2,0,8,2,2,0,2,5,11,2
6,1,0,0,4,0,3,9,6,1,5,1,0,3,0,2,8,2,4,3,3,5,11,2
6,1,1,1,4,0,1,7,6,4,5,1,0,3,0,2,8,2,1,0,2,5,10,2
561,2,0,1,4,2,3,5,7,4,5,1,0,3,3,2,8,2,2,2,2,0,11,2
561,2,1,1,4,0,1,0,7,0,5,1,0,3,3,2,8,2,2,3,3,5,3,2
520,6,1,1,1,1,2,7,6,3,5,1,0,0,3,2,8,3,2,0,2,5,7,1
520,6,3,1,1,0,2,6,9,6,5,1,0,0,3,2,8,3,4,0,2,5,3,1
139,4,0,1,4,0,2,0,7,6,5,1,0,3,0,2,8,1,3,0,2,5,12,1
717,0,0,1,1,0,3,5,9,6,5,1,0,0,0,2,1,1,4,3,3,5,1,2
903,0,1,1,4,0,2,11,7,6,5,7,0,0,3,2,2,2,2,0,2,5,10,2
903,0,1,1,1,0,0,5,7,1,5,7,0,0,0,2,8,2,2,3,3,5,10,1
741,2,0,1,4,0,3,5,7,6,5,7,0,3,0,3,8,2,2,3,3,5,1,2
308,6,2,1,2,2,1,5,12,4,5,1,0,3,0,3,8,2,2,2,1,5,12,2
308,6,1,1,4,0,0,5,6,2,5,1,0,3,0,3,8,2,2,0,2,5,0,2
405,6,4,1,4,0,0,9,6,2,5,1,0,3,0,3,6,2,2,0,2,5,12,2
405,6,1,1,0,2,1,9,6,2,5,1,0,0,3,2,2,2,2,2,1,0,9,1
219,2,1,1,1,2,1,5,12,4,5,0,0,3,3,4,8,1,2,0,1,5,10,2
219,2,0,1,4,0,0,0,6,2,5,7,0,3,3,2,2,1,2,3,3,5,10,1
173,0,0,1,4,0,4,0,12,2,5,7,0,3,1,2,8,2,2,3,3,5,0,2
323,0,1,1,4,0,3,14,7,4,5,1,0,3,3,3,8,2,2,3,3,5,16,2
323,0,1,1,1,2,3,5,9,4,5,7,0,3,0,8,1,2,2,3,3,5,0,2
799,2,3,1,4,0,0,14,7,4,5,7,0,3,0,8,8,2,2,0,2,5,11,2
806,0,0,1,4,0,2,5,7,4,5,7,0,0,3,2,2,1,9,3,3,5,0,0
806,0,0,1,4,0,1,9,4,4,5,7,0,3,0,4,8,2,3,3,3,5,10,1
806,0,0,1,4,0,1,5,1,4,5,1,0,3,0,4,8,2,2,0,2,5,9,1
806,0,0,1,4,0,1,7,2,2,5,1,0,0,3,7,8,2,2,0,2,5,0,2
340,2,0,1,4,0,1,14,6,2,5,0,0,0,3,7,8,2,3,3,3,5,13,2
974,0,3,1,4,0,3,0,7,2,5,0,0,0,0,2,8,1,2,0,1,5,10,2
16,3,0,1,4,0,3,11,6,4,5,7,1,3,0,7,8,1,3,3,3,5,9,1
16,3,1,1,1,0,2,7,6,2,5,7,0,0,3,2,8,2,2,1,2,5,10,2
7,3,0,1,1,0,2,11,6,6,7,1,0,0,3,2,2,2,4,0,2,5,11,2
315,2,1,1,4,0,3,0,12,2,5,0,0,0,3,2,2,2,2,3,3,5,3,2
315,2,1,1,4,0,2,8,6,2,2,0,0,0,3,2,8,2,7,0,2,5,3,2
375,2,3,1,4,0,3,9,7,6,5,7,0,3,0,4,8,2,2,3,3,5,11,2
574,0,3,1,1,0,2,5,2,6,5,7,0,0,3,2,1,2,2,0,1,5,10,2
574,0,1,1,1,0,0,5,6,2,5,7,0,0,3,2,8,2,2,3,3,5,0,2
555,1,2,1,1,0,2,10,7,2,5,2,0,0,3,2,8,2,3,2,2,3,12,2
555,1,1,1,1,0,2,5,6,2,6,7,0,0,3,2,8,1,2,0,2,5,10,2
555,1,1,1,1,0,1,5,6,2,5,7,0,0,3,2,1,1,2,3,3,5,11,2
527,5,0,1,1,0,2,6,6,2,2,7,0,0,3,2,2,3,2,3,3,5,11,2
453,2,2,1,4,0,3,12,6,4,1,7,0,0,3,2,8,3,2,3,3,5,3,2
291,1,2,1,1,2,2,11,12,4,5,7,0,0,0,2,8,2,3,3,3,5,3,2
291,1,2,1,1,0,1,14,2,2,5,7,0,0,0,2,8,2,3,0,2,5,4,2
291,1,0,1,1,0,3,0,6,4,5,7,0,0,0,2,2,2,2,3,3,5,4,2
445,3,1,1,1,0,1,9,7,6,5,1,0,0,0,2,2,2,9,0,2,5,11,2
445,3,2,1,4,0,3,0,2,2,4,1,0,0,3,2,8,1,9,0,2,5,0,2
688,2,0,1,4,0,4,0,7,0,5,0,2,0,3,2,8,1,2,2,1,2,1,2
688,2,0,1,4,0,1,0,7,0,5,0,0,3,0,3,8,2,2,1,2,5,3,2
907,5,0,1,1,0,2,5,6,2,1,0,0,3,0,3,8,2,2,3,3,5,10,2
907,5,1,1,1,0,2,0,7,2,5,0,0,3,0,2,8,2,2,0,2,5,7,2
72,6,1,1,1,0,0,0,7,2,5,0,0,3,0,2,6,2,2,3,3,5,5,2
112,4,0,1,4,0,2,14,6,6,6,1,0,3,3,2,8,2,2,0,2,5,1,2
547,6,0,1,4,0,1,14,4,6,5,7,1,3,3,2,8,2,2,0,2,5,3,2
1006,0,1,1,4,0,2,5,9,4,5,1,0,3,3,2,8,1,2,0,1,5,9,1
1006,0,0,1,4,2,4,0,9,6,5,1,0,0,3,2,8,2,2,3,3,5,0,1
255,6,0,1,2,0,4,9,4,6,5,0,0,0,3,2,8,2,2,2,2,1,17,1
247,0,1,1,4,0,4,0,9,6,5,1,0,0,0,2,6,2,2,0,2,5,3,1
247,0,1,1,4,0,1,5,6,4,5,1,0,0,3,2,8,2,2,1,2,5,10,1
692,5,4,1,4,0,1,0,6,0,0,1,0,0,3,2,1,2,2,0,2,5,0,1
692,5,2,1,4,0,2,6,6,6,5,7,0,3,0,3,8,2,2,3,3,5,11,1
908,4,0,1,4,0,2,0,6,4,5,7,0,0,3,2,1,2,2,3,3,5,0,1
908,4,1,1,4,2,2,0,6,6,5,7,0,0,3,2,8,2,3,3,3,5,10,1
967,6,1,1,3,0,1,11,9,6,5,0,0,0,3,2,8,2,3,0,2,5,0,1
352,5,2,1,4,0,4,0,7,1,5,7,0,0,3,2,8,4,2,1,2,5,10,2
692,0,0,1,4,0,0,0,2,4,5,7,0,0,3,2,8,4,2,0,2,5,10,2
692,0,0,1,1,0,1,7,1,6,5,7,0,0,3,2,2,4,2,3,3,5,0,2
1006,5,2,0,4,0,3,7,6,0,5,0,0,0,0,2,8,2,4,1,2,5,10,2
1006,5,4,0,1,2,1,9,0,4,5,0,0,0,3,2,8,1,2,0,2,5,16,2
1006,5,4,1,4,0,4,0,4,6,5,1,0,3,3,4,8,2,5,0,2,5,13,2
1006,5,4,1,4,0,2,10,9,3,5,1,0,0,0,2,8,2,7,3,3,5,1,2
1006,5,4,1,2,0,3,5,9,4,5,1,0,0,0,2,8,2,2,0,2,5,11,2
928,4,3,1,4,0,2,5,7,4,5,1,0,0,3,2,8,2,4,3,3,5,12,2
928,4,0,1,1,0,0,4,9,6,5,1,0,0,3,2,8,2,3,3,3,5,0,2
612,5,0,1,0,0,0,5,10,4,1,1,0,0,3,2,8,3,4,0,2,5,16,1
415,5,0,0,4,0,3,14,6,0,5,1,0,0,3,2,8,3,3,3,3,5,10,1
415,5,1,1,4,0,0,0,9,4,1,1,0,0,3,2,8,3,2,3,3,5,12,1
415,5,1,1,4,0,2,7,9,6,5,1,0,0,3,2,2,1,2,0,2,5,1,2
323,2,4,1,4,0,1,7,5,6,5,0,0,0,3,2,8,3,3,1,2,5,0,2
1020,2,0,0,4,0,1,0,2,6,5,2,0,0,3,2,8,3,1,0,2,5,3,2
1020,2,2,0,4,0,1,3,6,4,5,2,0,0,3,2,8,2,2,1,2,5,11,2
1020,2,1,0,4,0,3,3,6,2,7,7,0,0,3,2,1,2,2,2,2,5,3,2
103,1,0,1,4,0,0,5,6,2,0,1,0,0,0,2,8,3,3,3,3,5,9,2
103,1,2,1,0,2,0,5,7,4,7,5,0,0,0,2,8,3,2,0,2,5,10,2
204,0,4,1,0,0,5,4,7,4,5,5,0,0,0,2,8,3,2,0,2,5,10,2
204,0,0,1,4,0,0,0,9,2,5,5,0,0,0,2,8,3,2,3,3,5,10,2
344,4,0,1,4,0,2,15,7,2,5,1,0,0,0,2,8,3,2,3,3,5,0,2
344,4,0,1,4,0,3,7,7,4,6,7,0,0,3,2,8,2,2,0,2,5,0,2
344,4,1,1,4,0,3,0,7,2,5,1,0,0,3,2,8,2,3,1,2,5,9,2
77,4,1,1,4,2,2,0,7,4,5,1,0,0,3,2,8,2,2,1,2,5,1,2
77,4,1,1,1,0,1,0,7,0,6,7,0,0,3,2,1,2,2,0,2,5,12,2
300,4,0,1,4,0,1,0,7,2,5,7,0,0,3,2,8,2,3,0,2,5,9,2
300,4,0,1,4,0,4,11,2,2,5,7,0,0,3,2,8,2,3,1,2,5,3,2
501,4,0,1,4,0,1,4,7,4,5,0,0,0,3,0,8,2,2,0,1,5,3,2
803,1,0,2,4,0,1,5,4,2,5,0,0,0,3,0,8,2,2,3,3,5,5,2
803,1,0,1,1,0,2,5,9,0,5,7,0,0,3,2,2,2,2,0,2,5,11,2
803,1,0,1,4,0,3,14,7,2,5,7,0,0,3,2,8,2,2,3,3,5,12,2
450,3,0,1,4,0,1,0,4,5,5,1,0,0,3,2,8,2,2,2,2,1,9,2
450,3,0,1,4,0,2,8,4,0,5,1,0,0,0,2,8,2,2,2,2,5,3,2
450,3,0,1,0,0,1,6,7,2,5,7,0,0,0,2,8,2,2,2,2,5,12,2
48,4,2,1,4,0,1,6,2,4,5,1,0,0,3,2,2,2,4,0,2,5,12,2
1021,0,3,1,4,0,3,14,3,4,7,5,0,0,3,2,8,3,2,0,2,5,3,2
1021,0,0,1,4,0,4,5,6,6,5,2,0,0,3,2,8,3,7,1,2,5,9,2
367,1,0,1,4,0,1,15,7,2,0,2,0,0,3,2,8,3,2,0,2,5,10,2
367,1,0,1,4,0,4,0,6,4,5,1,0,0,3,2,8,2,7,2,2,2,0,2
555,4,0,1,2,0,2,3,6,2,7,1,0,0,3,2,6,2,2,3,3,5,0,2
398,6,0,1,0,0,0,0,7,0,3,1,0,3,3,4,8,1,7,0,2,5,10,2
548,0,0,1,2,0,4,8,7,2,5,7,0,0,3,2,8,2,7,0,2,5,0,2
440,2,0,1,2,0,4,5,6,0,5,7,0,0,3,2,8,2,4,1,2,5,10,2
440,2,2,1,2,0,1,0,6,6,5,1,0,0,3,2,2,2,2,2,2,1,10,2
501,5,0,1,4,0,3,3,7,2,6,1,0,0,3,2,2,2,2,0,2,5,4,2
501,5,0,1,4,0,3,4,2,4,5,1,0,0,3,2,8,3,3,2,2,5,10,2
338,4,1,1,4,0,2,3,4,4,5,7,0,0,3,2,8,3,2,0,2,5,16,2
298,3,3,1,4,0,0,0,6,0,5,7,0,0,3,2,2,3,2,3,3,5,5,2
430,0,1,1,5,0,4,15,2,4,5,7,0,3,3,4,2,2,2,3,3,5,11,2
430,0,1,1,4,0,4,15,6,4,5,0,0,3,3,4,8,2,2,0,2,5,9,2
430,0,1,1,2,0,1,3,6,6,5,0,0,0,3,2,1,2,4,1,2,5,1,1
427,3,3,1,4,0,2,4,6,2,5,7,0,3,3,2,8,2,2,0,2,5,1,2
352,1,0,1,1,0,1,3,9,4,5,7,0,3,3,2,8,2,9,3,3,5,5,2
352,1,1,1,1,2,2,16,6,0,5,7,0,0,3,2,8,2,2,2,2,3,12,2
352,1,0,1,4,0,3,3,6,0,5,7,0,0,3,2,8,2,3,2,2,2,12,2
984,4,0,1,4,0,2,3,7,2,5,7,0,0,3,2,2,2,3,2,2,2,0,1
984,4,0,1,2,0,2,10,7,2,5,7,0,0,3,2,2,2,2,3,3,5,1,1
979,2,0,1,4,0,2,0,9,2,5,0,0,0,3,2,8,1,4,0,2,5,1,1
75,0,1,1,4,0,3,0,2,2,5,0,0,0,3,2,8,1,2,3,3,5,0,1
426,4,1,1,4,0,0,14,6,2,6,7,0,0,3,2,8,2,2,0,2,5,16,1
426,4,1,1,1,0,2,0,9,2,5,7,0,0,3,2,8,2,2,3,3,5,5,1
331,1,0,0,4,0,2,0,2,6,5,0,0,0,3,2,8,1,2,0,2,5,3,1
331,1,0,1,4,0,3,3,7,2,5,7,0,3,3,2,8,3,2,3,3,5,9,2
331,1,0,1,4,0,1,10,6,2,5,7,0,3,3,2,8,3,4,0,2,5,10,2
331,1,1,1,4,2,3,10,7,2,5,7,0,3,3,2,5,3,2,3,3,5,12,2
391,4,0,1,4,0,1,4,7,2,5,1,0,3,3,2,8,3,5,2,2,5,17,2
450,3,1,1,4,0,2,0,7,4,5,7,0,0,3,3,8,2,10,0,2,5,12,2
127,2,4,1,1,0,3,0,7,1,5,7,0,3,3,3,8,2,2,1,2,5,12,2
127,2,1,1,4,0,2,3,6,1,5,3,0,3,3,3,8,2,2,0,2,5,10,2
127,2,1,1,1,0,0,0,4,2,5,0,0,3,3,3,2,2,2,1,2,5,16,2
139,2,2,1,4,0,3,14,9,0,5,0,0,0,3,2,2,2,9,3,3,5,5,1
139,2,2,1,1,2,1,5,6,5,5,1,0,0,3,2,8,2,2,0,2,5,1,1
139,2,0,1,4,0,4,13,2,6,5,0,0,0,3,2,2,3,3,0,2,5,3,2
921,0,1,1,2,0,3,8,1,1,5,0,0,0,3,2,8,3,3,3,3,5,9,2
568,3,0,1,4,0,2,4,0,4,5,0,0,3,3,4,2,2,2,0,2,5,1,2
568,3,1,1,1,0,0,5,7,2,5,7,0,3,3,4,8,2,2,0,2,5,12,2
624,3,2,1,4,0,3,0,7,2,5,7,0,0,3,2,8,3,10,3,3,5,1,2
624,3,2,1,4,0,0,0,6,6,5,7,0,0,3,2,8,3,2,1,2,5,3,2
244,6,0,1,4,0,1,11,7,6,5,0,0,0,0,2,2,4,2,0,2,5,10,2
244,6,4,1,4,0,1,14,7,6,5,0,0,0,0,2,8,4,2,3,3,5,7,2
244,6,4,1,4,0,3,0,7,4,5,0,0,0,0,2,8,4,8,0,2,5,16,2
233,3,3,1,4,0,0,2,7,6,5,0,0,0,3,2,8,3,9,0,2,5,3,2
233,3,0,1,0,2,0,0,9,4,5,1,0,0,3,2,8,3,1,3,3,5,5,2
915,0,0,1,0,0,5,5,2,4,5,0,0,0,3,2,8,3,3,3,3,5,9,2
915,0,0,1,4,0,0,0,6,0,5,0,0,0,3,2,8,2,3,0,2,5,17,2
327,4,1,1,4,0,2,10,2,6,5,3,0,0,3,2,8,2,2,0,2,5,5,2
599,0,2,1,4,0,3,13,7,2,5,3,0,0,3,2,8,2,9,3,3,5,1,2
599,0,1,1,4,2,2,10,12,6,3,7,0,0,3,2,2,2,2,0,2,5,10,2
451,4,2,1,4,0,1,5,7,6,3,7,0,0,3,2,2,2,2,2,1,5,12,2
451,4,1,1,4,0,4,5,6,4,5,7,0,0,3,2,8,2,2,2,1,5,9,2
264,0,0,1,4,0,1,9,7,4,5,1,0,0,3,2,8,1,10,2,2,1,9,1
150,3,0,1,1,0,2,5,6,4,5,7,0,0,3,2,1,2,2,0,2,5,0,2
911,5,0,1,4,0,3,9,7,0,5,7,0,0,3,2,8,3,3,0,2,5,0,2
959,6,1,1,4,0,1,0,6,2,5,7,0,0,3,2,8,3,2,0,2,5,1,2
959,6,0,1,4,0,2,8,6,2,5,7,0,0,3,2,1,1,2,3,3,5,1,2
964,6,0,1,0,0,1,14,7,4,7,7,0,0,3,2,2,2,9,3,3,5,3,2
848,3,4,1,4,0,1,5,12,0,5,1,0,0,3,2,8,3,2,2,2,5,12,2
664,4,0,1,2,0,4,8,9,0,5,1,0,0,3,2,8,3,2,0,2,5,5,2
400,0,1,0,2,0,4,8,6,2,5,0,0,0,3,2,8,3,2,3,3,5,1,2
400,0,1,1,2,0,1,7,6,2,5,7,0,0,3,2,6,2,4,3,3,5,1,2
400,0,4,1,4,0,3,0,6,2,5,5,0,0,0,2,2,1,2,2,2,1,9,1
612,1,0,1,4,0,2,6,6,2,6,7,0,0,3,2,1,3,2,2,2,5,12,2
612,1,0,1,4,0,0,0,6,2,6,7,0,0,3,2,8,3,1,3,3,5,10,2
612,1,0,1,5,0,4,0,6,2,5,1,0,0,3,2,8,3,2,0,2,5,3,2
323,5,1,1,4,0,4,9,7,2,5,7,0,0,0,2,8,2,2,0,2,5,0,2
614,4,1,1,2,0,1,3,9,0,5,7,0,0,0,2,8,2,2,3,3,5,12,2
614,4,1,1,4,2,0,0,2,4,5,7,0,0,3,2,8,1,2,0,2,5,12,1
199,3,1,1,4,0,2,0,7,2,5,7,0,0,3,2,8,1,2,3,3,5,10,1
199,3,1,1,1,0,1,11,1,2,5,7,0,0,3,2,8,2,1,3,3,5,4,2
375,5,1,1,4,0,3,5,4,4,6,7,0,0,0,2,6,1,2,0,2,5,3,0
375,5,1,1,4,0,2,0,7,2,5,7,0,0,3,2,8,1,4,0,2,5,1,2
313,1,1,1,2,0,2,10,7,6,5,7,0,0,3,2,1,2,2,0,2,5,3,2
445,6,0,1,4,0,2,0,2,6,5,7,0,0,3,2,8,2,2,0,2,5,0,2
494,5,0,1,4,0,3,11,2,4,5,2,0,0,3,2,8,2,2,3,3,5,3,2
494,5,1,1,4,0,1,0,7,1,5,2,0,3,3,4,1,2,2,0,2,5,5,0
497,2,1,1,1,0,2,8,6,4,5,7,0,3,3,4,8,2,2,0,2,5,3,0
147,0,0,1,4,0,2,9,2,2,5,7,0,0,3,2,8,1,2,3,3,5,4,2
147,0,0,1,4,0,3,0,6,2,5,7,0,0,3,2,8,1,2,0,2,5,16,2
306,1,0,1,4,0,1,0,6,4,7,1,0,0,3,2,2,2,2,3,3,5,10,2
306,1,0,1,4,2,3,0,7,4,5,1,0,3,3,4,8,2,2,0,2,5,3,2
306,1,2,1,4,0,1,14,9,2,5,1,0,3,0,3,8,2,2,3,3,5,12,2
306,1,2,1,1,1,2,7,6,2,6,7,0,3,0,3,8,2,2,3,3,5,12,2
978,4,0,1,1,0,2,7,9,6,5,7,0,0,3,2,8,2,2,3,3,5,12,2
522,2,0,1,4,0,2,10,7,0,5,7,0,3,3,4,8,2,3,0,2,5,10,2
522,2,0,1,1,0,3,5,3,1,5,7,0,3,3,4,8,2,3,3,3,5,9,2
940,1,1,1,4,0,2,0,7,4,5,1,0,0,3,2,8,3,4,3,3,5,0,2
453,2,0,1,1,0,0,0,1,1,6,1,0,0,3,2,8,3,4,0,2,5,0,2
641,5,0,1,4,0,3,5,7,4,5,7,0,0,3,2,8,2,2,0,2,5,9,2
247,2,1,1,2,2,1,5,7,4,5,2,0,0,3,2,8,1,4,3,3,5,0,2
247,2,0,1,4,0,0,5,6,2,5,2,0,0,3,2,8,1,4,3,3,5,10,1
286,0,2,1,4,0,0,11,7,2,6,7,0,0,3,2,8,1,2,0,2,5,12,2
372,5,2,1,0,2,1,9,9,2,5,7,0,0,3,2,2,2,7,3,3,5,1,2
241,2,1,1,1,2,1,9,7,4,5,1,0,0,3,2,8,1,9,3,3,5,10,2
241,2,1,1,4,0,0,7,2,4,5,1,0,0,3,2,8,2,2,0,2,5,7,2
324,1,1,1,4,0,4,14,12,6,5,7,0,0,3,2,1,1,2,0,1,5,0,2
324,1,2,1,4,0,1,0,7,4,5,7,0,3,3,4,8,2,2,1,1,5,10,2
163,4,0,1,4,0,2,5,6,4,5,7,0,3,3,4,8,2,2,3,3,5,3,2
506,6,0,1,4,0,3,13,9,6,3,7,3,3,3,4,8,2,2,0,2,5,10,2
506,6,1,1,1,0,1,5,4,1,5,7,0,3,3,4,8,2,2,3,3,5,1,2
531,5,1,1,1,2,3,5,7,4,5,7,0,0,3,2,8,1,2,0,2,5,16,1
430,0,1,1,4,0,0,11,9,4,5,7,0,0,3,7,8,1,2,3,3,5,3,1
430,0,1,1,4,0,2,0,1,2,5,7,0,3,2,4,8,1,4,3,3,5,9,1
181,0,1,1,4,0,1,0,6,6,5,0,0,0,3,2,8,2,2,0,2,5,10,2
890,0,0,1,4,0,1,0,5,2,5,3,0,0,3,2,1,2,2,0,2,5,16,2
890,0,0,1,4,0,1,11,5,2,5,3,0,0,3,2,8,2,3,1,2,5,3,2
415,0,0,1,4,0,1,4,5,4,5,3,0,0,3,2,8,2,2,3,3,5,3,2
415,0,1,1,4,0,3,8,5,4,5,3,0,0,3,2,8,1,3,3,3,5,9,2
415,0,0,1,4,0,3,4,5,6,3,1,1,3,0,2,8,2,4,3,3,5,3,2
988,0,1,0,1,0,2,8,12,6,3,1,0,3,0,2,2,2,2,0,2,5,4,2
463,3,4,1,1,0,2,0,5,2,0,1,0,0,3,2,8,2,4,3,3,5,10,2
242,3,2,1,4,0,2,1,5,2,7,1,0,0,3,2,8,1,4,0,2,5,1,1
242,3,0,0,4,0,3,5,6,4,7,1,0,0,0,2,8,2,4,3,3,5,5,2
242,3,0,1,4,0,2,7,5,4,7,2,0,0,0,2,8,2,8,2,2,1,1,2